frame_idx,time_sec,face_detected,state,confidence,risk_score,risk_level,danger_counter,warning,input_mode,attention_boxes
0,0.0,True,c9_talking,0.414278507232666,0.6127,yellow,0,False,driver_roi,[]
1,0.017,True,c9_talking,0.414278507232666,0.6127,yellow,0,False,driver_roi,[]
2,0.033,True,c9_talking,0.4424858093261719,0.5985,yellow,0,False,driver_roi,[]
3,0.05,True,c9_talking,0.4424858093261719,0.5985,yellow,0,False,driver_roi,[]
4,0.067,True,c9_talking,0.45520710945129395,0.5998,yellow,0,False,driver_roi,[]
5,0.083,True,c9_talking,0.45520710945129395,0.5998,yellow,0,False,driver_roi,[]
6,0.1,True,c9_talking,0.46594879031181335,0.6048,yellow,0,False,driver_roi,[]
7,0.117,True,c9_talking,0.46594879031181335,0.6048,yellow,0,False,driver_roi,[]
8,0.133,True,c9_talking,0.4440261423587799,0.6085,yellow,0,False,driver_roi,[]
9,0.15,True,c9_talking,0.4440261423587799,0.6085,yellow,0,False,driver_roi,[]
10,0.167,True,c9_talking,0.42324361205101013,0.6107,yellow,0,False,driver_roi,[]
11,0.184,True,c9_talking,0.42324361205101013,0.6107,yellow,0,False,driver_roi,[]
12,0.2,True,c9_talking,0.42214471101760864,0.6113,yellow,0,False,driver_roi,[]
13,0.217,True,c9_talking,0.42214471101760864,0.6113,yellow,0,False,driver_roi,[]
14,0.234,True,c9_talking,0.42194148898124695,0.611,yellow,0,False,driver_roi,[]
15,0.25,True,c9_talking,0.42194148898124695,0.611,yellow,0,False,driver_roi,[]
16,0.267,True,c9_talking,0.4184145927429199,0.6106,yellow,0,False,driver_roi,[]
17,0.284,True,c9_talking,0.4184145927429199,0.6106,yellow,0,False,driver_roi,[]
18,0.3,True,c9_talking,0.4160704016685486,0.6102,yellow,0,False,driver_roi,[]
19,0.317,True,c9_talking,0.4160704016685486,0.6102,yellow,0,False,driver_roi,[]
20,0.334,True,c9_talking,0.4293418824672699,0.6093,yellow,0,False,driver_roi,[]
21,0.35,True,c9_talking,0.4293418824672699,0.6093,yellow,0,False,driver_roi,[]
22,0.367,True,c9_talking,0.43824949860572815,0.6069,yellow,0,False,driver_roi,[]
23,0.384,True,c9_talking,0.43824949860572815,0.6069,yellow,0,False,driver_roi,[]
24,0.4,True,c9_talking,0.4375297427177429,0.603,yellow,0,False,driver_roi,[]
25,0.417,True,c9_talking,0.4375297427177429,0.603,yellow,0,False,driver_roi,[]
26,0.434,True,c9_talking,0.43308183550834656,0.5996,yellow,0,False,driver_roi,[]
27,0.45,True,c9_talking,0.43308183550834656,0.5996,yellow,0,False,driver_roi,[]
28,0.467,True,c9_talking,0.4153204560279846,0.5958,yellow,0,False,driver_roi,[]
29,0.484,True,c9_talking,0.4153204560279846,0.5958,yellow,0,False,driver_roi,[]
30,0.5,True,c9_talking,0.3957422077655792,0.5947,yellow,0,False,driver_roi,[]
31,0.517,True,c9_talking,0.3957422077655792,0.5947,yellow,0,False,driver_roi,[]
32,0.534,True,c9_talking,0.37699365615844727,0.5942,yellow,0,False,driver_roi,[]
33,0.551,True,c9_talking,0.37699365615844727,0.5942,yellow,0,False,driver_roi,[]
34,0.567,True,c9_talking,0.36180874705314636,0.5926,yellow,0,False,driver_roi,[]
35,0.584,True,c9_talking,0.36180874705314636,0.5926,yellow,0,False,driver_roi,[]
36,0.601,True,c9_talking,0.3510178327560425,0.5907,yellow,0,False,driver_roi,[]
37,0.617,True,c9_talking,0.3510178327560425,0.5907,yellow,0,False,driver_roi,[]
38,0.634,True,c9_talking,0.3429804742336273,0.5868,yellow,0,False,driver_roi,[]
39,0.651,True,c9_talking,0.3429804742336273,0.5868,yellow,0,False,driver_roi,[]
40,0.667,True,c9_talking,0.3320775330066681,0.5849,yellow,0,False,driver_roi,[]
41,0.684,True,c9_talking,0.3320775330066681,0.5849,yellow,0,False,driver_roi,[]
42,0.701,True,c5_radio,0.34608203172683716,0.5839,yellow,0,False,driver_roi,[]
43,0.717,True,c5_radio,0.34608203172683716,0.5839,yellow,0,False,driver_roi,[]
44,0.734,True,c5_radio,0.36131149530410767,0.5833,yellow,0,False,driver_roi,[]
45,0.751,True,c5_radio,0.36131149530410767,0.5833,yellow,0,False,driver_roi,[]
46,0.767,True,c5_radio,0.37863805890083313,0.5833,yellow,0,False,driver_roi,[]
47,0.784,True,c5_radio,0.37863805890083313,0.5833,yellow,0,False,driver_roi,[]
48,0.801,True,c5_radio,0.3939928710460663,0.5834,yellow,0,False,driver_roi,[]
49,0.817,True,c5_radio,0.3939928710460663,0.5834,yellow,0,False,driver_roi,[]
50,0.834,True,c5_radio,0.4079243540763855,0.583,yellow,0,False,driver_roi,[]
51,0.851,True,c5_radio,0.4079243540763855,0.583,yellow,0,False,driver_roi,[]
52,0.867,True,c5_radio,0.41543954610824585,0.5817,yellow,0,False,driver_roi,[]
53,0.884,True,c5_radio,0.41543954610824585,0.5817,yellow,0,False,driver_roi,[]
54,0.901,True,c5_radio,0.42876243591308594,0.5815,yellow,0,False,driver_roi,[]
55,0.918,True,c5_radio,0.42876243591308594,0.5815,yellow,0,False,driver_roi,[]
56,0.934,True,c5_radio,0.43970561027526855,0.5809,yellow,0,False,driver_roi,[]
57,0.951,True,c5_radio,0.43970561027526855,0.5809,yellow,0,False,driver_roi,[]
58,0.968,True,c5_radio,0.44499486684799194,0.5785,yellow,0,False,driver_roi,[]
59,0.984,True,c5_radio,0.44499486684799194,0.5785,yellow,0,False,driver_roi,[]
60,1.001,True,c5_radio,0.4523293077945709,0.5734,yellow,0,False,driver_roi,[]
61,1.018,True,c5_radio,0.4523293077945709,0.5734,yellow,0,False,driver_roi,[]
62,1.034,True,c5_radio,0.46544787287712097,0.572,yellow,0,False,driver_roi,[]
63,1.051,True,c5_radio,0.46544787287712097,0.572,yellow,0,False,driver_roi,[]
64,1.068,True,c5_radio,0.47745224833488464,0.5689,yellow,0,False,driver_roi,[]
65,1.084,True,c5_radio,0.47745224833488464,0.5689,yellow,0,False,driver_roi,[]
66,1.101,True,c5_radio,0.48883119225502014,0.5653,yellow,0,False,driver_roi,[]
67,1.118,True,c5_radio,0.48883119225502014,0.5653,yellow,0,False,driver_roi,[]
68,1.134,True,c5_radio,0.49946674704551697,0.5628,yellow,0,False,driver_roi,[]
69,1.151,True,c5_radio,0.49946674704551697,0.5628,yellow,0,False,driver_roi,[]
70,1.168,True,c5_radio,0.5121384859085083,0.5615,yellow,0,False,driver_roi,[]
71,1.184,True,c5_radio,0.5121384859085083,0.5615,yellow,0,False,driver_roi,[]
72,1.201,True,c5_radio,0.5259023308753967,0.5608,yellow,0,False,driver_roi,[]
73,1.218,True,c5_radio,0.5259023308753967,0.5608,yellow,0,False,driver_roi,[]
74,1.234,True,c5_radio,0.5429022312164307,0.56,yellow,0,False,driver_roi,[]
75,1.251,True,c5_radio,0.5429022312164307,0.56,yellow,0,False,driver_roi,[]
76,1.268,True,c5_radio,0.5579331517219543,0.5581,yellow,0,False,driver_roi,[]
77,1.285,True,c5_radio,0.5579331517219543,0.5581,yellow,0,False,driver_roi,[]
78,1.301,True,c5_radio,0.5723416805267334,0.5559,yellow,0,False,driver_roi,[]
79,1.318,True,c5_radio,0.5723416805267334,0.5559,yellow,0,False,driver_roi,[]
80,1.335,True,c5_radio,0.5850946307182312,0.5538,yellow,0,False,driver_roi,[]
81,1.351,True,c5_radio,0.5850946307182312,0.5538,yellow,0,False,driver_roi,[]
82,1.368,True,c5_radio,0.5980855226516724,0.5528,yellow,0,False,driver_roi,[]
83,1.385,True,c5_radio,0.5980855226516724,0.5528,yellow,0,False,driver_roi,[]
84,1.401,True,c5_radio,0.6055551767349243,0.552,yellow,0,False,driver_roi,[]
85,1.418,True,c5_radio,0.6055551767349243,0.552,yellow,0,False,driver_roi,[]
86,1.435,True,c5_radio,0.6103147268295288,0.5509,yellow,0,False,driver_roi,[]
87,1.451,True,c5_radio,0.6103147268295288,0.5509,yellow,0,False,driver_roi,[]
88,1.468,True,c5_radio,0.6083743572235107,0.5501,yellow,0,False,driver_roi,[]
89,1.485,True,c5_radio,0.6083743572235107,0.5501,yellow,0,False,driver_roi,[]
90,1.501,True,c5_radio,0.6041662693023682,0.5483,yellow,0,False,driver_roi,[]
91,1.518,True,c5_radio,0.6041662693023682,0.5483,yellow,0,False,driver_roi,[]
92,1.535,True,c5_radio,0.5959411859512329,0.5457,yellow,0,False,driver_roi,[]
93,1.551,True,c5_radio,0.5959411859512329,0.5457,yellow,0,False,driver_roi,[]
94,1.568,True,c5_radio,0.5877329707145691,0.5441,yellow,0,False,driver_roi,[]
95,1.585,True,c5_radio,0.5877329707145691,0.5441,yellow,0,False,driver_roi,[]
96,1.601,True,c5_radio,0.5768023729324341,0.544,yellow,0,False,driver_roi,[]
97,1.618,True,c5_radio,0.5768023729324341,0.544,yellow,0,False,driver_roi,[]
98,1.635,True,c5_radio,0.5666295886039734,0.5467,yellow,0,False,driver_roi,[]
99,1.652,True,c5_radio,0.5666295886039734,0.5467,yellow,0,False,driver_roi,[]
100,1.668,True,c5_radio,0.5518858432769775,0.5484,yellow,0,False,driver_roi,[]
101,1.685,True,c5_radio,0.5518858432769775,0.5484,yellow,0,False,driver_roi,[]
102,1.702,True,c5_radio,0.5362237095832825,0.5497,yellow,0,False,driver_roi,[]
103,1.718,True,c5_radio,0.5362237095832825,0.5497,yellow,0,False,driver_roi,[]
104,1.735,True,c5_radio,0.5220377445220947,0.5493,yellow,0,False,driver_roi,[]
105,1.752,True,c5_radio,0.5220377445220947,0.5493,yellow,0,False,driver_roi,[]
106,1.768,True,c5_radio,0.5102750062942505,0.5486,yellow,0,False,driver_roi,[]
107,1.785,True,c5_radio,0.5102750062942505,0.5486,yellow,0,False,driver_roi,[]
108,1.802,True,c5_radio,0.5002080798149109,0.5478,yellow,0,False,driver_roi,[]
109,1.818,True,c5_radio,0.5002080798149109,0.5478,yellow,0,False,driver_roi,[]
110,1.835,True,c5_radio,0.4945228397846222,0.5487,yellow,0,False,driver_roi,[]
111,1.852,True,c5_radio,0.4945228397846222,0.5487,yellow,0,False,driver_roi,[]
112,1.868,True,c5_radio,0.4967067539691925,0.5509,yellow,0,False,driver_roi,[]
113,1.885,True,c5_radio,0.4967067539691925,0.5509,yellow,0,False,driver_roi,[]
114,1.902,True,c5_radio,0.49148204922676086,0.5523,yellow,0,False,driver_roi,[]
115,1.918,True,c5_radio,0.49148204922676086,0.5523,yellow,0,False,driver_roi,[]
116,1.935,True,c5_radio,0.48496702313423157,0.5515,yellow,0,False,driver_roi,[]
117,1.952,True,c5_radio,0.48496702313423157,0.5515,yellow,0,False,driver_roi,[]
118,1.969,True,c5_radio,0.48354291915893555,0.5532,yellow,0,False,driver_roi,[]
119,1.985,True,c5_radio,0.48354291915893555,0.5532,yellow,0,False,driver_roi,[]
120,2.002,True,c5_radio,0.4840189516544342,0.5555,yellow,0,False,driver_roi,[]
121,2.019,True,c5_radio,0.4840189516544342,0.5555,yellow,0,False,driver_roi,[]
122,2.035,True,c5_radio,0.4790073037147522,0.5556,yellow,0,False,driver_roi,[]
123,2.052,True,c5_radio,0.4790073037147522,0.5556,yellow,0,False,driver_roi,[]
124,2.069,True,c5_radio,0.4804414212703705,0.5585,yellow,0,False,driver_roi,[]
125,2.085,True,c5_radio,0.4804414212703705,0.5585,yellow,0,False,driver_roi,[]
126,2.102,True,c5_radio,0.4871692657470703,0.5617,yellow,0,False,driver_roi,[]
127,2.119,True,c5_radio,0.4871692657470703,0.5617,yellow,0,False,driver_roi,[]
128,2.135,True,c5_radio,0.4903945326805115,0.5635,yellow,0,False,driver_roi,[]
129,2.152,True,c5_radio,0.4903945326805115,0.5635,yellow,0,False,driver_roi,[]
130,2.169,True,c5_radio,0.49178972840309143,0.5639,yellow,0,False,driver_roi,[]
131,2.185,True,c5_radio,0.49178972840309143,0.5639,yellow,0,False,driver_roi,[]
132,2.202,True,c5_radio,0.4915127456188202,0.564,yellow,0,False,driver_roi,[]
133,2.219,True,c5_radio,0.4915127456188202,0.564,yellow,0,False,driver_roi,[]
134,2.235,True,c5_radio,0.4858969748020172,0.5644,yellow,0,False,driver_roi,[]
135,2.252,True,c5_radio,0.4858969748020172,0.5644,yellow,0,False,driver_roi,[]
136,2.269,True,c5_radio,0.4858050048351288,0.5662,yellow,0,False,driver_roi,[]
137,2.285,True,c5_radio,0.4858050048351288,0.5662,yellow,0,False,driver_roi,[]
138,2.302,True,c5_radio,0.4844764769077301,0.5681,yellow,0,False,driver_roi,[]
139,2.319,True,c5_radio,0.4844764769077301,0.5681,yellow,0,False,driver_roi,[]
140,2.336,True,c5_radio,0.4883332848548889,0.5701,yellow,0,False,driver_roi,[]
141,2.352,True,c5_radio,0.4883332848548889,0.5701,yellow,0,False,driver_roi,[]
142,2.369,True,c5_radio,0.4906678795814514,0.5719,yellow,0,False,driver_roi,[]
143,2.386,True,c5_radio,0.4906678795814514,0.5719,yellow,0,False,driver_roi,[]
144,2.402,True,c5_radio,0.4942854046821594,0.5744,yellow,0,False,driver_roi,[]
145,2.419,True,c5_radio,0.4942854046821594,0.5744,yellow,0,False,driver_roi,[]
146,2.436,True,c5_radio,0.5017611384391785,0.577,yellow,0,False,driver_roi,[]
147,2.452,True,c5_radio,0.5017611384391785,0.577,yellow,0,False,driver_roi,[]
148,2.469,True,c5_radio,0.5096785426139832,0.5799,yellow,0,False,driver_roi,[]
149,2.486,True,c5_radio,0.5096785426139832,0.5799,yellow,0,False,driver_roi,[]
150,2.502,True,c5_radio,0.5160232186317444,0.5822,yellow,0,False,driver_roi,[]
151,2.519,True,c5_radio,0.5160232186317444,0.5822,yellow,0,False,driver_roi,[]
152,2.536,True,c5_radio,0.5237756967544556,0.5855,yellow,0,False,driver_roi,[]
153,2.552,True,c5_radio,0.5237756967544556,0.5855,yellow,0,False,driver_roi,[]
154,2.569,True,c5_radio,0.5341139435768127,0.5885,yellow,0,False,driver_roi,[]
155,2.586,True,c5_radio,0.5341139435768127,0.5885,yellow,0,False,driver_roi,[]
156,2.602,True,c5_radio,0.5470504760742188,0.5902,yellow,0,False,driver_roi,[]
157,2.619,True,c5_radio,0.5470504760742188,0.5902,yellow,0,False,driver_roi,[]
158,2.636,True,c5_radio,0.559521496295929,0.5892,yellow,0,False,driver_roi,[]
159,2.652,True,c5_radio,0.559521496295929,0.5892,yellow,0,False,driver_roi,[]
160,2.669,True,c5_radio,0.5776487588882446,0.5898,yellow,0,False,driver_roi,[]
161,2.686,True,c5_radio,0.5776487588882446,0.5898,yellow,0,False,driver_roi,[]
162,2.703,True,c5_radio,0.598396897315979,0.5905,yellow,0,False,driver_roi,[]
163,2.719,True,c5_radio,0.598396897315979,0.5905,yellow,0,False,driver_roi,[]
164,2.736,True,c5_radio,0.6184488534927368,0.5923,yellow,0,False,driver_roi,[]
165,2.753,True,c5_radio,0.6184488534927368,0.5923,yellow,0,False,driver_roi,[]
166,2.769,True,c5_radio,0.6331741213798523,0.5944,yellow,0,False,driver_roi,[]
167,2.786,True,c5_radio,0.6331741213798523,0.5944,yellow,0,False,driver_roi,[]
168,2.803,True,c5_radio,0.6390150189399719,0.5946,yellow,0,False,driver_roi,[]
169,2.819,True,c5_radio,0.6390150189399719,0.5946,yellow,0,False,driver_roi,[]
170,2.836,True,c5_radio,0.6394601464271545,0.5927,yellow,0,False,driver_roi,[]
171,2.853,True,c5_radio,0.6394601464271545,0.5927,yellow,0,False,driver_roi,[]
172,2.869,True,c5_radio,0.6305065751075745,0.5891,yellow,0,False,driver_roi,[]
173,2.886,True,c5_radio,0.6305065751075745,0.5891,yellow,0,False,driver_roi,[]
174,2.903,True,c5_radio,0.6274725794792175,0.5862,yellow,0,False,driver_roi,[]
175,2.919,True,c5_radio,0.6274725794792175,0.5862,yellow,0,False,driver_roi,[]
176,2.936,True,c5_radio,0.6231845021247864,0.5838,yellow,0,False,driver_roi,[]
177,2.953,True,c5_radio,0.6231845021247864,0.5838,yellow,0,False,driver_roi,[]
178,2.969,True,c5_radio,0.6178387999534607,0.581,yellow,0,False,driver_roi,[]
179,2.986,True,c5_radio,0.6178387999534607,0.581,yellow,0,False,driver_roi,[]
180,3.003,True,c5_radio,0.6154831647872925,0.5809,yellow,0,False,driver_roi,[]
181,3.019,True,c5_radio,0.6154831647872925,0.5809,yellow,0,False,driver_roi,[]
182,3.036,True,c5_radio,0.6151623129844666,0.5801,yellow,0,False,driver_roi,[]
183,3.053,True,c5_radio,0.6151623129844666,0.5801,yellow,0,False,driver_roi,[]
184,3.07,True,c5_radio,0.6166536808013916,0.5784,yellow,0,False,driver_roi,[]
185,3.086,True,c5_radio,0.6166536808013916,0.5784,yellow,0,False,driver_roi,[]
186,3.103,True,c5_radio,0.6130996346473694,0.5756,yellow,0,False,driver_roi,[]
187,3.12,True,c5_radio,0.6130996346473694,0.5756,yellow,0,False,driver_roi,[]
188,3.136,True,c5_radio,0.6103196740150452,0.5734,yellow,0,False,driver_roi,[]
189,3.153,True,c5_radio,0.6103196740150452,0.5734,yellow,0,False,driver_roi,[]
190,3.17,True,c5_radio,0.6130104064941406,0.5724,yellow,0,False,driver_roi,[]
191,3.186,True,c5_radio,0.6130104064941406,0.5724,yellow,0,False,driver_roi,[]
192,3.203,True,c5_radio,0.6149499416351318,0.5708,yellow,0,False,driver_roi,[]
193,3.22,True,c5_radio,0.6149499416351318,0.5708,yellow,0,False,driver_roi,[]
194,3.236,True,c5_radio,0.6225764155387878,0.5696,yellow,0,False,driver_roi,[]
195,3.253,True,c5_radio,0.6225764155387878,0.5696,yellow,0,False,driver_roi,[]
196,3.27,True,c5_radio,0.6218235492706299,0.5672,yellow,0,False,driver_roi,[]
197,3.286,True,c5_radio,0.6218235492706299,0.5672,yellow,0,False,driver_roi,[]
198,3.303,True,c5_radio,0.6240787506103516,0.5653,yellow,0,False,driver_roi,[]
199,3.32,True,c5_radio,0.6240787506103516,0.5653,yellow,0,False,driver_roi,[]
200,3.336,True,c5_radio,0.6225882172584534,0.5619,yellow,0,False,driver_roi,[]
201,3.353,True,c5_radio,0.6225882172584534,0.5619,yellow,0,False,driver_roi,[]
202,3.37,True,c5_radio,0.6234127879142761,0.5596,yellow,0,False,driver_roi,[]
203,3.386,True,c5_radio,0.6234127879142761,0.5596,yellow,0,False,driver_roi,[]
204,3.403,True,c5_radio,0.6269004344940186,0.5574,yellow,0,False,driver_roi,[]
205,3.42,True,c5_radio,0.6269004344940186,0.5574,yellow,0,False,driver_roi,[]
206,3.437,True,c5_radio,0.6261920928955078,0.5545,yellow,0,False,driver_roi,[]
207,3.453,True,c5_radio,0.6261920928955078,0.5545,yellow,0,False,driver_roi,[]
208,3.47,True,c5_radio,0.6240281462669373,0.551,yellow,0,False,driver_roi,[]
209,3.487,True,c5_radio,0.6240281462669373,0.551,yellow,0,False,driver_roi,[]
210,3.503,True,c5_radio,0.6206597089767456,0.547,yellow,0,False,driver_roi,[]
211,3.52,True,c5_radio,0.6206597089767456,0.547,yellow,0,False,driver_roi,[]
212,3.537,True,c5_radio,0.613212525844574,0.5414,yellow,0,False,driver_roi,[]
213,3.553,True,c5_radio,0.613212525844574,0.5414,yellow,0,False,driver_roi,[]
214,3.57,True,c5_radio,0.5996368527412415,0.5333,yellow,0,False,driver_roi,[]
215,3.587,True,c5_radio,0.5996368527412415,0.5333,yellow,0,False,driver_roi,[]
216,3.603,True,c5_radio,0.588888943195343,0.5265,yellow,0,False,driver_roi,[]
217,3.62,True,c5_radio,0.588888943195343,0.5265,yellow,0,False,driver_roi,[]
218,3.637,True,c5_radio,0.5838130712509155,0.5228,yellow,0,False,driver_roi,[]
219,3.653,True,c5_radio,0.5838130712509155,0.5228,yellow,0,False,driver_roi,[]
220,3.67,True,c5_radio,0.570534348487854,0.5156,yellow,0,False,driver_roi,[]
221,3.687,True,c5_radio,0.570534348487854,0.5156,yellow,0,False,driver_roi,[]
222,3.703,True,c5_radio,0.552203893661499,0.5078,yellow,0,False,driver_roi,[]
223,3.72,True,c5_radio,0.552203893661499,0.5078,yellow,0,False,driver_roi,[]
224,3.737,True,c5_radio,0.5329122543334961,0.5009,yellow,0,False,driver_roi,[]
225,3.753,True,c5_radio,0.5329122543334961,0.5009,yellow,0,False,driver_roi,[]
226,3.77,True,c5_radio,0.5179182887077332,0.4958,yellow,0,False,driver_roi,[]
227,3.787,True,c5_radio,0.5179182887077332,0.4958,yellow,0,False,driver_roi,[]
228,3.804,True,c5_radio,0.5112543702125549,0.492,yellow,0,False,driver_roi,[]
229,3.82,True,c5_radio,0.5112543702125549,0.492,yellow,0,False,driver_roi,[]
230,3.837,True,c5_radio,0.5089672207832336,0.4903,yellow,0,False,driver_roi,[]
231,3.854,True,c5_radio,0.5089672207832336,0.4903,yellow,0,False,driver_roi,[]
232,3.87,True,c5_radio,0.5101848244667053,0.4882,yellow,0,False,driver_roi,[]
233,3.887,True,c5_radio,0.5101848244667053,0.4882,yellow,0,False,driver_roi,[]
234,3.904,True,c5_radio,0.5117369294166565,0.4876,yellow,0,False,driver_roi,[]
235,3.92,True,c5_radio,0.5117369294166565,0.4876,yellow,0,False,driver_roi,[]
236,3.937,True,c5_radio,0.5122849345207214,0.4879,yellow,0,False,driver_roi,[]
237,3.954,True,c5_radio,0.5122849345207214,0.4879,yellow,0,False,driver_roi,[]
238,3.97,True,c5_radio,0.5135530829429626,0.4875,yellow,0,False,driver_roi,[]
239,3.987,True,c5_radio,0.5135530829429626,0.4875,yellow,0,False,driver_roi,[]
240,4.004,True,c5_radio,0.5170140862464905,0.4852,yellow,0,False,driver_roi,[]
241,4.02,True,c5_radio,0.5170140862464905,0.4852,yellow,0,False,driver_roi,[]
242,4.037,True,c5_radio,0.5229690670967102,0.4843,yellow,0,False,driver_roi,[]
243,4.054,True,c5_radio,0.5229690670967102,0.4843,yellow,0,False,driver_roi,[]
244,4.07,True,c5_radio,0.5251457691192627,0.483,yellow,0,False,driver_roi,[]
245,4.087,True,c5_radio,0.5251457691192627,0.483,yellow,0,False,driver_roi,[]
246,4.104,True,c5_radio,0.5263882875442505,0.4823,yellow,0,False,driver_roi,[]
247,4.121,True,c5_radio,0.5263882875442505,0.4823,yellow,0,False,driver_roi,[]
248,4.137,True,c5_radio,0.5274593234062195,0.4812,yellow,0,False,driver_roi,[]
249,4.154,True,c5_radio,0.5274593234062195,0.4812,yellow,0,False,driver_roi,[]
250,4.171,True,c5_radio,0.528805136680603,0.4807,yellow,0,False,driver_roi,[]
251,4.187,True,c5_radio,0.528805136680603,0.4807,yellow,0,False,driver_roi,[]
252,4.204,True,c5_radio,0.531581699848175,0.4814,yellow,0,False,driver_roi,[]
253,4.221,True,c5_radio,0.531581699848175,0.4814,yellow,0,False,driver_roi,[]
254,4.237,True,c5_radio,0.5328167676925659,0.4819,yellow,0,False,driver_roi,[]
255,4.254,True,c5_radio,0.5328167676925659,0.4819,yellow,0,False,driver_roi,[]
256,4.271,True,c5_radio,0.537181556224823,0.4826,yellow,0,False,driver_roi,[]
257,4.287,True,c5_radio,0.537181556224823,0.4826,yellow,0,False,driver_roi,[]
258,4.304,True,c5_radio,0.538239061832428,0.4821,yellow,0,False,driver_roi,[]
259,4.321,True,c5_radio,0.538239061832428,0.4821,yellow,0,False,driver_roi,[]
260,4.337,True,c5_radio,0.5354589223861694,0.4808,yellow,0,False,driver_roi,[]
261,4.354,True,c5_radio,0.5354589223861694,0.4808,yellow,0,False,driver_roi,[]
262,4.371,True,c5_radio,0.5292273759841919,0.4801,yellow,0,False,driver_roi,[]
263,4.387,True,c5_radio,0.5292273759841919,0.4801,yellow,0,False,driver_roi,[]
264,4.404,True,c5_radio,0.526641309261322,0.4808,yellow,0,False,driver_roi,[]
265,4.421,True,c5_radio,0.526641309261322,0.4808,yellow,0,False,driver_roi,[]
266,4.437,True,c5_radio,0.5230597257614136,0.4815,yellow,0,False,driver_roi,[]
267,4.454,True,c5_radio,0.5230597257614136,0.4815,yellow,0,False,driver_roi,[]
268,4.471,True,c5_radio,0.5169541835784912,0.481,yellow,0,False,driver_roi,[]
269,4.488,True,c5_radio,0.5169541835784912,0.481,yellow,0,False,driver_roi,[]
270,4.504,True,c5_radio,0.5142139792442322,0.4812,yellow,0,False,driver_roi,[]
271,4.521,True,c5_radio,0.5142139792442322,0.4812,yellow,0,False,driver_roi,[]
272,4.538,True,c5_radio,0.5186505913734436,0.4843,yellow,0,False,driver_roi,[]
273,4.554,True,c5_radio,0.5186505913734436,0.4843,yellow,0,False,driver_roi,[]
274,4.571,True,c5_radio,0.5224640369415283,0.4892,yellow,0,False,driver_roi,[]
275,4.588,True,c5_radio,0.5224640369415283,0.4892,yellow,0,False,driver_roi,[]
276,4.604,True,c5_radio,0.5218914747238159,0.4934,yellow,0,False,driver_roi,[]
277,4.621,True,c5_radio,0.5218914747238159,0.4934,yellow,0,False,driver_roi,[]
278,4.638,True,c5_radio,0.5235599875450134,0.4968,yellow,0,False,driver_roi,[]
279,4.654,True,c5_radio,0.5235599875450134,0.4968,yellow,0,False,driver_roi,[]
280,4.671,True,c5_radio,0.5272692441940308,0.5017,yellow,0,False,driver_roi,[]
281,4.688,True,c5_radio,0.5272692441940308,0.5017,yellow,0,False,driver_roi,[]
282,4.704,True,c5_radio,0.5325148105621338,0.506,yellow,0,False,driver_roi,[]
283,4.721,True,c5_radio,0.5325148105621338,0.506,yellow,0,False,driver_roi,[]
284,4.738,True,c5_radio,0.5442533493041992,0.5109,yellow,0,False,driver_roi,[]
285,4.754,True,c5_radio,0.5442533493041992,0.5109,yellow,0,False,driver_roi,[]
286,4.771,True,c5_radio,0.5527228713035583,0.5144,yellow,0,False,driver_roi,[]
287,4.788,True,c5_radio,0.5527228713035583,0.5144,yellow,0,False,driver_roi,[]
288,4.804,True,c5_radio,0.5590285062789917,0.5182,yellow,0,False,driver_roi,[]
289,4.821,True,c5_radio,0.5590285062789917,0.5182,yellow,0,False,driver_roi,[]
290,4.838,True,c5_radio,0.557813286781311,0.5202,yellow,0,False,driver_roi,[]
291,4.855,True,c5_radio,0.557813286781311,0.5202,yellow,0,False,driver_roi,[]
292,4.871,True,c5_radio,0.5588401556015015,0.5233,yellow,0,False,driver_roi,[]
293,4.888,True,c5_radio,0.5588401556015015,0.5233,yellow,0,False,driver_roi,[]
294,4.905,True,c5_radio,0.5552396178245544,0.5232,yellow,0,False,driver_roi,[]
295,4.921,True,c5_radio,0.5552396178245544,0.5232,yellow,0,False,driver_roi,[]
296,4.938,True,c5_radio,0.5559068322181702,0.5237,yellow,0,False,driver_roi,[]
297,4.955,True,c5_radio,0.5559068322181702,0.5237,yellow,0,False,driver_roi,[]
298,4.971,True,c5_radio,0.5580564141273499,0.5259,yellow,0,False,driver_roi,[]
299,4.988,True,c5_radio,0.5580564141273499,0.5259,yellow,0,False,driver_roi,[]
300,5.005,True,c5_radio,0.5575686693191528,0.5278,yellow,0,False,driver_roi,[]
301,5.021,True,c5_radio,0.5575686693191528,0.5278,yellow,0,False,driver_roi,[]
302,5.038,True,c5_radio,0.5609132051467896,0.5296,yellow,0,False,driver_roi,[]
303,5.055,True,c5_radio,0.5609132051467896,0.5296,yellow,0,False,driver_roi,[]
304,5.071,True,c5_radio,0.5646375417709351,0.5313,yellow,0,False,driver_roi,[]
305,5.088,True,c5_radio,0.5646375417709351,0.5313,yellow,0,False,driver_roi,[]
306,5.105,True,c5_radio,0.5694089531898499,0.5334,yellow,0,False,driver_roi,[]
307,5.121,True,c5_radio,0.5694089531898499,0.5334,yellow,0,False,driver_roi,[]
308,5.138,True,c5_radio,0.5708894729614258,0.5348,yellow,0,False,driver_roi,[]
309,5.155,True,c5_radio,0.5708894729614258,0.5348,yellow,0,False,driver_roi,[]
310,5.171,True,c5_radio,0.5685365796089172,0.5343,yellow,0,False,driver_roi,[]
311,5.188,True,c5_radio,0.5685365796089172,0.5343,yellow,0,False,driver_roi,[]
312,5.205,True,c5_radio,0.5592546463012695,0.531,yellow,0,False,driver_roi,[]
313,5.222,True,c5_radio,0.5592546463012695,0.531,yellow,0,False,driver_roi,[]
314,5.238,True,c5_radio,0.5518245100975037,0.5289,yellow,0,False,driver_roi,[]
315,5.255,True,c5_radio,0.5518245100975037,0.5289,yellow,0,False,driver_roi,[]
316,5.272,True,c5_radio,0.5469235777854919,0.5278,yellow,0,False,driver_roi,[]
317,5.288,True,c5_radio,0.5469235777854919,0.5278,yellow,0,False,driver_roi,[]
318,5.305,True,c5_radio,0.5505066514015198,0.5303,yellow,0,False,driver_roi,[]
319,5.322,True,c5_radio,0.5505066514015198,0.5303,yellow,0,False,driver_roi,[]
320,5.338,True,c5_radio,0.5520771145820618,0.5328,yellow,0,False,driver_roi,[]
321,5.355,True,c5_radio,0.5520771145820618,0.5328,yellow,0,False,driver_roi,[]
322,5.372,True,c5_radio,0.5523918867111206,0.5352,yellow,0,False,driver_roi,[]
323,5.388,True,c5_radio,0.5523918867111206,0.5352,yellow,0,False,driver_roi,[]
324,5.405,True,c5_radio,0.5497051477432251,0.5356,yellow,0,False,driver_roi,[]
325,5.422,True,c5_radio,0.5497051477432251,0.5356,yellow,0,False,driver_roi,[]
326,5.438,True,c5_radio,0.5456604361534119,0.5379,yellow,0,False,driver_roi,[]
327,5.455,True,c5_radio,0.5456604361534119,0.5379,yellow,0,False,driver_roi,[]
328,5.472,True,c5_radio,0.5424767732620239,0.5424,yellow,0,False,driver_roi,[]
329,5.488,True,c5_radio,0.5424767732620239,0.5424,yellow,0,False,driver_roi,[]
330,5.505,True,c5_radio,0.5421196818351746,0.5471,yellow,0,False,driver_roi,[]
331,5.522,True,c5_radio,0.5421196818351746,0.5471,yellow,0,False,driver_roi,[]
332,5.538,True,c5_radio,0.5347076654434204,0.5501,yellow,0,False,driver_roi,[]
333,5.555,True,c5_radio,0.5347076654434204,0.5501,yellow,0,False,driver_roi,[]
334,5.572,True,c5_radio,0.5276995897293091,0.5541,yellow,0,False,driver_roi,[]
335,5.589,True,c5_radio,0.5276995897293091,0.5541,yellow,0,False,driver_roi,[]
336,5.605,True,c5_radio,0.5175220966339111,0.558,yellow,0,False,driver_roi,[]
337,5.622,True,c5_radio,0.5175220966339111,0.558,yellow,0,False,driver_roi,[]
338,5.639,True,c5_radio,0.5043253302574158,0.5609,yellow,0,False,driver_roi,[]
339,5.655,True,c5_radio,0.5043253302574158,0.5609,yellow,0,False,driver_roi,[]
340,5.672,True,c5_radio,0.4962901473045349,0.5643,yellow,0,False,driver_roi,[]
341,5.689,True,c5_radio,0.4962901473045349,0.5643,yellow,0,False,driver_roi,[]
342,5.705,True,c5_radio,0.49439823627471924,0.5687,yellow,0,False,driver_roi,[]
343,5.722,True,c5_radio,0.49439823627471924,0.5687,yellow,0,False,driver_roi,[]
344,5.739,True,c5_radio,0.4775844216346741,0.5717,yellow,0,False,driver_roi,[]
345,5.755,True,c5_radio,0.4775844216346741,0.5717,yellow,0,False,driver_roi,[]
346,5.772,True,c5_radio,0.4559876024723053,0.5741,yellow,0,False,driver_roi,[]
347,5.789,True,c5_radio,0.4559876024723053,0.5741,yellow,0,False,driver_roi,[]
348,5.805,True,c5_radio,0.4359768033027649,0.5769,yellow,0,False,driver_roi,[]
349,5.822,True,c5_radio,0.4359768033027649,0.5769,yellow,0,False,driver_roi,[]
350,5.839,True,c5_radio,0.4215245842933655,0.5801,yellow,0,False,driver_roi,[]
351,5.855,True,c5_radio,0.4215245842933655,0.5801,yellow,0,False,driver_roi,[]
352,5.872,True,c9_talking,0.4241756498813629,0.5839,yellow,0,False,driver_roi,[]
353,5.889,True,c9_talking,0.4241756498813629,0.5839,yellow,0,False,driver_roi,[]
354,5.906,True,c9_talking,0.4335760772228241,0.5886,yellow,0,False,driver_roi,[]
355,5.922,True,c9_talking,0.4335760772228241,0.5886,yellow,0,False,driver_roi,[]
356,5.939,True,c9_talking,0.42746078968048096,0.5937,yellow,0,False,driver_roi,[]
357,5.956,True,c9_talking,0.42746078968048096,0.5937,yellow,0,False,driver_roi,[]
358,5.972,True,c9_talking,0.41998356580734253,0.5975,yellow,0,False,driver_roi,[]
359,5.989,True,c9_talking,0.41998356580734253,0.5975,yellow,0,False,driver_roi,[]
360,6.006,True,c9_talking,0.41285091638565063,0.6021,yellow,0,False,driver_roi,[]
361,6.022,True,c9_talking,0.41285091638565063,0.6021,yellow,0,False,driver_roi,[]
362,6.039,True,c9_talking,0.4132372736930847,0.6054,yellow,0,False,driver_roi,[]
363,6.056,True,c9_talking,0.4132372736930847,0.6054,yellow,0,False,driver_roi,[]
364,6.072,True,c9_talking,0.4331251382827759,0.6085,yellow,0,False,driver_roi,[]
365,6.089,True,c9_talking,0.4331251382827759,0.6085,yellow,0,False,driver_roi,[]
366,6.106,True,c9_talking,0.4364204406738281,0.6112,yellow,0,False,driver_roi,[]
367,6.122,True,c9_talking,0.4364204406738281,0.6112,yellow,0,False,driver_roi,[]
368,6.139,True,c9_talking,0.4497542083263397,0.6148,yellow,0,False,driver_roi,[]
369,6.156,True,c9_talking,0.4497542083263397,0.6148,yellow,0,False,driver_roi,[]
370,6.172,True,c9_talking,0.4681822955608368,0.6186,yellow,0,False,driver_roi,[]
371,6.189,True,c9_talking,0.4681822955608368,0.6186,yellow,0,False,driver_roi,[]
372,6.206,True,c9_talking,0.48410987854003906,0.6245,yellow,0,False,driver_roi,[]
373,6.222,True,c9_talking,0.48410987854003906,0.6245,yellow,0,False,driver_roi,[]
374,6.239,True,c9_talking,0.5022454261779785,0.629,yellow,0,False,driver_roi,[]
375,6.256,True,c9_talking,0.5022454261779785,0.629,yellow,0,False,driver_roi,[]
376,6.273,True,c9_talking,0.5130369067192078,0.6333,yellow,0,False,driver_roi,[]
377,6.289,True,c9_talking,0.5130369067192078,0.6333,yellow,0,False,driver_roi,[]
378,6.306,True,c9_talking,0.5267766714096069,0.635,yellow,0,False,driver_roi,[]
379,6.323,True,c9_talking,0.5267766714096069,0.635,yellow,0,False,driver_roi,[]
380,6.339,True,c9_talking,0.5357219576835632,0.6388,yellow,0,False,driver_roi,[]
381,6.356,True,c9_talking,0.5357219576835632,0.6388,yellow,0,False,driver_roi,[]
382,6.373,True,c9_talking,0.5365458130836487,0.641,yellow,0,False,driver_roi,[]
383,6.389,True,c9_talking,0.5365458130836487,0.641,yellow,0,False,driver_roi,[]
384,6.406,True,c9_talking,0.5382754802703857,0.6434,yellow,0,False,driver_roi,[]
385,6.423,True,c9_talking,0.5382754802703857,0.6434,yellow,0,False,driver_roi,[]
386,6.439,True,c9_talking,0.5257245302200317,0.6451,yellow,0,False,driver_roi,[]
387,6.456,True,c9_talking,0.5257245302200317,0.6451,yellow,0,False,driver_roi,[]
388,6.473,True,c9_talking,0.5126542448997498,0.646,yellow,0,False,driver_roi,[]
389,6.489,True,c9_talking,0.5126542448997498,0.646,yellow,0,False,driver_roi,[]
390,6.506,True,c9_talking,0.5028135776519775,0.647,yellow,0,False,driver_roi,[]
391,6.523,True,c9_talking,0.5028135776519775,0.647,yellow,0,False,driver_roi,[]
392,6.539,True,c9_talking,0.4921744763851166,0.648,yellow,0,False,driver_roi,[]
393,6.556,True,c9_talking,0.4921744763851166,0.648,yellow,0,False,driver_roi,[]
394,6.573,True,c9_talking,0.4727153182029724,0.6485,yellow,0,False,driver_roi,[]
395,6.589,True,c9_talking,0.4727153182029724,0.6485,yellow,0,False,driver_roi,[]
396,6.606,True,c9_talking,0.4491524398326874,0.6487,yellow,0,False,driver_roi,[]
397,6.623,True,c9_talking,0.4491524398326874,0.6487,yellow,0,False,driver_roi,[]
398,6.64,True,c9_talking,0.43637242913246155,0.649,yellow,0,False,driver_roi,[]
399,6.656,True,c9_talking,0.43637242913246155,0.649,yellow,0,False,driver_roi,[]
400,6.673,True,c9_talking,0.4296140968799591,0.6491,yellow,0,False,driver_roi,[]
401,6.69,True,c9_talking,0.4296140968799591,0.6491,yellow,0,False,driver_roi,[]
402,6.706,True,c9_talking,0.4264283776283264,0.6491,yellow,0,False,driver_roi,[]
403,6.723,True,c9_talking,0.4264283776283264,0.6491,yellow,0,False,driver_roi,[]
404,6.74,True,c9_talking,0.410826176404953,0.6492,yellow,0,False,driver_roi,[]
405,6.756,True,c9_talking,0.410826176404953,0.6492,yellow,0,False,driver_roi,[]
406,6.773,True,c8_makeup,0.4028969705104828,0.6492,yellow,0,False,driver_roi,[]
407,6.79,True,c8_makeup,0.4028969705104828,0.6492,yellow,0,False,driver_roi,[]
408,6.806,True,c8_makeup,0.4087313115596771,0.6492,yellow,0,False,driver_roi,[]
409,6.823,True,c8_makeup,0.4087313115596771,0.6492,yellow,0,False,driver_roi,[]
410,6.84,True,c8_makeup,0.4096892178058624,0.6492,yellow,0,False,driver_roi,[]
411,6.856,True,c8_makeup,0.4096892178058624,0.6492,yellow,0,False,driver_roi,[]
412,6.873,True,c8_makeup,0.4121890068054199,0.6492,yellow,0,False,driver_roi,[]
413,6.89,True,c8_makeup,0.4121890068054199,0.6492,yellow,0,False,driver_roi,[]
414,6.906,True,c8_makeup,0.4082511067390442,0.6492,yellow,0,False,driver_roi,[]
415,6.923,True,c8_makeup,0.4082511067390442,0.6492,yellow,0,False,driver_roi,[]
416,6.94,True,c8_makeup,0.39944446086883545,0.6493,yellow,0,False,driver_roi,[]
417,6.956,True,c8_makeup,0.39944446086883545,0.6493,yellow,0,False,driver_roi,[]
418,6.973,True,c8_makeup,0.3937271535396576,0.6494,yellow,0,False,driver_roi,[]
419,6.99,True,c8_makeup,0.3937271535396576,0.6494,yellow,0,False,driver_roi,[]
420,7.007,True,c9_talking,0.39858952164649963,0.6495,yellow,0,False,driver_roi,[]
421,7.023,True,c9_talking,0.39858952164649963,0.6495,yellow,0,False,driver_roi,[]
422,7.04,True,c9_talking,0.4024127125740051,0.6495,yellow,0,False,driver_roi,[]
423,7.057,True,c9_talking,0.4024127125740051,0.6495,yellow,0,False,driver_roi,[]
424,7.073,True,c9_talking,0.3838370144367218,0.6496,yellow,0,False,driver_roi,[]
425,7.09,True,c9_talking,0.3838370144367218,0.6496,yellow,0,False,driver_roi,[]
426,7.107,True,c9_talking,0.380210280418396,0.6496,yellow,0,False,driver_roi,[]
427,7.123,True,c9_talking,0.380210280418396,0.6496,yellow,0,False,driver_roi,[]
428,7.14,True,c9_talking,0.36459988355636597,0.6496,yellow,0,False,driver_roi,[]
429,7.157,True,c9_talking,0.36459988355636597,0.6496,yellow,0,False,driver_roi,[]
430,7.173,True,c8_makeup,0.36549320816993713,0.6496,yellow,0,False,driver_roi,[]
431,7.19,True,c8_makeup,0.36549320816993713,0.6496,yellow,0,False,driver_roi,[]
432,7.207,True,c8_makeup,0.37071293592453003,0.6496,yellow,0,False,driver_roi,[]
433,7.223,True,c8_makeup,0.37071293592453003,0.6496,yellow,0,False,driver_roi,[]
434,7.24,True,c8_makeup,0.37765681743621826,0.6496,yellow,0,False,driver_roi,[]
435,7.257,True,c8_makeup,0.37765681743621826,0.6496,yellow,0,False,driver_roi,[]
436,7.273,True,c8_makeup,0.3772999048233032,0.6496,yellow,0,False,driver_roi,[]
437,7.29,True,c8_makeup,0.3772999048233032,0.6496,yellow,0,False,driver_roi,[]
438,7.307,True,c8_makeup,0.3774767816066742,0.6496,yellow,0,False,driver_roi,[]
439,7.323,True,c8_makeup,0.3774767816066742,0.6496,yellow,0,False,driver_roi,[]
440,7.34,True,c8_makeup,0.37790268659591675,0.6497,yellow,0,False,driver_roi,[]
441,7.357,True,c8_makeup,0.37790268659591675,0.6497,yellow,0,False,driver_roi,[]
442,7.374,True,c8_makeup,0.37708646059036255,0.6497,yellow,0,False,driver_roi,[]
443,7.39,True,c8_makeup,0.37708646059036255,0.6497,yellow,0,False,driver_roi,[]
444,7.407,True,c8_makeup,0.37604257464408875,0.6497,yellow,0,False,driver_roi,[]
445,7.424,True,c8_makeup,0.37604257464408875,0.6497,yellow,0,False,driver_roi,[]
446,7.44,True,c8_makeup,0.3633357882499695,0.6497,yellow,0,False,driver_roi,[]
447,7.457,True,c8_makeup,0.3633357882499695,0.6497,yellow,0,False,driver_roi,[]
448,7.474,True,c8_makeup,0.35074517130851746,0.6497,yellow,0,False,driver_roi,[]
449,7.49,True,c8_makeup,0.35074517130851746,0.6497,yellow,0,False,driver_roi,[]
450,7.507,True,c8_makeup,0.34019604325294495,0.6497,yellow,0,False,driver_roi,[]
451,7.524,True,c8_makeup,0.34019604325294495,0.6497,yellow,0,False,driver_roi,[]
452,7.54,True,c8_makeup,0.3312746286392212,0.6497,yellow,0,False,driver_roi,[]
453,7.557,True,c8_makeup,0.3312746286392212,0.6497,yellow,0,False,driver_roi,[]
454,7.574,True,c7_reaching,0.33414512872695923,0.6497,yellow,0,False,driver_roi,[]
455,7.59,True,c7_reaching,0.33414512872695923,0.6497,yellow,0,False,driver_roi,[]
456,7.607,True,c7_reaching,0.3405860364437103,0.6497,yellow,0,False,driver_roi,[]
457,7.624,True,c7_reaching,0.3405860364437103,0.6497,yellow,0,False,driver_roi,[]
458,7.64,True,c7_reaching,0.352106511592865,0.6497,yellow,0,False,driver_roi,[]
459,7.657,True,c7_reaching,0.352106511592865,0.6497,yellow,0,False,driver_roi,[]
460,7.674,True,c7_reaching,0.3627922832965851,0.6497,yellow,0,False,driver_roi,[]
461,7.69,True,c7_reaching,0.3627922832965851,0.6497,yellow,0,False,driver_roi,[]
462,7.707,True,c7_reaching,0.3708690106868744,0.6497,yellow,0,False,driver_roi,[]
463,7.724,True,c7_reaching,0.3708690106868744,0.6497,yellow,0,False,driver_roi,[]
464,7.741,True,c7_reaching,0.37801167368888855,0.6497,yellow,0,False,driver_roi,[]
465,7.757,True,c7_reaching,0.37801167368888855,0.6497,yellow,0,False,driver_roi,[]
466,7.774,True,c7_reaching,0.38336506485939026,0.6497,yellow,0,False,driver_roi,[]
467,7.791,True,c7_reaching,0.38336506485939026,0.6497,yellow,0,False,driver_roi,[]
468,7.807,True,c7_reaching,0.3883787989616394,0.6497,yellow,0,False,driver_roi,[]
469,7.824,True,c7_reaching,0.3883787989616394,0.6497,yellow,0,False,driver_roi,[]
470,7.841,True,c7_reaching,0.39129820466041565,0.6498,yellow,0,False,driver_roi,[]
471,7.857,True,c7_reaching,0.39129820466041565,0.6498,yellow,0,False,driver_roi,[]
472,7.874,True,c7_reaching,0.40033528208732605,0.6498,yellow,0,False,driver_roi,[]
473,7.891,True,c7_reaching,0.40033528208732605,0.6498,yellow,0,False,driver_roi,[]
474,7.907,True,c7_reaching,0.40809205174446106,0.6498,yellow,0,False,driver_roi,[]
475,7.924,True,c7_reaching,0.40809205174446106,0.6498,yellow,0,False,driver_roi,[]
476,7.941,True,c7_reaching,0.41085776686668396,0.6498,yellow,0,False,driver_roi,[]
477,7.957,True,c7_reaching,0.41085776686668396,0.6498,yellow,0,False,driver_roi,[]
478,7.974,True,c7_reaching,0.41734299063682556,0.6498,yellow,0,False,driver_roi,[]
479,7.991,True,c7_reaching,0.41734299063682556,0.6498,yellow,0,False,driver_roi,[]
480,8.007,True,c7_reaching,0.42246249318122864,0.6498,yellow,0,False,driver_roi,[]
481,8.024,True,c7_reaching,0.42246249318122864,0.6498,yellow,0,False,driver_roi,[]
482,8.041,True,c7_reaching,0.43014565110206604,0.6498,yellow,0,False,driver_roi,[]
483,8.058,True,c7_reaching,0.43014565110206604,0.6498,yellow,0,False,driver_roi,[]
484,8.074,True,c7_reaching,0.4281226396560669,0.6498,yellow,0,False,driver_roi,[]
485,8.091,True,c7_reaching,0.4281226396560669,0.6498,yellow,0,False,driver_roi,[]
486,8.108,True,c7_reaching,0.42637118697166443,0.6498,yellow,0,False,driver_roi,[]
487,8.124,True,c7_reaching,0.42637118697166443,0.6498,yellow,0,False,driver_roi,[]
488,8.141,True,c7_reaching,0.4332825541496277,0.6498,yellow,0,False,driver_roi,[]
489,8.158,True,c7_reaching,0.4332825541496277,0.6498,yellow,0,False,driver_roi,[]
490,8.174,True,c7_reaching,0.4381335973739624,0.6498,yellow,0,False,driver_roi,[]
491,8.191,True,c7_reaching,0.4381335973739624,0.6498,yellow,0,False,driver_roi,[]
492,8.208,True,c7_reaching,0.4394877254962921,0.6498,yellow,0,False,driver_roi,[]
493,8.224,True,c7_reaching,0.4394877254962921,0.6498,yellow,0,False,driver_roi,[]
494,8.241,True,c7_reaching,0.4457927644252777,0.6498,yellow,0,False,driver_roi,[]
495,8.258,True,c7_reaching,0.4457927644252777,0.6498,yellow,0,False,driver_roi,[]
496,8.274,True,c7_reaching,0.44930049777030945,0.6498,yellow,0,False,driver_roi,[]
497,8.291,True,c7_reaching,0.44930049777030945,0.6498,yellow,0,False,driver_roi,[]
498,8.308,True,c7_reaching,0.44953128695487976,0.6498,yellow,0,False,driver_roi,[]
499,8.324,True,c7_reaching,0.44953128695487976,0.6498,yellow,0,False,driver_roi,[]
500,8.341,True,c7_reaching,0.4550275504589081,0.6498,yellow,0,False,driver_roi,[]
501,8.358,True,c7_reaching,0.4550275504589081,0.6498,yellow,0,False,driver_roi,[]
502,8.374,True,c7_reaching,0.4535716772079468,0.6498,yellow,0,False,driver_roi,[]
503,8.391,True,c7_reaching,0.4535716772079468,0.6498,yellow,0,False,driver_roi,[]
504,8.408,True,c7_reaching,0.45981767773628235,0.6498,yellow,0,False,driver_roi,[]
505,8.425,True,c7_reaching,0.45981767773628235,0.6498,yellow,0,False,driver_roi,[]
506,8.441,True,c7_reaching,0.4608185589313507,0.6498,yellow,0,False,driver_roi,[]
507,8.458,True,c7_reaching,0.4608185589313507,0.6498,yellow,0,False,driver_roi,[]
508,8.475,True,c7_reaching,0.46395257115364075,0.6498,yellow,0,False,driver_roi,[]
509,8.491,True,c7_reaching,0.46395257115364075,0.6498,yellow,0,False,driver_roi,[]
510,8.508,True,c7_reaching,0.4700401723384857,0.6498,yellow,0,False,driver_roi,[]
511,8.525,True,c7_reaching,0.4700401723384857,0.6498,yellow,0,False,driver_roi,[]
512,8.541,True,c7_reaching,0.4778270423412323,0.6498,yellow,0,False,driver_roi,[]
513,8.558,True,c7_reaching,0.4778270423412323,0.6498,yellow,0,False,driver_roi,[]
514,8.575,True,c7_reaching,0.488939106464386,0.6498,yellow,0,False,driver_roi,[]
515,8.591,True,c7_reaching,0.488939106464386,0.6498,yellow,0,False,driver_roi,[]
516,8.608,True,c7_reaching,0.49680235981941223,0.6498,yellow,0,False,driver_roi,[]
517,8.625,True,c7_reaching,0.49680235981941223,0.6498,yellow,0,False,driver_roi,[]
518,8.641,True,c7_reaching,0.5005521178245544,0.6498,yellow,0,False,driver_roi,[]
519,8.658,True,c7_reaching,0.5005521178245544,0.6498,yellow,0,False,driver_roi,[]
520,8.675,True,c7_reaching,0.5054624080657959,0.6498,yellow,0,False,driver_roi,[]
521,8.691,True,c7_reaching,0.5054624080657959,0.6498,yellow,0,False,driver_roi,[]
522,8.708,True,c7_reaching,0.520228385925293,0.6498,yellow,0,False,driver_roi,[]
523,8.725,True,c7_reaching,0.520228385925293,0.6498,yellow,0,False,driver_roi,[]
524,8.741,True,c7_reaching,0.5312608480453491,0.6498,yellow,0,False,driver_roi,[]
525,8.758,True,c7_reaching,0.5312608480453491,0.6498,yellow,0,False,driver_roi,[]
526,8.775,True,c7_reaching,0.5406566262245178,0.6498,yellow,0,False,driver_roi,[]
527,8.792,True,c7_reaching,0.5406566262245178,0.6498,yellow,0,False,driver_roi,[]
528,8.808,True,c7_reaching,0.550010085105896,0.6498,yellow,0,False,driver_roi,[]
529,8.825,True,c7_reaching,0.550010085105896,0.6498,yellow,0,False,driver_roi,[]
530,8.842,True,c7_reaching,0.561825692653656,0.6498,yellow,0,False,driver_roi,[]
531,8.858,True,c7_reaching,0.561825692653656,0.6498,yellow,0,False,driver_roi,[]
532,8.875,True,c7_reaching,0.5660934448242188,0.6498,yellow,0,False,driver_roi,[]
533,8.892,True,c7_reaching,0.5660934448242188,0.6498,yellow,0,False,driver_roi,[]
534,8.908,True,c7_reaching,0.578027606010437,0.6498,yellow,0,False,driver_roi,[]
535,8.925,True,c7_reaching,0.578027606010437,0.6498,yellow,0,False,driver_roi,[]
536,8.942,True,c7_reaching,0.5856128334999084,0.6498,yellow,0,False,driver_roi,[]
537,8.958,True,c7_reaching,0.5856128334999084,0.6498,yellow,0,False,driver_roi,[]
538,8.975,True,c7_reaching,0.591187596321106,0.6498,yellow,0,False,driver_roi,[]
539,8.992,True,c7_reaching,0.591187596321106,0.6498,yellow,0,False,driver_roi,[]
540,9.008,True,c7_reaching,0.5945451855659485,0.6498,yellow,0,False,driver_roi,[]
541,9.025,True,c7_reaching,0.5945451855659485,0.6498,yellow,0,False,driver_roi,[]
542,9.042,True,c7_reaching,0.5982011556625366,0.6498,yellow,0,False,driver_roi,[]
543,9.058,True,c7_reaching,0.5982011556625366,0.6498,yellow,0,False,driver_roi,[]
544,9.075,True,c7_reaching,0.6138665676116943,0.6498,yellow,0,False,driver_roi,[]
545,9.092,True,c7_reaching,0.6138665676116943,0.6498,yellow,0,False,driver_roi,[]
546,9.108,True,c7_reaching,0.6272361278533936,0.6498,yellow,0,False,driver_roi,[]
547,9.125,True,c7_reaching,0.6272361278533936,0.6498,yellow,0,False,driver_roi,[]
548,9.142,True,c7_reaching,0.6334298849105835,0.6498,yellow,0,False,driver_roi,[]
549,9.159,True,c7_reaching,0.6334298849105835,0.6498,yellow,0,False,driver_roi,[]
550,9.175,True,c7_reaching,0.6414198279380798,0.6498,yellow,0,False,driver_roi,[]
551,9.192,True,c7_reaching,0.6414198279380798,0.6498,yellow,0,False,driver_roi,[]
552,9.209,True,c7_reaching,0.6415672302246094,0.6498,yellow,0,False,driver_roi,[]
553,9.225,True,c7_reaching,0.6415672302246094,0.6498,yellow,0,False,driver_roi,[]
554,9.242,True,c7_reaching,0.638882577419281,0.6498,yellow,0,False,driver_roi,[]
555,9.259,True,c7_reaching,0.638882577419281,0.6498,yellow,0,False,driver_roi,[]
556,9.275,True,c7_reaching,0.6393095850944519,0.6498,yellow,0,False,driver_roi,[]
557,9.292,True,c7_reaching,0.6393095850944519,0.6498,yellow,0,False,driver_roi,[]
558,9.309,True,c7_reaching,0.6449706554412842,0.6498,yellow,0,False,driver_roi,[]
559,9.325,True,c7_reaching,0.6449706554412842,0.6498,yellow,0,False,driver_roi,[]
560,9.342,True,c7_reaching,0.6464338302612305,0.6498,yellow,0,False,driver_roi,[]
561,9.359,True,c7_reaching,0.6464338302612305,0.6498,yellow,0,False,driver_roi,[]
562,9.375,True,c7_reaching,0.6508247256278992,0.6498,yellow,0,False,driver_roi,[]
563,9.392,True,c7_reaching,0.6508247256278992,0.6498,yellow,0,False,driver_roi,[]
564,9.409,True,c7_reaching,0.6490185856819153,0.6498,yellow,0,False,driver_roi,[]
565,9.425,True,c7_reaching,0.6490185856819153,0.6498,yellow,0,False,driver_roi,[]
566,9.442,True,c7_reaching,0.6507251858711243,0.6498,yellow,0,False,driver_roi,[]
567,9.459,True,c7_reaching,0.6507251858711243,0.6498,yellow,0,False,driver_roi,[]
568,9.475,True,c7_reaching,0.6471656560897827,0.6498,yellow,0,False,driver_roi,[]
569,9.492,True,c7_reaching,0.6471656560897827,0.6498,yellow,0,False,driver_roi,[]
570,9.509,True,c7_reaching,0.6332306265830994,0.6498,yellow,0,False,driver_roi,[]
571,9.526,True,c7_reaching,0.6332306265830994,0.6498,yellow,0,False,driver_roi,[]
572,9.542,True,c7_reaching,0.6203738451004028,0.6497,yellow,0,False,driver_roi,[]
573,9.559,True,c7_reaching,0.6203738451004028,0.6497,yellow,0,False,driver_roi,[]
574,9.576,True,c7_reaching,0.6087200045585632,0.6497,yellow,0,False,driver_roi,[]
575,9.592,True,c7_reaching,0.6087200045585632,0.6497,yellow,0,False,driver_roi,[]
576,9.609,True,c7_reaching,0.6011070013046265,0.6497,yellow,0,False,driver_roi,[]
577,9.626,True,c7_reaching,0.6011070013046265,0.6497,yellow,0,False,driver_roi,[]
578,9.642,True,c7_reaching,0.5970403552055359,0.6497,yellow,0,False,driver_roi,[]
579,9.659,True,c7_reaching,0.5970403552055359,0.6497,yellow,0,False,driver_roi,[]
580,9.676,True,c7_reaching,0.5875285863876343,0.6496,yellow,0,False,driver_roi,[]
581,9.692,True,c7_reaching,0.5875285863876343,0.6496,yellow,0,False,driver_roi,[]
582,9.709,True,c7_reaching,0.5734587907791138,0.6496,yellow,0,False,driver_roi,[]
583,9.726,True,c7_reaching,0.5734587907791138,0.6496,yellow,0,False,driver_roi,[]
584,9.742,True,c7_reaching,0.5577338337898254,0.6496,yellow,0,False,driver_roi,[]
585,9.759,True,c7_reaching,0.5577338337898254,0.6496,yellow,0,False,driver_roi,[]
586,9.776,True,c7_reaching,0.5468140840530396,0.6496,yellow,0,False,driver_roi,[]
587,9.792,True,c7_reaching,0.5468140840530396,0.6496,yellow,0,False,driver_roi,[]
588,9.809,True,c7_reaching,0.5397999286651611,0.6496,yellow,0,False,driver_roi,[]
589,9.826,True,c7_reaching,0.5397999286651611,0.6496,yellow,0,False,driver_roi,[]
590,9.843,True,c7_reaching,0.5343778729438782,0.6496,yellow,0,False,driver_roi,[]
591,9.859,True,c7_reaching,0.5343778729438782,0.6496,yellow,0,False,driver_roi,[]
592,9.876,True,c7_reaching,0.5382269024848938,0.6496,yellow,0,False,driver_roi,[]
593,9.893,True,c7_reaching,0.5382269024848938,0.6496,yellow,0,False,driver_roi,[]
594,9.909,True,c7_reaching,0.5345453023910522,0.6496,yellow,0,False,driver_roi,[]
595,9.926,True,c7_reaching,0.5345453023910522,0.6496,yellow,0,False,driver_roi,[]
596,9.943,True,c7_reaching,0.536037266254425,0.6496,yellow,0,False,driver_roi,[]
597,9.959,True,c7_reaching,0.536037266254425,0.6496,yellow,0,False,driver_roi,[]
598,9.976,True,c7_reaching,0.5366284251213074,0.6496,yellow,0,False,driver_roi,[]
599,9.993,True,c7_reaching,0.5366284251213074,0.6496,yellow,0,False,driver_roi,[]
600,10.009,True,c7_reaching,0.5386186838150024,0.6496,yellow,0,False,driver_roi,[]
601,10.026,True,c7_reaching,0.5386186838150024,0.6496,yellow,0,False,driver_roi,[]
602,10.043,True,c7_reaching,0.5331008434295654,0.6496,yellow,0,False,driver_roi,[]
603,10.059,True,c7_reaching,0.5331008434295654,0.6496,yellow,0,False,driver_roi,[]
604,10.076,True,c7_reaching,0.5139472484588623,0.6495,yellow,0,False,driver_roi,[]
605,10.093,True,c7_reaching,0.5139472484588623,0.6495,yellow,0,False,driver_roi,[]
606,10.109,True,c7_reaching,0.4980815052986145,0.6495,yellow,0,False,driver_roi,[]
607,10.126,True,c7_reaching,0.4980815052986145,0.6495,yellow,0,False,driver_roi,[]
608,10.143,True,c7_reaching,0.48006996512413025,0.6495,yellow,0,False,driver_roi,[]
609,10.159,True,c7_reaching,0.48006996512413025,0.6495,yellow,0,False,driver_roi,[]
610,10.176,True,c7_reaching,0.45900285243988037,0.6495,yellow,0,False,driver_roi,[]
611,10.193,True,c7_reaching,0.45900285243988037,0.6495,yellow,0,False,driver_roi,[]
612,10.21,True,c7_reaching,0.4493144750595093,0.6495,yellow,0,False,driver_roi,[]
613,10.226,True,c7_reaching,0.4493144750595093,0.6495,yellow,0,False,driver_roi,[]
614,10.243,True,c7_reaching,0.4383576810359955,0.6495,yellow,0,False,driver_roi,[]
615,10.26,True,c7_reaching,0.4383576810359955,0.6495,yellow,0,False,driver_roi,[]
616,10.276,True,c7_reaching,0.4237111210823059,0.6495,yellow,0,False,driver_roi,[]
617,10.293,True,c7_reaching,0.4237111210823059,0.6495,yellow,0,False,driver_roi,[]
618,10.31,True,c7_reaching,0.4050208330154419,0.6495,yellow,0,False,driver_roi,[]
619,10.326,True,c7_reaching,0.4050208330154419,0.6495,yellow,0,False,driver_roi,[]
620,10.343,True,c7_reaching,0.388340562582016,0.6495,yellow,0,False,driver_roi,[]
621,10.36,True,c7_reaching,0.388340562582016,0.6495,yellow,0,False,driver_roi,[]
622,10.376,True,c7_reaching,0.3748541474342346,0.6495,yellow,0,False,driver_roi,[]
623,10.393,True,c7_reaching,0.3748541474342346,0.6495,yellow,0,False,driver_roi,[]
624,10.41,True,c7_reaching,0.3639364540576935,0.6494,yellow,0,False,driver_roi,[]
625,10.426,True,c7_reaching,0.3639364540576935,0.6494,yellow,0,False,driver_roi,[]
626,10.443,True,c7_reaching,0.3522072732448578,0.6492,yellow,0,False,driver_roi,[]
627,10.46,True,c7_reaching,0.3522072732448578,0.6492,yellow,0,False,driver_roi,[]
628,10.476,True,c7_reaching,0.337983101606369,0.6491,yellow,0,False,driver_roi,[]
629,10.493,True,c7_reaching,0.337983101606369,0.6491,yellow,0,False,driver_roi,[]
630,10.51,True,c7_reaching,0.3309473693370819,0.6488,yellow,0,False,driver_roi,[]
631,10.526,True,c7_reaching,0.3309473693370819,0.6488,yellow,0,False,driver_roi,[]
632,10.543,True,c7_reaching,0.32415276765823364,0.6485,yellow,0,False,driver_roi,[]
633,10.56,True,c7_reaching,0.32415276765823364,0.6485,yellow,0,False,driver_roi,[]
634,10.577,True,c7_reaching,0.3165532648563385,0.6482,yellow,0,False,driver_roi,[]
635,10.593,True,c7_reaching,0.3165532648563385,0.6482,yellow,0,False,driver_roi,[]
636,10.61,True,c9_talking,0.32786187529563904,0.6477,yellow,0,False,driver_roi,[]
637,10.627,True,c9_talking,0.32786187529563904,0.6477,yellow,0,False,driver_roi,[]
638,10.643,True,c9_talking,0.341217041015625,0.6475,yellow,0,False,driver_roi,[]
639,10.66,True,c9_talking,0.341217041015625,0.6475,yellow,0,False,driver_roi,[]
640,10.677,True,c9_talking,0.3578304946422577,0.6469,yellow,0,False,driver_roi,[]
641,10.693,True,c9_talking,0.3578304946422577,0.6469,yellow,0,False,driver_roi,[]
642,10.71,True,c9_talking,0.37215620279312134,0.6463,yellow,0,False,driver_roi,[]
643,10.727,True,c9_talking,0.37215620279312134,0.6463,yellow,0,False,driver_roi,[]
644,10.743,True,c9_talking,0.38063687086105347,0.6458,yellow,0,False,driver_roi,[]
645,10.76,True,c9_talking,0.38063687086105347,0.6458,yellow,0,False,driver_roi,[]
646,10.777,True,c9_talking,0.38525789976119995,0.6448,yellow,0,False,driver_roi,[]
647,10.793,True,c9_talking,0.38525789976119995,0.6448,yellow,0,False,driver_roi,[]
648,10.81,True,c9_talking,0.38796868920326233,0.6431,yellow,0,False,driver_roi,[]
649,10.827,True,c9_talking,0.38796868920326233,0.6431,yellow,0,False,driver_roi,[]
650,10.843,True,c9_talking,0.3897796869277954,0.642,yellow,0,False,driver_roi,[]
651,10.86,True,c9_talking,0.3897796869277954,0.642,yellow,0,False,driver_roi,[]
652,10.877,True,c9_talking,0.414113849401474,0.641,yellow,0,False,driver_roi,[]
653,10.893,True,c9_talking,0.414113849401474,0.641,yellow,0,False,driver_roi,[]
654,10.91,True,c9_talking,0.41337695717811584,0.641,yellow,0,False,driver_roi,[]
655,10.927,True,c9_talking,0.41337695717811584,0.641,yellow,0,False,driver_roi,[]
656,10.944,True,c9_talking,0.41245099902153015,0.6409,yellow,0,False,driver_roi,[]
657,10.96,True,c9_talking,0.41245099902153015,0.6409,yellow,0,False,driver_roi,[]
658,10.977,True,c9_talking,0.411457359790802,0.6408,yellow,0,False,driver_roi,[]
659,10.994,True,c9_talking,0.411457359790802,0.6408,yellow,0,False,driver_roi,[]
660,11.01,True,c9_talking,0.40975478291511536,0.6408,yellow,0,False,driver_roi,[]
661,11.027,True,c9_talking,0.40975478291511536,0.6408,yellow,0,False,driver_roi,[]
662,11.044,True,c9_talking,0.4058939814567566,0.6408,yellow,0,False,driver_roi,[]
663,11.06,True,c9_talking,0.4058939814567566,0.6408,yellow,0,False,driver_roi,[]
664,11.077,True,c9_talking,0.4006933271884918,0.6408,yellow,0,False,driver_roi,[]
665,11.094,True,c9_talking,0.4006933271884918,0.6408,yellow,0,False,driver_roi,[]
666,11.11,True,c9_talking,0.39313894510269165,0.6407,yellow,0,False,driver_roi,[]
667,11.127,True,c9_talking,0.39313894510269165,0.6407,yellow,0,False,driver_roi,[]
668,11.144,True,c9_talking,0.38156452775001526,0.6402,yellow,0,False,driver_roi,[]
669,11.16,True,c9_talking,0.38156452775001526,0.6402,yellow,0,False,driver_roi,[]
670,11.177,True,c9_talking,0.3728349506855011,0.6361,yellow,0,False,driver_roi,[]
671,11.194,True,c9_talking,0.3728349506855011,0.6361,yellow,0,False,driver_roi,[]
672,11.21,True,c9_talking,0.3748595118522644,0.631,yellow,0,False,driver_roi,[]
673,11.227,True,c9_talking,0.3748595118522644,0.631,yellow,0,False,driver_roi,[]
674,11.244,True,c9_talking,0.363993376493454,0.6234,yellow,0,False,driver_roi,[]
675,11.26,True,c9_talking,0.363993376493454,0.6234,yellow,0,False,driver_roi,[]
676,11.277,True,c9_talking,0.3471953272819519,0.6162,yellow,0,False,driver_roi,[]
677,11.294,True,c9_talking,0.3471953272819519,0.6162,yellow,0,False,driver_roi,[]
678,11.311,True,c9_talking,0.32422786951065063,0.6125,yellow,0,False,driver_roi,[]
679,11.327,True,c9_talking,0.32422786951065063,0.6125,yellow,0,False,driver_roi,[]
680,11.344,True,c9_talking,0.303999125957489,0.6063,yellow,0,False,driver_roi,[]
681,11.361,True,c9_talking,0.303999125957489,0.6063,yellow,0,False,driver_roi,[]
682,11.377,True,c9_talking,0.28187569975852966,0.5979,yellow,0,False,driver_roi,[]
683,11.394,True,c9_talking,0.28187569975852966,0.5979,yellow,0,False,driver_roi,[]
684,11.411,True,c9_talking,0.2607128620147705,0.5931,yellow,0,False,driver_roi,[]
685,11.427,True,c9_talking,0.2607128620147705,0.5931,yellow,0,False,driver_roi,[]
686,11.444,True,c9_talking,0.24149660766124725,0.5886,yellow,0,False,driver_roi,[]
687,11.461,True,c9_talking,0.24149660766124725,0.5886,yellow,0,False,driver_roi,[]
688,11.477,True,c5_radio,0.23791417479515076,0.5839,yellow,0,False,driver_roi,[]
689,11.494,True,c5_radio,0.23791417479515076,0.5839,yellow,0,False,driver_roi,[]
690,11.511,True,c5_radio,0.22658996284008026,0.5777,yellow,0,False,driver_roi,[]
691,11.527,True,c5_radio,0.22658996284008026,0.5777,yellow,0,False,driver_roi,[]
692,11.544,True,c3_texting_left,0.21032069623470306,0.5732,yellow,0,False,driver_roi,[]
693,11.561,True,c3_texting_left,0.21032069623470306,0.5732,yellow,0,False,driver_roi,[]
694,11.577,True,c3_texting_left,0.2237008959054947,0.57,yellow,0,False,driver_roi,[]
695,11.594,True,c3_texting_left,0.2237008959054947,0.57,yellow,0,False,driver_roi,[]
696,11.611,True,c3_texting_left,0.23738332092761993,0.5676,yellow,0,False,driver_roi,[]
697,11.628,True,c3_texting_left,0.23738332092761993,0.5676,yellow,0,False,driver_roi,[]
698,11.644,True,c3_texting_left,0.2577259838581085,0.5664,yellow,0,False,driver_roi,[]
699,11.661,True,c3_texting_left,0.2577259838581085,0.5664,yellow,0,False,driver_roi,[]
700,11.678,True,c3_texting_left,0.2755824029445648,0.5656,yellow,0,False,driver_roi,[]
701,11.694,True,c3_texting_left,0.2755824029445648,0.5656,yellow,0,False,driver_roi,[]
702,11.711,True,c3_texting_left,0.29069268703460693,0.5645,yellow,0,False,driver_roi,[]
703,11.728,True,c3_texting_left,0.29069268703460693,0.5645,yellow,0,False,driver_roi,[]
704,11.744,True,c3_texting_left,0.3034581243991852,0.5636,yellow,0,False,driver_roi,[]
705,11.761,True,c3_texting_left,0.3034581243991852,0.5636,yellow,0,False,driver_roi,[]
706,11.778,True,c3_texting_left,0.32182440161705017,0.5635,yellow,0,False,driver_roi,[]
707,11.794,True,c3_texting_left,0.32182440161705017,0.5635,yellow,0,False,driver_roi,[]
708,11.811,True,c3_texting_left,0.33707740902900696,0.5638,yellow,0,False,driver_roi,[]
709,11.828,True,c3_texting_left,0.33707740902900696,0.5638,yellow,0,False,driver_roi,[]
710,11.844,True,c3_texting_left,0.3461173474788666,0.563,yellow,0,False,driver_roi,[]
711,11.861,True,c3_texting_left,0.3461173474788666,0.563,yellow,0,False,driver_roi,[]
712,11.878,True,c3_texting_left,0.3525061011314392,0.5621,yellow,0,False,driver_roi,[]
713,11.894,True,c3_texting_left,0.3525061011314392,0.5621,yellow,0,False,driver_roi,[]
714,11.911,True,c3_texting_left,0.35472214221954346,0.5601,yellow,0,False,driver_roi,[]
715,11.928,True,c3_texting_left,0.35472214221954346,0.5601,yellow,0,False,driver_roi,[]
716,11.944,True,c3_texting_left,0.35639432072639465,0.5574,yellow,0,False,driver_roi,[]
717,11.961,True,c3_texting_left,0.35639432072639465,0.5574,yellow,0,False,driver_roi,[]
718,11.978,True,c3_texting_left,0.35681405663490295,0.5568,yellow,0,False,driver_roi,[]
719,11.995,True,c3_texting_left,0.35681405663490295,0.5568,yellow,0,False,driver_roi,[]
720,12.011,True,c3_texting_left,0.3570445775985718,0.5561,yellow,0,False,driver_roi,[]
721,12.028,True,c3_texting_left,0.3570445775985718,0.5561,yellow,0,False,driver_roi,[]
722,12.045,True,c3_texting_left,0.3569912016391754,0.5557,yellow,0,False,driver_roi,[]
723,12.061,True,c3_texting_left,0.3569912016391754,0.5557,yellow,0,False,driver_roi,[]
724,12.078,True,c3_texting_left,0.3555566072463989,0.5555,yellow,0,False,driver_roi,[]
725,12.095,True,c3_texting_left,0.3555566072463989,0.5555,yellow,0,False,driver_roi,[]
726,12.111,True,c3_texting_left,0.33424893021583557,0.5547,yellow,0,False,driver_roi,[]
727,12.128,True,c3_texting_left,0.33424893021583557,0.5547,yellow,0,False,driver_roi,[]
728,12.145,True,c5_radio,0.35254260897636414,0.5545,yellow,0,False,driver_roi,[]
729,12.161,True,c5_radio,0.35254260897636414,0.5545,yellow,0,False,driver_roi,[]
730,12.178,True,c5_radio,0.37370920181274414,0.5579,yellow,0,False,driver_roi,[]
731,12.195,True,c5_radio,0.37370920181274414,0.5579,yellow,0,False,driver_roi,[]
732,12.211,True,c5_radio,0.39893898367881775,0.5619,yellow,0,False,driver_roi,[]
733,12.228,True,c5_radio,0.39893898367881775,0.5619,yellow,0,False,driver_roi,[]
734,12.245,True,c5_radio,0.42282018065452576,0.5674,yellow,0,False,driver_roi,[]
735,12.261,True,c5_radio,0.42282018065452576,0.5674,yellow,0,False,driver_roi,[]
736,12.278,True,c5_radio,0.4505120813846588,0.5729,yellow,0,False,driver_roi,[]
737,12.295,True,c5_radio,0.4505120813846588,0.5729,yellow,0,False,driver_roi,[]
738,12.311,True,c5_radio,0.47502702474594116,0.5734,yellow,0,False,driver_roi,[]
739,12.328,True,c5_radio,0.47502702474594116,0.5734,yellow,0,False,driver_roi,[]
740,12.345,True,c5_radio,0.48981764912605286,0.5738,yellow,0,False,driver_roi,[]
741,12.362,True,c5_radio,0.48981764912605286,0.5738,yellow,0,False,driver_roi,[]
742,12.378,True,c5_radio,0.5006301403045654,0.5773,yellow,0,False,driver_roi,[]
743,12.395,True,c5_radio,0.5006301403045654,0.5773,yellow,0,False,driver_roi,[]
744,12.412,True,c5_radio,0.5095652341842651,0.5782,yellow,0,False,driver_roi,[]
745,12.428,True,c5_radio,0.5095652341842651,0.5782,yellow,0,False,driver_roi,[]
746,12.445,True,c5_radio,0.51949143409729,0.5794,yellow,0,False,driver_roi,[]
747,12.462,True,c5_radio,0.51949143409729,0.5794,yellow,0,False,driver_roi,[]
748,12.478,True,c5_radio,0.5313226580619812,0.5812,yellow,0,False,driver_roi,[]
749,12.495,True,c5_radio,0.5313226580619812,0.5812,yellow,0,False,driver_roi,[]
750,12.512,True,c5_radio,0.5437095761299133,0.5849,yellow,0,False,driver_roi,[]
751,12.528,True,c5_radio,0.5437095761299133,0.5849,yellow,0,False,driver_roi,[]
752,12.545,True,c5_radio,0.55484539270401,0.5853,yellow,0,False,driver_roi,[]
753,12.562,True,c5_radio,0.55484539270401,0.5853,yellow,0,False,driver_roi,[]
754,12.578,True,c5_radio,0.5621923208236694,0.5839,yellow,0,False,driver_roi,[]
755,12.595,True,c5_radio,0.5621923208236694,0.5839,yellow,0,False,driver_roi,[]
756,12.612,True,c5_radio,0.5757461190223694,0.5834,yellow,0,False,driver_roi,[]
757,12.628,True,c5_radio,0.5757461190223694,0.5834,yellow,0,False,driver_roi,[]
758,12.645,True,c5_radio,0.5901145339012146,0.5814,yellow,0,False,driver_roi,[]
759,12.662,True,c5_radio,0.5901145339012146,0.5814,yellow,0,False,driver_roi,[]
760,12.678,True,c5_radio,0.6089981198310852,0.5809,yellow,0,False,driver_roi,[]
761,12.695,True,c5_radio,0.6089981198310852,0.5809,yellow,0,False,driver_roi,[]
762,12.712,True,c5_radio,0.6270937323570251,0.5808,yellow,0,False,driver_roi,[]
763,12.729,True,c5_radio,0.6270937323570251,0.5808,yellow,0,False,driver_roi,[]
764,12.745,True,c5_radio,0.6422349214553833,0.5808,yellow,0,False,driver_roi,[]
765,12.762,True,c5_radio,0.6422349214553833,0.5808,yellow,0,False,driver_roi,[]
766,12.779,True,c5_radio,0.6663371920585632,0.581,yellow,0,False,driver_roi,[]
767,12.795,True,c5_radio,0.6663371920585632,0.581,yellow,0,False,driver_roi,[]
768,12.812,True,c5_radio,0.6882867813110352,0.5811,yellow,0,False,driver_roi,[]
769,12.829,True,c5_radio,0.6882867813110352,0.5811,yellow,0,False,driver_roi,[]
770,12.845,True,c5_radio,0.7110846638679504,0.5822,yellow,0,False,driver_roi,[]
771,12.862,True,c5_radio,0.7110846638679504,0.5822,yellow,0,False,driver_roi,[]
772,12.879,True,c5_radio,0.7293565273284912,0.5833,yellow,0,False,driver_roi,[]
773,12.895,True,c5_radio,0.7293565273284912,0.5833,yellow,0,False,driver_roi,[]
774,12.912,True,c5_radio,0.7439242005348206,0.5844,yellow,0,False,driver_roi,[]
775,12.929,True,c5_radio,0.7439242005348206,0.5844,yellow,0,False,driver_roi,[]
776,12.945,True,c5_radio,0.7532721161842346,0.5859,yellow,0,False,driver_roi,[]
777,12.962,True,c5_radio,0.7532721161842346,0.5859,yellow,0,False,driver_roi,[]
778,12.979,True,c5_radio,0.7530437707901001,0.5854,yellow,0,False,driver_roi,[]
779,12.995,True,c5_radio,0.7530437707901001,0.5854,yellow,0,False,driver_roi,[]
780,13.012,True,c5_radio,0.7520460486412048,0.5847,yellow,0,False,driver_roi,[]
781,13.029,True,c5_radio,0.7520460486412048,0.5847,yellow,0,False,driver_roi,[]
782,13.045,True,c5_radio,0.748831570148468,0.5836,yellow,0,False,driver_roi,[]
783,13.062,True,c5_radio,0.748831570148468,0.5836,yellow,0,False,driver_roi,[]
784,13.079,True,c5_radio,0.7443779706954956,0.5823,yellow,0,False,driver_roi,[]
785,13.096,True,c5_radio,0.7443779706954956,0.5823,yellow,0,False,driver_roi,[]
786,13.112,True,c5_radio,0.7406225800514221,0.5817,yellow,0,False,driver_roi,[]
787,13.129,True,c5_radio,0.7406225800514221,0.5817,yellow,0,False,driver_roi,[]
788,13.146,True,c5_radio,0.7350042462348938,0.5807,yellow,0,False,driver_roi,[]
789,13.162,True,c5_radio,0.7350042462348938,0.5807,yellow,0,False,driver_roi,[]
790,13.179,True,c5_radio,0.7284740805625916,0.5793,yellow,0,False,driver_roi,[]
791,13.196,True,c5_radio,0.7284740805625916,0.5793,yellow,0,False,driver_roi,[]
792,13.212,True,c5_radio,0.7244036197662354,0.5786,yellow,0,False,driver_roi,[]
793,13.229,True,c5_radio,0.7244036197662354,0.5786,yellow,0,False,driver_roi,[]
794,13.246,True,c5_radio,0.723708987236023,0.5792,yellow,0,False,driver_roi,[]
795,13.262,True,c5_radio,0.723708987236023,0.5792,yellow,0,False,driver_roi,[]
796,13.279,True,c5_radio,0.7222644090652466,0.5797,yellow,0,False,driver_roi,[]
797,13.296,True,c5_radio,0.7222644090652466,0.5797,yellow,0,False,driver_roi,[]
798,13.312,True,c5_radio,0.7243821620941162,0.5817,yellow,0,False,driver_roi,[]
799,13.329,True,c5_radio,0.7243821620941162,0.5817,yellow,0,False,driver_roi,[]
800,13.346,True,c5_radio,0.7364553809165955,0.5865,yellow,0,False,driver_roi,[]
801,13.362,True,c5_radio,0.7364553809165955,0.5865,yellow,0,False,driver_roi,[]
802,13.379,True,c5_radio,0.750327467918396,0.5902,yellow,0,False,driver_roi,[]
803,13.396,True,c5_radio,0.750327467918396,0.5902,yellow,0,False,driver_roi,[]
804,13.412,True,c5_radio,0.764102578163147,0.5934,yellow,0,False,driver_roi,[]
805,13.429,True,c5_radio,0.764102578163147,0.5934,yellow,0,False,driver_roi,[]
806,13.446,True,c5_radio,0.7755511403083801,0.5958,yellow,0,False,driver_roi,[]
807,13.463,True,c5_radio,0.7755511403083801,0.5958,yellow,0,False,driver_roi,[]
808,13.479,True,c5_radio,0.7877117395401001,0.6124,yellow,1,False,driver_roi,[]
809,13.496,True,c5_radio,0.7877117395401001,0.6124,yellow,1,False,driver_roi,[]
810,13.513,True,c5_radio,0.8002477288246155,0.6285,yellow,2,False,driver_roi,[]
811,13.529,True,c5_radio,0.8002477288246155,0.6285,yellow,2,False,driver_roi,[]
812,13.546,True,c5_radio,0.8118677735328674,0.6458,yellow,3,False,driver_roi,[]
813,13.563,True,c5_radio,0.8118677735328674,0.6458,yellow,3,False,driver_roi,[]
814,13.579,True,c5_radio,0.8231310248374939,0.6635,yellow,4,False,driver_roi,[]
815,13.596,True,c5_radio,0.8231310248374939,0.6635,yellow,4,False,driver_roi,[]
816,13.613,True,c5_radio,0.824601411819458,0.6793,yellow,5,False,driver_roi,[]
817,13.629,True,c5_radio,0.824601411819458,0.6793,yellow,5,False,driver_roi,[]
818,13.646,True,c5_radio,0.8237072229385376,0.695,yellow,6,False,driver_roi,[]
819,13.663,True,c5_radio,0.8237072229385376,0.695,yellow,6,False,driver_roi,[]
820,13.679,True,c5_radio,0.81718909740448,0.7092,orange,7,False,driver_roi,[]
821,13.696,True,c5_radio,0.81718909740448,0.7092,orange,7,False,driver_roi,[]
822,13.713,True,c5_radio,0.8107112050056458,0.7238,orange,8,False,driver_roi,[]
823,13.729,True,c5_radio,0.8107112050056458,0.7238,orange,8,False,driver_roi,[]
824,13.746,True,c5_radio,0.8029681444168091,0.7376,orange,9,False,driver_roi,[]
825,13.763,True,c5_radio,0.8029681444168091,0.7376,orange,9,False,driver_roi,[]
826,13.78,True,c5_radio,0.7849811911582947,0.7488,orange,10,False,driver_roi,[]
827,13.796,True,c5_radio,0.7849811911582947,0.7488,orange,10,False,driver_roi,[]
828,13.813,True,c5_radio,0.7635660767555237,0.7287,orange,9,False,driver_roi,[]
829,13.83,True,c5_radio,0.7635660767555237,0.7287,orange,9,False,driver_roi,[]
830,13.846,True,c5_radio,0.7440956830978394,0.7096,orange,8,False,driver_roi,[]
831,13.863,True,c5_radio,0.7440956830978394,0.7096,orange,8,False,driver_roi,[]
832,13.88,True,c5_radio,0.7258185148239136,0.6912,yellow,7,False,driver_roi,[]
833,13.896,True,c5_radio,0.7258185148239136,0.6912,yellow,7,False,driver_roi,[]
834,13.913,True,c5_radio,0.7065784931182861,0.6732,yellow,6,False,driver_roi,[]
835,13.93,True,c5_radio,0.7065784931182861,0.6732,yellow,6,False,driver_roi,[]
836,13.946,True,c5_radio,0.6923147439956665,0.6563,yellow,5,False,driver_roi,[]
837,13.963,True,c5_radio,0.6923147439956665,0.6563,yellow,5,False,driver_roi,[]
838,13.98,True,c5_radio,0.6863282322883606,0.6409,yellow,4,False,driver_roi,[]
839,13.996,True,c5_radio,0.6863282322883606,0.6409,yellow,4,False,driver_roi,[]
840,14.013,True,c5_radio,0.6788904666900635,0.6254,yellow,3,False,driver_roi,[]
841,14.03,True,c5_radio,0.6788904666900635,0.6254,yellow,3,False,driver_roi,[]
842,14.046,True,c5_radio,0.6691343188285828,0.6094,yellow,2,False,driver_roi,[]
843,14.063,True,c5_radio,0.6691343188285828,0.6094,yellow,2,False,driver_roi,[]
844,14.08,True,c5_radio,0.6651695370674133,0.5944,yellow,1,False,driver_roi,[]
845,14.096,True,c5_radio,0.6651695370674133,0.5944,yellow,1,False,driver_roi,[]
846,14.113,True,c5_radio,0.6634576916694641,0.5792,yellow,0,False,driver_roi,[]
847,14.13,True,c5_radio,0.6634576916694641,0.5792,yellow,0,False,driver_roi,[]
848,14.147,True,c5_radio,0.6652196645736694,0.5796,yellow,0,False,driver_roi,[]
849,14.163,True,c5_radio,0.6652196645736694,0.5796,yellow,0,False,driver_roi,[]
850,14.18,True,c5_radio,0.6687966585159302,0.5807,yellow,0,False,driver_roi,[]
851,14.197,True,c5_radio,0.6687966585159302,0.5807,yellow,0,False,driver_roi,[]
852,14.213,True,c5_radio,0.672869086265564,0.5817,yellow,0,False,driver_roi,[]
853,14.23,True,c5_radio,0.672869086265564,0.5817,yellow,0,False,driver_roi,[]
854,14.247,True,c5_radio,0.6755059361457825,0.5821,yellow,0,False,driver_roi,[]
855,14.263,True,c5_radio,0.6755059361457825,0.5821,yellow,0,False,driver_roi,[]
856,14.28,True,c5_radio,0.6769207119941711,0.5824,yellow,0,False,driver_roi,[]
857,14.297,True,c5_radio,0.6769207119941711,0.5824,yellow,0,False,driver_roi,[]
858,14.313,True,c5_radio,0.6767085790634155,0.5824,yellow,0,False,driver_roi,[]
859,14.33,True,c5_radio,0.6767085790634155,0.5824,yellow,0,False,driver_roi,[]
860,14.347,True,c5_radio,0.6724823117256165,0.5818,yellow,0,False,driver_roi,[]
861,14.363,True,c5_radio,0.6724823117256165,0.5818,yellow,0,False,driver_roi,[]
862,14.38,True,c5_radio,0.6653900146484375,0.5809,yellow,0,False,driver_roi,[]
863,14.397,True,c5_radio,0.6653900146484375,0.5809,yellow,0,False,driver_roi,[]
864,14.413,True,c5_radio,0.6612108945846558,0.5799,yellow,0,False,driver_roi,[]
865,14.43,True,c5_radio,0.6612108945846558,0.5799,yellow,0,False,driver_roi,[]
866,14.447,True,c5_radio,0.652994692325592,0.5774,yellow,0,False,driver_roi,[]
867,14.463,True,c5_radio,0.652994692325592,0.5774,yellow,0,False,driver_roi,[]
868,14.48,True,c5_radio,0.6492494940757751,0.5758,yellow,0,False,driver_roi,[]
869,14.497,True,c5_radio,0.6492494940757751,0.5758,yellow,0,False,driver_roi,[]
870,14.514,True,c5_radio,0.6424956917762756,0.5735,yellow,0,False,driver_roi,[]
871,14.53,True,c5_radio,0.6424956917762756,0.5735,yellow,0,False,driver_roi,[]
872,14.547,True,c5_radio,0.6350125670433044,0.571,yellow,0,False,driver_roi,[]
873,14.564,True,c5_radio,0.6350125670433044,0.571,yellow,0,False,driver_roi,[]
874,14.58,True,c5_radio,0.6242468357086182,0.5677,yellow,0,False,driver_roi,[]
875,14.597,True,c5_radio,0.6242468357086182,0.5677,yellow,0,False,driver_roi,[]
876,14.614,True,c5_radio,0.6201124787330627,0.5653,yellow,0,False,driver_roi,[]
877,14.63,True,c5_radio,0.6201124787330627,0.5653,yellow,0,False,driver_roi,[]
878,14.647,True,c5_radio,0.619344174861908,0.5632,yellow,0,False,driver_roi,[]
879,14.664,True,c5_radio,0.619344174861908,0.5632,yellow,0,False,driver_roi,[]
880,14.68,True,c5_radio,0.617720901966095,0.5617,yellow,0,False,driver_roi,[]
881,14.697,True,c5_radio,0.617720901966095,0.5617,yellow,0,False,driver_roi,[]
882,14.714,True,c5_radio,0.6198058724403381,0.5605,yellow,0,False,driver_roi,[]
883,14.73,True,c5_radio,0.6198058724403381,0.5605,yellow,0,False,driver_roi,[]
884,14.747,True,c5_radio,0.6139005422592163,0.5568,yellow,0,False,driver_roi,[]
885,14.764,True,c5_radio,0.6139005422592163,0.5568,yellow,0,False,driver_roi,[]
886,14.78,True,c5_radio,0.6131786108016968,0.5556,yellow,0,False,driver_roi,[]
887,14.797,True,c5_radio,0.6131786108016968,0.5556,yellow,0,False,driver_roi,[]
888,14.814,True,c5_radio,0.619946300983429,0.559,yellow,0,False,driver_roi,[]
889,14.83,True,c5_radio,0.619946300983429,0.559,yellow,0,False,driver_roi,[]
890,14.847,True,c5_radio,0.6264750361442566,0.5615,yellow,0,False,driver_roi,[]
891,14.864,True,c5_radio,0.6264750361442566,0.5615,yellow,0,False,driver_roi,[]
892,14.881,True,c5_radio,0.63888019323349,0.5644,yellow,0,False,driver_roi,[]
893,14.897,True,c5_radio,0.63888019323349,0.5644,yellow,0,False,driver_roi,[]
894,14.914,True,c5_radio,0.6553959250450134,0.5676,yellow,0,False,driver_roi,[]
895,14.931,True,c5_radio,0.6553959250450134,0.5676,yellow,0,False,driver_roi,[]
896,14.947,True,c5_radio,0.6683143973350525,0.5703,yellow,0,False,driver_roi,[]
897,14.964,True,c5_radio,0.6683143973350525,0.5703,yellow,0,False,driver_roi,[]
898,14.981,True,c5_radio,0.6753379702568054,0.5718,yellow,0,False,driver_roi,[]
899,14.997,True,c5_radio,0.6753379702568054,0.5718,yellow,0,False,driver_roi,[]
900,15.014,True,c5_radio,0.6831856369972229,0.5734,yellow,0,False,driver_roi,[]
901,15.031,True,c5_radio,0.6831856369972229,0.5734,yellow,0,False,driver_roi,[]
902,15.047,True,c5_radio,0.6907682418823242,0.5751,yellow,0,False,driver_roi,[]
903,15.064,True,c5_radio,0.6907682418823242,0.5751,yellow,0,False,driver_roi,[]
904,15.081,True,c5_radio,0.6914035081863403,0.5753,yellow,0,False,driver_roi,[]
905,15.097,True,c5_radio,0.6914035081863403,0.5753,yellow,0,False,driver_roi,[]
906,15.114,True,c5_radio,0.6927409768104553,0.5758,yellow,0,False,driver_roi,[]
907,15.131,True,c5_radio,0.6927409768104553,0.5758,yellow,0,False,driver_roi,[]
908,15.147,True,c5_radio,0.6918795108795166,0.5754,yellow,0,False,driver_roi,[]
909,15.164,True,c5_radio,0.6918795108795166,0.5754,yellow,0,False,driver_roi,[]
910,15.181,True,c5_radio,0.6870253682136536,0.574,yellow,0,False,driver_roi,[]
911,15.197,True,c5_radio,0.6870253682136536,0.574,yellow,0,False,driver_roi,[]
912,15.214,True,c5_radio,0.6817463636398315,0.5731,yellow,0,False,driver_roi,[]
913,15.231,True,c5_radio,0.6817463636398315,0.5731,yellow,0,False,driver_roi,[]
914,15.248,True,c5_radio,0.6750061511993408,0.5722,yellow,0,False,driver_roi,[]
915,15.264,True,c5_radio,0.6750061511993408,0.5722,yellow,0,False,driver_roi,[]
916,15.281,True,c5_radio,0.6681662797927856,0.5717,yellow,0,False,driver_roi,[]
917,15.298,True,c5_radio,0.6681662797927856,0.5717,yellow,0,False,driver_roi,[]
918,15.314,True,c5_radio,0.6602973341941833,0.571,yellow,0,False,driver_roi,[]
919,15.331,True,c5_radio,0.6602973341941833,0.571,yellow,0,False,driver_roi,[]
920,15.348,True,c5_radio,0.6515375971794128,0.57,yellow,0,False,driver_roi,[]
921,15.364,True,c5_radio,0.6515375971794128,0.57,yellow,0,False,driver_roi,[]
922,15.381,True,c5_radio,0.6494782567024231,0.5694,yellow,0,False,driver_roi,[]
923,15.398,True,c5_radio,0.6494782567024231,0.5694,yellow,0,False,driver_roi,[]
924,15.414,True,c5_radio,0.644544780254364,0.5678,yellow,0,False,driver_roi,[]
925,15.431,True,c5_radio,0.644544780254364,0.5678,yellow,0,False,driver_roi,[]
926,15.448,True,c5_radio,0.6331087350845337,0.5657,yellow,0,False,driver_roi,[]
927,15.464,True,c5_radio,0.6331087350845337,0.5657,yellow,0,False,driver_roi,[]
928,15.481,True,c5_radio,0.6156557202339172,0.5615,yellow,0,False,driver_roi,[]
929,15.498,True,c5_radio,0.6156557202339172,0.5615,yellow,0,False,driver_roi,[]
930,15.514,True,c5_radio,0.5990040898323059,0.5587,yellow,0,False,driver_roi,[]
931,15.531,True,c5_radio,0.5990040898323059,0.5587,yellow,0,False,driver_roi,[]
932,15.548,True,c5_radio,0.5858088135719299,0.5582,yellow,0,False,driver_roi,[]
933,15.565,True,c5_radio,0.5858088135719299,0.5582,yellow,0,False,driver_roi,[]
934,15.581,True,c5_radio,0.5769597887992859,0.559,yellow,0,False,driver_roi,[]
935,15.598,True,c5_radio,0.5769597887992859,0.559,yellow,0,False,driver_roi,[]
936,15.615,True,c5_radio,0.5690062642097473,0.5596,yellow,0,False,driver_roi,[]
937,15.631,True,c5_radio,0.5690062642097473,0.5596,yellow,0,False,driver_roi,[]
938,15.648,True,c5_radio,0.5660921335220337,0.5608,yellow,0,False,driver_roi,[]
939,15.665,True,c5_radio,0.5660921335220337,0.5608,yellow,0,False,driver_roi,[]
940,15.681,True,c5_radio,0.5638498067855835,0.5618,yellow,0,False,driver_roi,[]
941,15.698,True,c5_radio,0.5638498067855835,0.5618,yellow,0,False,driver_roi,[]
942,15.715,True,c5_radio,0.5631390810012817,0.5633,yellow,0,False,driver_roi,[]
943,15.731,True,c5_radio,0.5631390810012817,0.5633,yellow,0,False,driver_roi,[]
944,15.748,True,c5_radio,0.5737631916999817,0.5681,yellow,0,False,driver_roi,[]
945,15.765,True,c5_radio,0.5737631916999817,0.5681,yellow,0,False,driver_roi,[]
946,15.781,True,c5_radio,0.5883557200431824,0.5723,yellow,0,False,driver_roi,[]
947,15.798,True,c5_radio,0.5883557200431824,0.5723,yellow,0,False,driver_roi,[]
948,15.815,True,c5_radio,0.6002827882766724,0.5742,yellow,0,False,driver_roi,[]
949,15.831,True,c5_radio,0.6002827882766724,0.5742,yellow,0,False,driver_roi,[]
950,15.848,True,c5_radio,0.6102908253669739,0.5759,yellow,0,False,driver_roi,[]
951,15.865,True,c5_radio,0.6102908253669739,0.5759,yellow,0,False,driver_roi,[]
952,15.881,True,c5_radio,0.6125562191009521,0.5764,yellow,0,False,driver_roi,[]
953,15.898,True,c5_radio,0.6125562191009521,0.5764,yellow,0,False,driver_roi,[]
954,15.915,True,c5_radio,0.6067631244659424,0.5754,yellow,0,False,driver_roi,[]
955,15.932,True,c5_radio,0.6067631244659424,0.5754,yellow,0,False,driver_roi,[]
956,15.948,True,c5_radio,0.5999621152877808,0.574,yellow,0,False,driver_roi,[]
957,15.965,True,c5_radio,0.5999621152877808,0.574,yellow,0,False,driver_roi,[]
958,15.982,True,c5_radio,0.5939486622810364,0.5727,yellow,0,False,driver_roi,[]
959,15.998,True,c5_radio,0.5939486622810364,0.5727,yellow,0,False,driver_roi,[]
960,16.015,True,c5_radio,0.5897260308265686,0.5723,yellow,0,False,driver_roi,[]
961,16.032,True,c5_radio,0.5897260308265686,0.5723,yellow,0,False,driver_roi,[]
962,16.048,True,c5_radio,0.5889104008674622,0.5724,yellow,0,False,driver_roi,[]
963,16.065,True,c5_radio,0.5889104008674622,0.5724,yellow,0,False,driver_roi,[]
964,16.082,True,c5_radio,0.5910884737968445,0.5733,yellow,0,False,driver_roi,[]
965,16.098,True,c5_radio,0.5910884737968445,0.5733,yellow,0,False,driver_roi,[]
966,16.115,True,c5_radio,0.5854393839836121,0.5731,yellow,0,False,driver_roi,[]
967,16.132,True,c5_radio,0.5854393839836121,0.5731,yellow,0,False,driver_roi,[]
968,16.148,True,c5_radio,0.5804089903831482,0.5737,yellow,0,False,driver_roi,[]
969,16.165,True,c5_radio,0.5804089903831482,0.5737,yellow,0,False,driver_roi,[]
970,16.182,True,c5_radio,0.5701751708984375,0.5742,yellow,0,False,driver_roi,[]
971,16.198,True,c5_radio,0.5701751708984375,0.5742,yellow,0,False,driver_roi,[]
972,16.215,True,c5_radio,0.5534796118736267,0.5733,yellow,0,False,driver_roi,[]
973,16.232,True,c5_radio,0.5534796118736267,0.5733,yellow,0,False,driver_roi,[]
974,16.248,True,c5_radio,0.5427462458610535,0.5727,yellow,0,False,driver_roi,[]
975,16.265,True,c5_radio,0.5427462458610535,0.5727,yellow,0,False,driver_roi,[]
976,16.282,True,c5_radio,0.5293720364570618,0.5716,yellow,0,False,driver_roi,[]
977,16.299,True,c5_radio,0.5293720364570618,0.5716,yellow,0,False,driver_roi,[]
978,16.315,True,c5_radio,0.5151811242103577,0.5706,yellow,0,False,driver_roi,[]
979,16.332,True,c5_radio,0.5151811242103577,0.5706,yellow,0,False,driver_roi,[]
980,16.349,True,c5_radio,0.5046607851982117,0.5696,yellow,0,False,driver_roi,[]
981,16.365,True,c5_radio,0.5046607851982117,0.5696,yellow,0,False,driver_roi,[]
982,16.382,True,c5_radio,0.49866411089897156,0.5691,yellow,0,False,driver_roi,[]
983,16.399,True,c5_radio,0.49866411089897156,0.5691,yellow,0,False,driver_roi,[]
984,16.415,True,c5_radio,0.49690452218055725,0.5695,yellow,0,False,driver_roi,[]
985,16.432,True,c5_radio,0.49690452218055725,0.5695,yellow,0,False,driver_roi,[]
986,16.449,True,c5_radio,0.5095281004905701,0.5732,yellow,0,False,driver_roi,[]
987,16.465,True,c5_radio,0.5095281004905701,0.5732,yellow,0,False,driver_roi,[]
988,16.482,True,c5_radio,0.527631402015686,0.5785,yellow,0,False,driver_roi,[]
989,16.499,True,c5_radio,0.527631402015686,0.5785,yellow,0,False,driver_roi,[]
990,16.515,True,c5_radio,0.5466768145561218,0.5836,yellow,0,False,driver_roi,[]
991,16.532,True,c5_radio,0.5466768145561218,0.5836,yellow,0,False,driver_roi,[]
992,16.549,True,c5_radio,0.5625152587890625,0.5867,yellow,0,False,driver_roi,[]
993,16.565,True,c5_radio,0.5625152587890625,0.5867,yellow,0,False,driver_roi,[]
994,16.582,True,c5_radio,0.5822887420654297,0.59,yellow,0,False,driver_roi,[]
995,16.599,True,c5_radio,0.5822887420654297,0.59,yellow,0,False,driver_roi,[]
996,16.615,True,c5_radio,0.5979022979736328,0.5928,yellow,0,False,driver_roi,[]
997,16.632,True,c5_radio,0.5979022979736328,0.5928,yellow,0,False,driver_roi,[]
998,16.649,True,c5_radio,0.6111094951629639,0.5953,yellow,0,False,driver_roi,[]
999,16.666,True,c5_radio,0.6111094951629639,0.5953,yellow,0,False,driver_roi,[]
1000,16.682,True,c5_radio,0.6242767572402954,0.5972,yellow,0,False,driver_roi,[]
1001,16.699,True,c5_radio,0.6242767572402954,0.5972,yellow,0,False,driver_roi,[]
1002,16.716,True,c5_radio,0.6301997303962708,0.5976,yellow,0,False,driver_roi,[]
1003,16.732,True,c5_radio,0.6301997303962708,0.5976,yellow,0,False,driver_roi,[]
1004,16.749,True,c5_radio,0.6301677823066711,0.5976,yellow,0,False,driver_roi,[]
1005,16.766,True,c5_radio,0.6301677823066711,0.5976,yellow,0,False,driver_roi,[]
1006,16.782,True,c5_radio,0.6298472881317139,0.5977,yellow,0,False,driver_roi,[]
1007,16.799,True,c5_radio,0.6298472881317139,0.5977,yellow,0,False,driver_roi,[]
1008,16.816,True,c5_radio,0.6303234100341797,0.5979,yellow,0,False,driver_roi,[]
1009,16.832,True,c5_radio,0.6303234100341797,0.5979,yellow,0,False,driver_roi,[]
1010,16.849,True,c5_radio,0.6307079792022705,0.5982,yellow,0,False,driver_roi,[]
1011,16.866,True,c5_radio,0.6307079792022705,0.5982,yellow,0,False,driver_roi,[]
1012,16.882,True,c5_radio,0.6321015954017639,0.5986,yellow,0,False,driver_roi,[]
1013,16.899,True,c5_radio,0.6321015954017639,0.5986,yellow,0,False,driver_roi,[]
1014,16.916,True,c5_radio,0.6397551894187927,0.6,yellow,0,False,driver_roi,[]
1015,16.932,True,c5_radio,0.6397551894187927,0.6,yellow,0,False,driver_roi,[]
1016,16.949,True,c5_radio,0.6458525061607361,0.6014,yellow,0,False,driver_roi,[]
1017,16.966,True,c5_radio,0.6458525061607361,0.6014,yellow,0,False,driver_roi,[]
1018,16.982,True,c5_radio,0.6462306976318359,0.6016,yellow,0,False,driver_roi,[]
1019,16.999,True,c5_radio,0.6462306976318359,0.6016,yellow,0,False,driver_roi,[]
1020,17.016,True,c5_radio,0.6459811925888062,0.6014,yellow,0,False,driver_roi,[]
1021,17.033,True,c5_radio,0.6459811925888062,0.6014,yellow,0,False,driver_roi,[]
1022,17.049,True,c5_radio,0.644588828086853,0.6009,yellow,0,False,driver_roi,[]
1023,17.066,True,c5_radio,0.644588828086853,0.6009,yellow,0,False,driver_roi,[]
1024,17.083,True,c5_radio,0.6429735422134399,0.6004,yellow,0,False,driver_roi,[]
1025,17.099,True,c5_radio,0.6429735422134399,0.6004,yellow,0,False,driver_roi,[]
1026,17.116,True,c5_radio,0.6481184363365173,0.6007,yellow,0,False,driver_roi,[]
1027,17.133,True,c5_radio,0.6481184363365173,0.6007,yellow,0,False,driver_roi,[]
1028,17.149,True,c5_radio,0.6548641920089722,0.6007,yellow,0,False,driver_roi,[]
1029,17.166,True,c5_radio,0.6548641920089722,0.6007,yellow,0,False,driver_roi,[]
1030,17.183,True,c5_radio,0.6711260676383972,0.6018,yellow,0,False,driver_roi,[]
1031,17.199,True,c5_radio,0.6711260676383972,0.6018,yellow,0,False,driver_roi,[]
1032,17.216,True,c5_radio,0.6943661570549011,0.6042,yellow,0,False,driver_roi,[]
1033,17.233,True,c5_radio,0.6943661570549011,0.6042,yellow,0,False,driver_roi,[]
1034,17.249,True,c5_radio,0.7148517966270447,0.6064,yellow,0,False,driver_roi,[]
1035,17.266,True,c5_radio,0.7148517966270447,0.6064,yellow,0,False,driver_roi,[]
1036,17.283,True,c5_radio,0.7383486032485962,0.6087,yellow,0,False,driver_roi,[]
1037,17.299,True,c5_radio,0.7383486032485962,0.6087,yellow,0,False,driver_roi,[]
1038,17.316,True,c5_radio,0.764718234539032,0.6112,yellow,0,False,driver_roi,[]
1039,17.333,True,c5_radio,0.764718234539032,0.6112,yellow,0,False,driver_roi,[]
1040,17.349,True,c5_radio,0.7900384664535522,0.6289,yellow,1,False,driver_roi,[]
1041,17.366,True,c5_radio,0.7900384664535522,0.6289,yellow,1,False,driver_roi,[]
1042,17.383,True,c5_radio,0.8077917098999023,0.6462,yellow,2,False,driver_roi,[]
1043,17.4,True,c5_radio,0.8077917098999023,0.6462,yellow,2,False,driver_roi,[]
1044,17.416,True,c5_radio,0.8209145665168762,0.6636,yellow,3,False,driver_roi,[]
1045,17.433,True,c5_radio,0.8209145665168762,0.6636,yellow,3,False,driver_roi,[]
1046,17.45,True,c5_radio,0.8308578729629517,0.68,yellow,4,False,driver_roi,[]
1047,17.466,True,c5_radio,0.8308578729629517,0.68,yellow,4,False,driver_roi,[]
1048,17.483,True,c5_radio,0.8362528681755066,0.6956,yellow,5,False,driver_roi,[]
1049,17.5,True,c5_radio,0.8362528681755066,0.6956,yellow,5,False,driver_roi,[]
1050,17.516,True,c5_radio,0.8408534526824951,0.7108,orange,6,False,driver_roi,[]
1051,17.533,True,c5_radio,0.8408534526824951,0.7108,orange,6,False,driver_roi,[]
1052,17.55,True,c5_radio,0.8461635112762451,0.7259,orange,7,False,driver_roi,[]
1053,17.566,True,c5_radio,0.8461635112762451,0.7259,orange,7,False,driver_roi,[]
1054,17.583,True,c5_radio,0.8478606343269348,0.7403,orange,8,False,driver_roi,[]
1055,17.6,True,c5_radio,0.8478606343269348,0.7403,orange,8,False,driver_roi,[]
1056,17.616,True,c5_radio,0.8471643924713135,0.7542,orange,9,False,driver_roi,[]
1057,17.633,True,c5_radio,0.8471643924713135,0.7542,orange,9,False,driver_roi,[]
1058,17.65,True,c5_radio,0.843664824962616,0.7676,orange,10,False,driver_roi,[]
1059,17.666,True,c5_radio,0.843664824962616,0.7676,orange,10,False,driver_roi,[]
1060,17.683,True,c5_radio,0.8409048914909363,0.7809,orange,11,False,driver_roi,[]
1061,17.7,True,c5_radio,0.8409048914909363,0.7809,orange,11,False,driver_roi,[]
1062,17.717,True,c5_radio,0.8360835909843445,0.7938,orange,12,False,driver_roi,[]
1063,17.733,True,c5_radio,0.8360835909843445,0.7938,orange,12,False,driver_roi,[]
1064,17.75,True,c5_radio,0.8332156538963318,0.8066,orange,13,False,driver_roi,[]
1065,17.767,True,c5_radio,0.8332156538963318,0.8066,orange,13,False,driver_roi,[]
1066,17.783,True,c5_radio,0.8264623880386353,0.8184,orange,14,False,driver_roi,[]
1067,17.8,True,c5_radio,0.8264623880386353,0.8184,orange,14,False,driver_roi,[]
1068,17.817,True,c5_radio,0.8223491311073303,0.8314,orange,15,False,driver_roi,[]
1069,17.833,True,c5_radio,0.8223491311073303,0.8314,orange,15,False,driver_roi,[]
1070,17.85,True,c5_radio,0.8190336227416992,0.8445,orange,16,False,driver_roi,[]
1071,17.867,True,c5_radio,0.8190336227416992,0.8445,orange,16,False,driver_roi,[]
1072,17.883,True,c5_radio,0.817546546459198,0.8587,orange,17,False,driver_roi,[]
1073,17.9,True,c5_radio,0.817546546459198,0.8587,orange,17,False,driver_roi,[]
1074,17.917,True,c5_radio,0.8143341541290283,0.8725,orange,18,False,driver_roi,[]
1075,17.933,True,c5_radio,0.8143341541290283,0.8725,orange,18,False,driver_roi,[]
1076,17.95,True,c5_radio,0.8127723336219788,0.8863,orange,19,False,driver_roi,[]
1077,17.967,True,c5_radio,0.8127723336219788,0.8863,orange,19,False,driver_roi,[]
1078,17.983,True,c5_radio,0.8158687949180603,0.9011,red,20,False,driver_roi,[]
1079,18.0,True,c5_radio,0.8158687949180603,0.9011,red,20,False,driver_roi,[]
1080,18.017,True,c5_radio,0.8205387592315674,0.9162,red,21,False,driver_roi,[]
1081,18.033,True,c5_radio,0.8205387592315674,0.9162,red,21,False,driver_roi,[]
1082,18.05,True,c5_radio,0.8261547088623047,0.9315,red,22,False,driver_roi,[]
1083,18.067,True,c5_radio,0.8261547088623047,0.9315,red,22,False,driver_roi,[]
1084,18.084,True,c5_radio,0.8277152180671692,0.9459,red,23,False,driver_roi,[]
1085,18.1,True,c5_radio,0.8277152180671692,0.9459,red,23,False,driver_roi,[]
1086,18.117,True,c5_radio,0.8279009461402893,0.9596,red,24,True,driver_roi,[]
1087,18.134,True,c5_radio,0.8279009461402893,0.9596,red,24,True,driver_roi,[]
1088,18.15,True,c5_radio,0.8265970945358276,0.9588,red,25,True,driver_roi,[]
1089,18.167,True,c5_radio,0.8265970945358276,0.9588,red,25,True,driver_roi,[]
1090,18.184,True,c5_radio,0.824314296245575,0.958,red,26,True,driver_roi,[]
1091,18.2,True,c5_radio,0.824314296245575,0.958,red,26,True,driver_roi,[]
1092,18.217,True,c5_radio,0.8190138339996338,0.9569,red,27,True,driver_roi,[]
1093,18.234,True,c5_radio,0.8190138339996338,0.9569,red,27,True,driver_roi,[]
1094,18.25,True,c5_radio,0.8114086389541626,0.9559,red,28,True,driver_roi,[]
1095,18.267,True,c5_radio,0.8114086389541626,0.9559,red,28,True,driver_roi,[]
1096,18.284,True,c5_radio,0.8075066804885864,0.955,red,29,True,driver_roi,[]
1097,18.3,True,c5_radio,0.8075066804885864,0.955,red,29,True,driver_roi,[]
1098,18.317,True,c5_radio,0.8029440641403198,0.9541,red,30,True,driver_roi,[]
1099,18.334,True,c5_radio,0.8029440641403198,0.9541,red,30,True,driver_roi,[]
1100,18.35,True,c5_radio,0.8016030192375183,0.9532,red,31,True,driver_roi,[]
1101,18.367,True,c5_radio,0.8016030192375183,0.9532,red,31,True,driver_roi,[]
1102,18.384,True,c5_radio,0.7998691201210022,0.9525,red,32,True,driver_roi,[]
1103,18.4,True,c5_radio,0.7998691201210022,0.9525,red,32,True,driver_roi,[]
1104,18.417,True,c5_radio,0.8001011610031128,0.9521,red,33,True,driver_roi,[]
1105,18.434,True,c5_radio,0.8001011610031128,0.9521,red,33,True,driver_roi,[]
1106,18.451,True,c5_radio,0.8007544279098511,0.952,red,34,True,driver_roi,[]
1107,18.467,True,c5_radio,0.8007544279098511,0.952,red,34,True,driver_roi,[]
1108,18.484,True,c5_radio,0.8024635314941406,0.9521,red,35,True,driver_roi,[]
1109,18.501,True,c5_radio,0.8024635314941406,0.9521,red,35,True,driver_roi,[]
1110,18.517,True,c5_radio,0.8048027753829956,0.9524,red,36,True,driver_roi,[]
1111,18.534,True,c5_radio,0.8048027753829956,0.9524,red,36,True,driver_roi,[]
1112,18.551,True,c5_radio,0.808485209941864,0.953,red,37,True,driver_roi,[]
1113,18.567,True,c5_radio,0.808485209941864,0.953,red,37,True,driver_roi,[]
1114,18.584,True,c5_radio,0.8114445209503174,0.9533,red,38,True,driver_roi,[]
1115,18.601,True,c5_radio,0.8114445209503174,0.9533,red,38,True,driver_roi,[]
1116,18.617,True,c5_radio,0.8155295848846436,0.9539,red,39,True,driver_roi,[]
1117,18.634,True,c5_radio,0.8155295848846436,0.9539,red,39,True,driver_roi,[]
1118,18.651,True,c5_radio,0.8199247717857361,0.9549,red,40,True,driver_roi,[]
1119,18.667,True,c5_radio,0.8199247717857361,0.9549,red,40,True,driver_roi,[]
1120,18.684,True,c5_radio,0.8219358325004578,0.9559,red,41,True,driver_roi,[]
1121,18.701,True,c5_radio,0.8219358325004578,0.9559,red,41,True,driver_roi,[]
1122,18.717,True,c5_radio,0.8240070343017578,0.9574,red,42,True,driver_roi,[]
1123,18.734,True,c5_radio,0.8240070343017578,0.9574,red,42,True,driver_roi,[]
1124,18.751,True,c5_radio,0.8213071823120117,0.9586,red,43,True,driver_roi,[]
1125,18.767,True,c5_radio,0.8213071823120117,0.9586,red,43,True,driver_roi,[]
1126,18.784,True,c5_radio,0.8192617893218994,0.9603,red,44,True,driver_roi,[]
1127,18.801,True,c5_radio,0.8192617893218994,0.9603,red,44,True,driver_roi,[]
1128,18.818,True,c5_radio,0.8063836693763733,0.9591,red,45,True,driver_roi,[]
1129,18.834,True,c5_radio,0.8063836693763733,0.9591,red,45,True,driver_roi,[]
1130,18.851,True,c5_radio,0.7876127362251282,0.9573,red,46,True,driver_roi,[]
1131,18.868,True,c5_radio,0.7876127362251282,0.9573,red,46,True,driver_roi,[]
1132,18.884,True,c5_radio,0.770386815071106,0.9545,red,45,True,driver_roi,[]
1133,18.901,True,c5_radio,0.770386815071106,0.9545,red,45,True,driver_roi,[]
1134,18.918,True,c5_radio,0.7578399181365967,0.9527,red,44,True,driver_roi,[]
1135,18.934,True,c5_radio,0.7578399181365967,0.9527,red,44,True,driver_roi,[]
1136,18.951,True,c5_radio,0.7461073398590088,0.9517,red,43,True,driver_roi,[]
1137,18.968,True,c5_radio,0.7461073398590088,0.9517,red,43,True,driver_roi,[]
1138,18.984,True,c5_radio,0.732792854309082,0.9508,red,42,True,driver_roi,[]
1139,19.001,True,c5_radio,0.732792854309082,0.9508,red,42,True,driver_roi,[]
1140,19.018,True,c5_radio,0.7161927819252014,0.9494,red,41,True,driver_roi,[]
1141,19.034,True,c5_radio,0.7161927819252014,0.9494,red,41,True,driver_roi,[]
1142,19.051,True,c5_radio,0.704520046710968,0.9484,red,40,True,driver_roi,[]
1143,19.068,True,c5_radio,0.704520046710968,0.9484,red,40,True,driver_roi,[]
1144,19.084,True,c5_radio,0.6896998286247253,0.9485,red,39,True,driver_roi,[]
1145,19.101,True,c5_radio,0.6896998286247253,0.9485,red,39,True,driver_roi,[]
1146,19.118,True,c5_radio,0.6720451712608337,0.9496,red,38,True,driver_roi,[]
1147,19.134,True,c5_radio,0.6720451712608337,0.9496,red,38,True,driver_roi,[]
1148,19.151,True,c5_radio,0.6547145843505859,0.9501,red,37,True,driver_roi,[]
1149,19.168,True,c5_radio,0.6547145843505859,0.9501,red,37,True,driver_roi,[]
1150,19.185,True,c5_radio,0.6330803632736206,0.9497,red,36,True,driver_roi,[]
1151,19.201,True,c5_radio,0.6330803632736206,0.9497,red,36,True,driver_roi,[]
1152,19.218,True,c5_radio,0.6231153607368469,0.9496,red,35,True,driver_roi,[]
1153,19.235,True,c5_radio,0.6231153607368469,0.9496,red,35,True,driver_roi,[]
1154,19.251,True,c5_radio,0.6139283776283264,0.9494,red,34,True,driver_roi,[]
1155,19.268,True,c5_radio,0.6139283776283264,0.9494,red,34,True,driver_roi,[]
1156,19.285,True,c5_radio,0.6088679432868958,0.9496,red,33,True,driver_roi,[]
1157,19.301,True,c5_radio,0.6088679432868958,0.9496,red,33,True,driver_roi,[]
1158,19.318,True,c5_radio,0.606440007686615,0.9499,red,32,True,driver_roi,[]
1159,19.335,True,c5_radio,0.606440007686615,0.9499,red,32,True,driver_roi,[]
1160,19.351,True,c5_radio,0.60385662317276,0.9507,red,31,True,driver_roi,[]
1161,19.368,True,c5_radio,0.60385662317276,0.9507,red,31,True,driver_roi,[]
1162,19.385,True,c5_radio,0.6015738248825073,0.9512,red,30,True,driver_roi,[]
1163,19.401,True,c5_radio,0.6015738248825073,0.9512,red,30,True,driver_roi,[]
1164,19.418,True,c5_radio,0.5990559458732605,0.9513,red,29,True,driver_roi,[]
1165,19.435,True,c5_radio,0.5990559458732605,0.9513,red,29,True,driver_roi,[]
1166,19.451,True,c5_radio,0.5968525409698486,0.9513,red,28,True,driver_roi,[]
1167,19.468,True,c5_radio,0.5968525409698486,0.9513,red,28,True,driver_roi,[]
1168,19.485,True,c5_radio,0.5948862433433533,0.9514,red,27,True,driver_roi,[]
1169,19.502,True,c5_radio,0.5948862433433533,0.9514,red,27,True,driver_roi,[]
1170,19.518,True,c5_radio,0.5939468741416931,0.9515,red,26,True,driver_roi,[]
1171,19.535,True,c5_radio,0.5939468741416931,0.9515,red,26,True,driver_roi,[]
1172,19.552,True,c5_radio,0.5929691791534424,0.9518,red,25,True,driver_roi,[]
1173,19.568,True,c5_radio,0.5929691791534424,0.9518,red,25,True,driver_roi,[]
1174,19.585,True,c5_radio,0.5894613862037659,0.9524,red,24,True,driver_roi,[]
1175,19.602,True,c5_radio,0.5894613862037659,0.9524,red,24,True,driver_roi,[]
1176,19.618,True,c5_radio,0.5893786549568176,0.9388,red,23,False,driver_roi,[]
1177,19.635,True,c5_radio,0.5893786549568176,0.9388,red,23,False,driver_roi,[]
1178,19.652,True,c5_radio,0.5851176381111145,0.9247,red,22,False,driver_roi,[]
1179,19.668,True,c5_radio,0.5851176381111145,0.9247,red,22,False,driver_roi,[]
1180,19.685,True,c5_radio,0.5838336944580078,0.911,red,21,False,driver_roi,[]
1181,19.702,True,c5_radio,0.5838336944580078,0.911,red,21,False,driver_roi,[]
1182,19.718,True,c5_radio,0.587995171546936,0.8976,orange,20,False,driver_roi,[]
1183,19.735,True,c5_radio,0.587995171546936,0.8976,orange,20,False,driver_roi,[]
1184,19.752,True,c5_radio,0.5983151197433472,0.8845,orange,19,False,driver_roi,[]
1185,19.768,True,c5_radio,0.5983151197433472,0.8845,orange,19,False,driver_roi,[]
1186,19.785,True,c5_radio,0.6060811281204224,0.8719,orange,18,False,driver_roi,[]
1187,19.802,True,c5_radio,0.6060811281204224,0.8719,orange,18,False,driver_roi,[]
1188,19.818,True,c5_radio,0.6195288896560669,0.8607,orange,17,False,driver_roi,[]
1189,19.835,True,c5_radio,0.6195288896560669,0.8607,orange,17,False,driver_roi,[]
1190,19.852,True,c5_radio,0.6297910809516907,0.8497,orange,16,False,driver_roi,[]
1191,19.869,True,c5_radio,0.6297910809516907,0.8497,orange,16,False,driver_roi,[]
1192,19.885,True,c5_radio,0.6392186880111694,0.8385,orange,15,False,driver_roi,[]
1193,19.902,True,c5_radio,0.6392186880111694,0.8385,orange,15,False,driver_roi,[]
1194,19.919,True,c5_radio,0.649354875087738,0.8269,orange,14,False,driver_roi,[]
1195,19.935,True,c5_radio,0.649354875087738,0.8269,orange,14,False,driver_roi,[]
1196,19.952,True,c5_radio,0.6669493913650513,0.815,orange,13,False,driver_roi,[]
1197,19.969,True,c5_radio,0.6669493913650513,0.815,orange,13,False,driver_roi,[]
1198,19.985,True,c5_radio,0.6857671141624451,0.8028,orange,12,False,driver_roi,[]
1199,20.002,True,c5_radio,0.6857671141624451,0.8028,orange,12,False,driver_roi,[]
1200,20.019,True,c5_radio,0.7058881521224976,0.7904,orange,11,False,driver_roi,[]
1201,20.035,True,c5_radio,0.7058881521224976,0.7904,orange,11,False,driver_roi,[]
1202,20.052,True,c5_radio,0.7206141352653503,0.7776,orange,10,False,driver_roi,[]
1203,20.069,True,c5_radio,0.7206141352653503,0.7776,orange,10,False,driver_roi,[]
1204,20.085,True,c5_radio,0.7414954304695129,0.7645,orange,9,False,driver_roi,[]
1205,20.102,True,c5_radio,0.7414954304695129,0.7645,orange,9,False,driver_roi,[]
1206,20.119,True,c5_radio,0.7656442523002625,0.7512,orange,8,False,driver_roi,[]
1207,20.135,True,c5_radio,0.7656442523002625,0.7512,orange,8,False,driver_roi,[]
1208,20.152,True,c5_radio,0.7884344458580017,0.7673,orange,9,False,driver_roi,[]
1209,20.169,True,c5_radio,0.7884344458580017,0.7673,orange,9,False,driver_roi,[]
1210,20.185,True,c5_radio,0.814558207988739,0.7837,orange,10,False,driver_roi,[]
1211,20.202,True,c5_radio,0.814558207988739,0.7837,orange,10,False,driver_roi,[]
1212,20.219,True,c5_radio,0.8296328186988831,0.7998,orange,11,False,driver_roi,[]
1213,20.236,True,c5_radio,0.8296328186988831,0.7998,orange,11,False,driver_roi,[]
1214,20.252,True,c5_radio,0.845710813999176,0.8159,orange,12,False,driver_roi,[]
1215,20.269,True,c5_radio,0.845710813999176,0.8159,orange,12,False,driver_roi,[]
1216,20.286,True,c5_radio,0.8516770601272583,0.8315,orange,13,False,driver_roi,[]
1217,20.302,True,c5_radio,0.8516770601272583,0.8315,orange,13,False,driver_roi,[]
1218,20.319,True,c5_radio,0.8587304353713989,0.8471,orange,14,False,driver_roi,[]
1219,20.336,True,c5_radio,0.8587304353713989,0.8471,orange,14,False,driver_roi,[]
1220,20.352,True,c5_radio,0.8642985224723816,0.8623,orange,15,False,driver_roi,[]
1221,20.369,True,c5_radio,0.8642985224723816,0.8623,orange,15,False,driver_roi,[]
1222,20.386,True,c5_radio,0.8694377541542053,0.8775,orange,16,False,driver_roi,[]
1223,20.402,True,c5_radio,0.8694377541542053,0.8775,orange,16,False,driver_roi,[]
1224,20.419,True,c5_radio,0.8722089529037476,0.8925,orange,17,False,driver_roi,[]
1225,20.436,True,c5_radio,0.8722089529037476,0.8925,orange,17,False,driver_roi,[]
1226,20.452,True,c5_radio,0.8744434714317322,0.9075,red,18,False,driver_roi,[]
1227,20.469,True,c5_radio,0.8744434714317322,0.9075,red,18,False,driver_roi,[]
1228,20.486,True,c5_radio,0.8761589527130127,0.9223,red,19,False,driver_roi,[]
1229,20.502,True,c5_radio,0.8761589527130127,0.9223,red,19,False,driver_roi,[]
1230,20.519,True,c5_radio,0.8775609731674194,0.9372,red,20,False,driver_roi,[]
1231,20.536,True,c5_radio,0.8775609731674194,0.9372,red,20,False,driver_roi,[]
1232,20.552,True,c5_radio,0.8795985579490662,0.952,red,21,False,driver_roi,[]
1233,20.569,True,c5_radio,0.8795985579490662,0.952,red,21,False,driver_roi,[]
1234,20.586,True,c5_radio,0.8852232098579407,0.9669,red,22,False,driver_roi,[]
1235,20.603,True,c5_radio,0.8852232098579407,0.9669,red,22,False,driver_roi,[]
1236,20.619,True,c5_radio,0.887383222579956,0.9817,red,23,False,driver_roi,[]
1237,20.636,True,c5_radio,0.887383222579956,0.9817,red,23,False,driver_roi,[]
1238,20.653,True,c5_radio,0.8928235173225403,0.9968,red,24,True,driver_roi,[]
1239,20.669,True,c5_radio,0.8928235173225403,0.9968,red,24,True,driver_roi,[]
1240,20.686,True,c5_radio,0.8983319997787476,0.9971,red,25,True,driver_roi,[]
1241,20.703,True,c5_radio,0.8983319997787476,0.9971,red,25,True,driver_roi,[]
1242,20.719,True,c5_radio,0.9005572199821472,0.9973,red,26,True,driver_roi,[]
1243,20.736,True,c5_radio,0.9005572199821472,0.9973,red,26,True,driver_roi,[]
1244,20.753,True,c5_radio,0.9000875353813171,0.9975,red,27,True,driver_roi,[]
1245,20.769,True,c5_radio,0.9000875353813171,0.9975,red,27,True,driver_roi,[]
1246,20.786,True,c5_radio,0.9052044153213501,0.9978,red,28,True,driver_roi,[]
1247,20.803,True,c5_radio,0.9052044153213501,0.9978,red,28,True,driver_roi,[]
1248,20.819,True,c5_radio,0.9115636944770813,0.9984,red,29,True,driver_roi,[]
1249,20.836,True,c5_radio,0.9115636944770813,0.9984,red,29,True,driver_roi,[]
1250,20.853,True,c5_radio,0.9256991744041443,0.9988,red,30,True,driver_roi,[]
1251,20.869,True,c5_radio,0.9256991744041443,0.9988,red,30,True,driver_roi,[]
1252,20.886,True,c5_radio,0.9372115731239319,0.9995,red,31,True,driver_roi,[]
1253,20.903,True,c5_radio,0.9372115731239319,0.9995,red,31,True,driver_roi,[]
1254,20.919,True,c5_radio,0.9443711042404175,0.9999,red,32,True,driver_roi,[]
1255,20.936,True,c5_radio,0.9443711042404175,0.9999,red,32,True,driver_roi,[]
1256,20.953,True,c5_radio,0.9419700503349304,0.9999,red,33,True,driver_roi,[]
1257,20.97,True,c5_radio,0.9419700503349304,0.9999,red,33,True,driver_roi,[]
1258,20.986,True,c5_radio,0.9409988522529602,0.9999,red,34,True,driver_roi,[]
1259,21.003,True,c5_radio,0.9409988522529602,0.9999,red,34,True,driver_roi,[]
1260,21.02,True,c5_radio,0.9403713941574097,0.9999,red,35,True,driver_roi,[]
1261,21.036,True,c5_radio,0.9403713941574097,0.9999,red,35,True,driver_roi,[]
1262,21.053,True,c5_radio,0.9398885369300842,0.9999,red,36,True,driver_roi,[]
1263,21.07,True,c5_radio,0.9398885369300842,0.9999,red,36,True,driver_roi,[]
1264,21.086,True,c5_radio,0.9395717978477478,0.9999,red,37,True,driver_roi,[]
1265,21.103,True,c5_radio,0.9395717978477478,0.9999,red,37,True,driver_roi,[]
1266,21.12,True,c5_radio,0.9398037791252136,0.9999,red,38,True,driver_roi,[]
1267,21.136,True,c5_radio,0.9398037791252136,0.9999,red,38,True,driver_roi,[]
1268,21.153,True,c5_radio,0.9395252466201782,0.9999,red,39,True,driver_roi,[]
1269,21.17,True,c5_radio,0.9395252466201782,0.9999,red,39,True,driver_roi,[]
1270,21.186,True,c5_radio,0.9396812319755554,0.9999,red,40,True,driver_roi,[]
1271,21.203,True,c5_radio,0.9396812319755554,0.9999,red,40,True,driver_roi,[]
1272,21.22,True,c5_radio,0.9409855604171753,0.9998,red,41,True,driver_roi,[]
1273,21.236,True,c5_radio,0.9409855604171753,0.9998,red,41,True,driver_roi,[]
1274,21.253,True,c5_radio,0.9400385022163391,0.9998,red,42,True,driver_roi,[]
1275,21.27,True,c5_radio,0.9400385022163391,0.9998,red,42,True,driver_roi,[]
1276,21.287,True,c5_radio,0.9353259801864624,0.9998,red,43,True,driver_roi,[]
1277,21.303,True,c5_radio,0.9353259801864624,0.9998,red,43,True,driver_roi,[]
1278,21.32,True,c5_radio,0.9318000674247742,0.9998,red,44,True,driver_roi,[]
1279,21.337,True,c5_radio,0.9318000674247742,0.9998,red,44,True,driver_roi,[]
1280,21.353,True,c5_radio,0.9280493259429932,0.9998,red,45,True,driver_roi,[]
1281,21.37,True,c5_radio,0.9280493259429932,0.9998,red,45,True,driver_roi,[]
1282,21.387,True,c5_radio,0.9004622101783752,0.9997,red,46,True,driver_roi,[]
1283,21.403,True,c5_radio,0.9004622101783752,0.9997,red,46,True,driver_roi,[]
1284,21.42,True,c5_radio,0.8699514865875244,0.9995,red,47,True,driver_roi,[]
1285,21.437,True,c5_radio,0.8699514865875244,0.9995,red,47,True,driver_roi,[]
1286,21.453,True,c5_radio,0.8406418561935425,0.9993,red,48,True,driver_roi,[]
1287,21.47,True,c5_radio,0.8406418561935425,0.9993,red,48,True,driver_roi,[]
1288,21.487,True,c5_radio,0.8179529309272766,0.9992,red,49,True,driver_roi,[]
1289,21.503,True,c5_radio,0.8179529309272766,0.9992,red,49,True,driver_roi,[]
1290,21.52,True,c5_radio,0.8002536296844482,0.9992,red,50,True,driver_roi,[]
1291,21.537,True,c5_radio,0.8002536296844482,0.9992,red,50,True,driver_roi,[]
1292,21.553,True,c5_radio,0.7778985500335693,0.9992,red,49,True,driver_roi,[]
1293,21.57,True,c5_radio,0.7778985500335693,0.9992,red,49,True,driver_roi,[]
1294,21.587,True,c5_radio,0.771412193775177,0.9992,red,48,True,driver_roi,[]
1295,21.603,True,c5_radio,0.771412193775177,0.9992,red,48,True,driver_roi,[]
1296,21.62,True,c5_radio,0.7582390904426575,0.9992,red,47,True,driver_roi,[]
1297,21.637,True,c5_radio,0.7582390904426575,0.9992,red,47,True,driver_roi,[]
1298,21.654,True,c5_radio,0.7382487058639526,0.9992,red,46,True,driver_roi,[]
1299,21.67,True,c5_radio,0.7382487058639526,0.9992,red,46,True,driver_roi,[]
1300,21.687,True,c5_radio,0.7139683961868286,0.9991,red,45,True,driver_roi,[]
1301,21.704,True,c5_radio,0.7139683961868286,0.9991,red,45,True,driver_roi,[]
1302,21.72,True,c5_radio,0.6856597065925598,0.999,red,44,True,driver_roi,[]
1303,21.737,True,c5_radio,0.6856597065925598,0.999,red,44,True,driver_roi,[]
1304,21.754,True,c5_radio,0.6558666229248047,0.9986,red,43,True,driver_roi,[]
1305,21.77,True,c5_radio,0.6558666229248047,0.9986,red,43,True,driver_roi,[]
1306,21.787,True,c5_radio,0.6271281838417053,0.9985,red,42,True,driver_roi,[]
1307,21.804,True,c5_radio,0.6271281838417053,0.9985,red,42,True,driver_roi,[]
1308,21.82,True,c5_radio,0.5978867411613464,0.9983,red,41,True,driver_roi,[]
1309,21.837,True,c5_radio,0.5978867411613464,0.9983,red,41,True,driver_roi,[]
1310,21.854,True,c5_radio,0.5689204335212708,0.998,red,40,True,driver_roi,[]
1311,21.87,True,c5_radio,0.5689204335212708,0.998,red,40,True,driver_roi,[]
1312,21.887,True,c5_radio,0.5387328267097473,0.9974,red,39,True,driver_roi,[]
1313,21.904,True,c5_radio,0.5387328267097473,0.9974,red,39,True,driver_roi,[]
1314,21.92,True,c5_radio,0.5101089477539062,0.9972,red,38,True,driver_roi,[]
1315,21.937,True,c5_radio,0.5101089477539062,0.9972,red,38,True,driver_roi,[]
1316,21.954,True,c5_radio,0.48162615299224854,0.9969,red,37,True,driver_roi,[]
1317,21.97,True,c5_radio,0.48162615299224854,0.9969,red,37,True,driver_roi,[]
1318,21.987,True,c5_radio,0.45086613297462463,0.9967,red,36,True,driver_roi,[]
1319,22.004,True,c5_radio,0.45086613297462463,0.9967,red,36,True,driver_roi,[]
1320,22.021,True,c5_radio,0.42169123888015747,0.9964,red,35,True,driver_roi,[]
1321,22.037,True,c5_radio,0.42169123888015747,0.9964,red,35,True,driver_roi,[]
1322,22.054,True,c5_radio,0.3942510187625885,0.9963,red,34,True,driver_roi,[]
1323,22.071,True,c5_radio,0.3942510187625885,0.9963,red,34,True,driver_roi,[]
1324,22.087,True,c5_radio,0.3671746551990509,0.9961,red,33,True,driver_roi,[]
1325,22.104,True,c5_radio,0.3671746551990509,0.9961,red,33,True,driver_roi,[]
1326,22.121,True,c9_talking,0.392553448677063,0.996,red,32,True,driver_roi,[]
1327,22.137,True,c9_talking,0.392553448677063,0.996,red,32,True,driver_roi,[]
1328,22.154,True,c9_talking,0.42009299993515015,0.9959,red,31,True,driver_roi,[]
1329,22.171,True,c9_talking,0.42009299993515015,0.9959,red,31,True,driver_roi,[]
1330,22.187,True,c9_talking,0.4444682002067566,0.9957,red,30,True,driver_roi,[]
1331,22.204,True,c9_talking,0.4444682002067566,0.9957,red,30,True,driver_roi,[]
1332,22.221,True,c9_talking,0.46203750371932983,0.9956,red,29,True,driver_roi,[]
1333,22.237,True,c9_talking,0.46203750371932983,0.9956,red,29,True,driver_roi,[]
1334,22.254,True,c9_talking,0.480256587266922,0.9955,red,28,True,driver_roi,[]
1335,22.271,True,c9_talking,0.480256587266922,0.9955,red,28,True,driver_roi,[]
1336,22.287,True,c9_talking,0.5028089284896851,0.9953,red,27,True,driver_roi,[]
1337,22.304,True,c9_talking,0.5028089284896851,0.9953,red,27,True,driver_roi,[]
1338,22.321,True,c9_talking,0.523713231086731,0.995,red,26,True,driver_roi,[]
1339,22.337,True,c9_talking,0.523713231086731,0.995,red,26,True,driver_roi,[]
1340,22.354,True,c9_talking,0.5390816926956177,0.9947,red,25,True,driver_roi,[]
1341,22.371,True,c9_talking,0.5390816926956177,0.9947,red,25,True,driver_roi,[]
1342,22.388,True,c9_talking,0.5494369864463806,0.9942,red,24,True,driver_roi,[]
1343,22.404,True,c9_talking,0.5494369864463806,0.9942,red,24,True,driver_roi,[]
1344,22.421,True,c9_talking,0.5473399758338928,0.9795,red,23,False,driver_roi,[]
1345,22.438,True,c9_talking,0.5473399758338928,0.9795,red,23,False,driver_roi,[]
1346,22.454,True,c9_talking,0.5395818948745728,0.9645,red,22,False,driver_roi,[]
1347,22.471,True,c9_talking,0.5395818948745728,0.9645,red,22,False,driver_roi,[]
1348,22.488,True,c9_talking,0.5390402674674988,0.9495,red,21,False,driver_roi,[]
1349,22.504,True,c9_talking,0.5390402674674988,0.9495,red,21,False,driver_roi,[]
1350,22.521,True,c9_talking,0.5483286380767822,0.9343,red,20,False,driver_roi,[]
1351,22.538,True,c9_talking,0.5483286380767822,0.9343,red,20,False,driver_roi,[]
1352,22.554,True,c9_talking,0.5565398931503296,0.9193,red,19,False,driver_roi,[]
1353,22.571,True,c9_talking,0.5565398931503296,0.9193,red,19,False,driver_roi,[]
1354,22.588,True,c9_talking,0.5704549551010132,0.9044,red,18,False,driver_roi,[]
1355,22.604,True,c9_talking,0.5704549551010132,0.9044,red,18,False,driver_roi,[]
1356,22.621,True,c9_talking,0.5816423892974854,0.8893,orange,17,False,driver_roi,[]
1357,22.638,True,c9_talking,0.5816423892974854,0.8893,orange,17,False,driver_roi,[]
1358,22.654,True,c9_talking,0.5920562744140625,0.874,orange,16,False,driver_roi,[]
1359,22.671,True,c9_talking,0.5920562744140625,0.874,orange,16,False,driver_roi,[]
1360,22.688,True,c9_talking,0.601870596408844,0.8587,orange,15,False,driver_roi,[]
1361,22.704,True,c9_talking,0.601870596408844,0.8587,orange,15,False,driver_roi,[]
1362,22.721,True,c9_talking,0.6026108860969543,0.8433,orange,14,False,driver_roi,[]
1363,22.738,True,c9_talking,0.6026108860969543,0.8433,orange,14,False,driver_roi,[]
1364,22.755,True,c9_talking,0.5992631912231445,0.8278,orange,13,False,driver_roi,[]
1365,22.771,True,c9_talking,0.5992631912231445,0.8278,orange,13,False,driver_roi,[]
1366,22.788,True,c9_talking,0.6007012724876404,0.8124,orange,12,False,driver_roi,[]
1367,22.805,True,c9_talking,0.6007012724876404,0.8124,orange,12,False,driver_roi,[]
1368,22.821,True,c9_talking,0.5994829535484314,0.7975,orange,11,False,driver_roi,[]
1369,22.838,True,c9_talking,0.5994829535484314,0.7975,orange,11,False,driver_roi,[]
1370,22.855,True,c9_talking,0.5812442302703857,0.7828,orange,10,False,driver_roi,[]
1371,22.871,True,c9_talking,0.5812442302703857,0.7828,orange,10,False,driver_roi,[]
1372,22.888,True,c9_talking,0.5589122176170349,0.7682,orange,9,False,driver_roi,[]
1373,22.905,True,c9_talking,0.5589122176170349,0.7682,orange,9,False,driver_roi,[]
1374,22.921,True,c9_talking,0.5378178358078003,0.7532,orange,8,False,driver_roi,[]
1375,22.938,True,c9_talking,0.5378178358078003,0.7532,orange,8,False,driver_roi,[]
1376,22.955,True,c9_talking,0.5129939913749695,0.7384,orange,7,False,driver_roi,[]
1377,22.971,True,c9_talking,0.5129939913749695,0.7384,orange,7,False,driver_roi,[]
1378,22.988,True,c9_talking,0.48722389340400696,0.7237,orange,6,False,driver_roi,[]
1379,23.005,True,c9_talking,0.48722389340400696,0.7237,orange,6,False,driver_roi,[]
1380,23.021,True,c5_radio,0.477611243724823,0.7089,orange,5,False,driver_roi,[]
1381,23.038,True,c5_radio,0.477611243724823,0.7089,orange,5,False,driver_roi,[]
1382,23.055,True,c5_radio,0.5013917684555054,0.6941,yellow,4,False,driver_roi,[]
1383,23.071,True,c5_radio,0.5013917684555054,0.6941,yellow,4,False,driver_roi,[]
1384,23.088,True,c5_radio,0.5246651768684387,0.679,yellow,3,False,driver_roi,[]
1385,23.105,True,c5_radio,0.5246651768684387,0.679,yellow,3,False,driver_roi,[]
1386,23.122,True,c5_radio,0.5503533482551575,0.664,yellow,2,False,driver_roi,[]
1387,23.138,True,c5_radio,0.5503533482551575,0.664,yellow,2,False,driver_roi,[]
1388,23.155,True,c5_radio,0.5762525796890259,0.6491,yellow,1,False,driver_roi,[]
1389,23.172,True,c5_radio,0.5762525796890259,0.6491,yellow,1,False,driver_roi,[]
1390,23.188,True,c5_radio,0.5978553295135498,0.634,yellow,0,False,driver_roi,[]
1391,23.205,True,c5_radio,0.5978553295135498,0.634,yellow,0,False,driver_roi,[]
1392,23.222,True,c5_radio,0.6120121479034424,0.6335,yellow,0,False,driver_roi,[]
1393,23.238,True,c5_radio,0.6120121479034424,0.6335,yellow,0,False,driver_roi,[]
1394,23.255,True,c5_radio,0.6245043873786926,0.6331,yellow,0,False,driver_roi,[]
1395,23.272,True,c5_radio,0.6245043873786926,0.6331,yellow,0,False,driver_roi,[]
1396,23.288,True,c5_radio,0.6421488523483276,0.633,yellow,0,False,driver_roi,[]
1397,23.305,True,c5_radio,0.6421488523483276,0.633,yellow,0,False,driver_roi,[]
1398,23.322,True,c5_radio,0.6587486863136292,0.6329,yellow,0,False,driver_roi,[]
1399,23.338,True,c5_radio,0.6587486863136292,0.6329,yellow,0,False,driver_roi,[]
1400,23.355,True,c5_radio,0.66913902759552,0.6329,yellow,0,False,driver_roi,[]
1401,23.372,True,c5_radio,0.66913902759552,0.6329,yellow,0,False,driver_roi,[]
1402,23.388,True,c5_radio,0.6886847019195557,0.6333,yellow,0,False,driver_roi,[]
1403,23.405,True,c5_radio,0.6886847019195557,0.6333,yellow,0,False,driver_roi,[]
1404,23.422,True,c5_radio,0.706321120262146,0.6334,yellow,0,False,driver_roi,[]
1405,23.439,True,c5_radio,0.706321120262146,0.6334,yellow,0,False,driver_roi,[]
1406,23.455,True,c5_radio,0.7170171737670898,0.6337,yellow,0,False,driver_roi,[]
1407,23.472,True,c5_radio,0.7170171737670898,0.6337,yellow,0,False,driver_roi,[]
1408,23.489,True,c5_radio,0.7206743359565735,0.6341,yellow,0,False,driver_roi,[]
1409,23.505,True,c5_radio,0.7206743359565735,0.6341,yellow,0,False,driver_roi,[]
1410,23.522,True,c5_radio,0.7309578061103821,0.6345,yellow,0,False,driver_roi,[]
1411,23.539,True,c5_radio,0.7309578061103821,0.6345,yellow,0,False,driver_roi,[]
1412,23.555,True,c5_radio,0.7402470111846924,0.6349,yellow,0,False,driver_roi,[]
1413,23.572,True,c5_radio,0.7402470111846924,0.6349,yellow,0,False,driver_roi,[]
1414,23.589,True,c5_radio,0.7550431489944458,0.635,yellow,0,False,driver_roi,[]
1415,23.605,True,c5_radio,0.7550431489944458,0.635,yellow,0,False,driver_roi,[]
1416,23.622,True,c5_radio,0.765369176864624,0.6352,yellow,0,False,driver_roi,[]
1417,23.639,True,c5_radio,0.765369176864624,0.6352,yellow,0,False,driver_roi,[]
1418,23.655,True,c5_radio,0.7764135003089905,0.6351,yellow,0,False,driver_roi,[]
1419,23.672,True,c5_radio,0.7764135003089905,0.6351,yellow,0,False,driver_roi,[]
1420,23.689,True,c5_radio,0.7843225598335266,0.6495,yellow,1,False,driver_roi,[]
1421,23.705,True,c5_radio,0.7843225598335266,0.6495,yellow,1,False,driver_roi,[]
1422,23.722,True,c5_radio,0.7905207872390747,0.6643,yellow,2,False,driver_roi,[]
1423,23.739,True,c5_radio,0.7905207872390747,0.6643,yellow,2,False,driver_roi,[]
1424,23.755,True,c5_radio,0.8006117939949036,0.6797,yellow,3,False,driver_roi,[]
1425,23.772,True,c5_radio,0.8006117939949036,0.6797,yellow,3,False,driver_roi,[]
1426,23.789,True,c5_radio,0.8020190596580505,0.6945,yellow,4,False,driver_roi,[]
1427,23.806,True,c5_radio,0.8020190596580505,0.6945,yellow,4,False,driver_roi,[]
1428,23.822,True,c5_radio,0.8035353422164917,0.7091,orange,5,False,driver_roi,[]
1429,23.839,True,c5_radio,0.8035353422164917,0.7091,orange,5,False,driver_roi,[]
1430,23.856,True,c5_radio,0.8069427609443665,0.7236,orange,6,False,driver_roi,[]
1431,23.872,True,c5_radio,0.8069427609443665,0.7236,orange,6,False,driver_roi,[]
1432,23.889,True,c5_radio,0.8120158314704895,0.7382,orange,7,False,driver_roi,[]
1433,23.906,True,c5_radio,0.8120158314704895,0.7382,orange,7,False,driver_roi,[]
1434,23.922,True,c5_radio,0.8179473280906677,0.7528,orange,8,False,driver_roi,[]
1435,23.939,True,c5_radio,0.8179473280906677,0.7528,orange,8,False,driver_roi,[]
1436,23.956,True,c5_radio,0.8225176930427551,0.7674,orange,9,False,driver_roi,[]
1437,23.972,True,c5_radio,0.8225176930427551,0.7674,orange,9,False,driver_roi,[]
1438,23.989,True,c5_radio,0.8268768191337585,0.782,orange,10,False,driver_roi,[]
1439,24.006,True,c5_radio,0.8268768191337585,0.782,orange,10,False,driver_roi,[]
1440,24.022,True,c5_radio,0.8309230804443359,0.7965,orange,11,False,driver_roi,[]
1441,24.039,True,c5_radio,0.8309230804443359,0.7965,orange,11,False,driver_roi,[]
1442,24.056,True,c5_radio,0.8326408863067627,0.8108,orange,12,False,driver_roi,[]
1443,24.072,True,c5_radio,0.8326408863067627,0.8108,orange,12,False,driver_roi,[]
1444,24.089,True,c5_radio,0.834126889705658,0.8252,orange,13,False,driver_roi,[]
1445,24.106,True,c5_radio,0.834126889705658,0.8252,orange,13,False,driver_roi,[]
1446,24.122,True,c5_radio,0.8329690098762512,0.8389,orange,14,False,driver_roi,[]
1447,24.139,True,c5_radio,0.8329690098762512,0.8389,orange,14,False,driver_roi,[]
1448,24.156,True,c5_radio,0.8300756216049194,0.8519,orange,15,False,driver_roi,[]
1449,24.173,True,c5_radio,0.8300756216049194,0.8519,orange,15,False,driver_roi,[]
1450,24.189,True,c5_radio,0.8293867111206055,0.8647,orange,16,False,driver_roi,[]
1451,24.206,True,c5_radio,0.8293867111206055,0.8647,orange,16,False,driver_roi,[]
1452,24.223,True,c5_radio,0.8310471773147583,0.8779,orange,17,False,driver_roi,[]
1453,24.239,True,c5_radio,0.8310471773147583,0.8779,orange,17,False,driver_roi,[]
1454,24.256,True,c5_radio,0.835449755191803,0.8914,orange,18,False,driver_roi,[]
1455,24.273,True,c5_radio,0.835449755191803,0.8914,orange,18,False,driver_roi,[]
1456,24.289,True,c5_radio,0.8422167301177979,0.9056,red,19,False,driver_roi,[]
1457,24.306,True,c5_radio,0.8422167301177979,0.9056,red,19,False,driver_roi,[]
1458,24.323,True,c5_radio,0.8490543365478516,0.9202,red,20,False,driver_roi,[]
1459,24.339,True,c5_radio,0.8490543365478516,0.9202,red,20,False,driver_roi,[]
1460,24.356,True,c5_radio,0.8556105494499207,0.9348,red,21,False,driver_roi,[]
1461,24.373,True,c5_radio,0.8556105494499207,0.9348,red,21,False,driver_roi,[]
1462,24.389,True,c5_radio,0.858138382434845,0.9493,red,22,False,driver_roi,[]
1463,24.406,True,c5_radio,0.858138382434845,0.9493,red,22,False,driver_roi,[]
1464,24.423,True,c5_radio,0.8603828549385071,0.9639,red,23,False,driver_roi,[]
1465,24.439,True,c5_radio,0.8603828549385071,0.9639,red,23,False,driver_roi,[]
1466,24.456,True,c5_radio,0.863675057888031,0.9783,red,24,True,driver_roi,[]
1467,24.473,True,c5_radio,0.863675057888031,0.9783,red,24,True,driver_roi,[]
1468,24.489,True,c5_radio,0.8657069802284241,0.978,red,25,True,driver_roi,[]
1469,24.506,True,c5_radio,0.8657069802284241,0.978,red,25,True,driver_roi,[]
1470,24.523,True,c5_radio,0.86440509557724,0.9777,red,26,True,driver_roi,[]
1471,24.54,True,c5_radio,0.86440509557724,0.9777,red,26,True,driver_roi,[]
1472,24.556,True,c5_radio,0.8629599213600159,0.9773,red,27,True,driver_roi,[]
1473,24.573,True,c5_radio,0.8629599213600159,0.9773,red,27,True,driver_roi,[]
1474,24.59,True,c5_radio,0.8609005212783813,0.9768,red,28,True,driver_roi,[]
1475,24.606,True,c5_radio,0.8609005212783813,0.9768,red,28,True,driver_roi,[]
1476,24.623,True,c5_radio,0.8611621856689453,0.9765,red,29,True,driver_roi,[]
1477,24.64,True,c5_radio,0.8611621856689453,0.9765,red,29,True,driver_roi,[]
1478,24.656,True,c5_radio,0.8602061867713928,0.976,red,30,True,driver_roi,[]
1479,24.673,True,c5_radio,0.8602061867713928,0.976,red,30,True,driver_roi,[]
1480,24.69,True,c5_radio,0.8619048595428467,0.9759,red,31,True,driver_roi,[]
1481,24.706,True,c5_radio,0.8619048595428467,0.9759,red,31,True,driver_roi,[]
1482,24.723,True,c5_radio,0.8661555051803589,0.9757,red,32,True,driver_roi,[]
1483,24.74,True,c5_radio,0.8661555051803589,0.9757,red,32,True,driver_roi,[]
1484,24.756,True,c5_radio,0.8707562685012817,0.9749,red,33,True,driver_roi,[]
1485,24.773,True,c5_radio,0.8707562685012817,0.9749,red,33,True,driver_roi,[]
1486,24.79,True,c5_radio,0.8780108094215393,0.9737,red,34,True,driver_roi,[]
1487,24.806,True,c5_radio,0.8780108094215393,0.9737,red,34,True,driver_roi,[]
1488,24.823,True,c5_radio,0.884748637676239,0.9727,red,35,True,driver_roi,[]
1489,24.84,True,c5_radio,0.884748637676239,0.9727,red,35,True,driver_roi,[]
1490,24.856,True,c5_radio,0.8878182172775269,0.9717,red,36,True,driver_roi,[]
1491,24.873,True,c5_radio,0.8878182172775269,0.9717,red,36,True,driver_roi,[]
1492,24.89,True,c5_radio,0.8890807032585144,0.9712,red,37,True,driver_roi,[]
1493,24.907,True,c5_radio,0.8890807032585144,0.9712,red,37,True,driver_roi,[]
1494,24.923,True,c5_radio,0.890626072883606,0.971,red,38,True,driver_roi,[]
1495,24.94,True,c5_radio,0.890626072883606,0.971,red,38,True,driver_roi,[]
1496,24.957,True,c5_radio,0.8906766772270203,0.9705,red,39,True,driver_roi,[]
1497,24.973,True,c5_radio,0.8906766772270203,0.9705,red,39,True,driver_roi,[]
1498,24.99,True,c5_radio,0.8892791271209717,0.9696,red,40,True,driver_roi,[]
1499,25.007,True,c5_radio,0.8892791271209717,0.9696,red,40,True,driver_roi,[]
1500,25.023,True,c5_radio,0.8887081742286682,0.9687,red,41,True,driver_roi,[]
1501,25.04,True,c5_radio,0.8887081742286682,0.9687,red,41,True,driver_roi,[]
1502,25.057,True,c5_radio,0.8873292207717896,0.9676,red,42,True,driver_roi,[]
1503,25.073,True,c5_radio,0.8873292207717896,0.9676,red,42,True,driver_roi,[]
1504,25.09,True,c5_radio,0.886328399181366,0.967,red,43,True,driver_roi,[]
1505,25.107,True,c5_radio,0.886328399181366,0.967,red,43,True,driver_roi,[]
1506,25.123,True,c5_radio,0.8875817060470581,0.9668,red,44,True,driver_roi,[]
1507,25.14,True,c5_radio,0.8875817060470581,0.9668,red,44,True,driver_roi,[]
1508,25.157,True,c5_radio,0.8915145397186279,0.9677,red,45,True,driver_roi,[]
1509,25.173,True,c5_radio,0.8915145397186279,0.9677,red,45,True,driver_roi,[]
1510,25.19,True,c5_radio,0.8960845470428467,0.9694,red,46,True,driver_roi,[]
1511,25.207,True,c5_radio,0.8960845470428467,0.9694,red,46,True,driver_roi,[]
1512,25.224,True,c5_radio,0.8975144028663635,0.9697,red,47,True,driver_roi,[]
1513,25.24,True,c5_radio,0.8975144028663635,0.9697,red,47,True,driver_roi,[]
1514,25.257,True,c5_radio,0.89637690782547,0.9691,red,48,True,driver_roi,[]
1515,25.274,True,c5_radio,0.89637690782547,0.9691,red,48,True,driver_roi,[]
1516,25.29,True,c5_radio,0.8948482871055603,0.9683,red,49,True,driver_roi,[]
1517,25.307,True,c5_radio,0.8948482871055603,0.9683,red,49,True,driver_roi,[]
1518,25.324,True,c5_radio,0.8916999697685242,0.9665,red,50,True,driver_roi,[]
1519,25.34,True,c5_radio,0.8916999697685242,0.9665,red,50,True,driver_roi,[]
1520,25.357,True,c5_radio,0.8879379630088806,0.9645,red,51,True,driver_roi,[]
1521,25.374,True,c5_radio,0.8879379630088806,0.9645,red,51,True,driver_roi,[]
1522,25.39,True,c5_radio,0.8837494254112244,0.962,red,52,True,driver_roi,[]
1523,25.407,True,c5_radio,0.8837494254112244,0.962,red,52,True,driver_roi,[]
1524,25.424,True,c5_radio,0.8806746602058411,0.9601,red,53,True,driver_roi,[]
1525,25.44,True,c5_radio,0.8806746602058411,0.9601,red,53,True,driver_roi,[]
1526,25.457,True,c5_radio,0.8780741095542908,0.958,red,54,True,driver_roi,[]
1527,25.474,True,c5_radio,0.8780741095542908,0.958,red,54,True,driver_roi,[]
1528,25.49,True,c5_radio,0.8781381249427795,0.9564,red,55,True,driver_roi,[]
1529,25.507,True,c5_radio,0.8781381249427795,0.9564,red,55,True,driver_roi,[]
1530,25.524,True,c5_radio,0.8798770308494568,0.9556,red,56,True,driver_roi,[]
1531,25.54,True,c5_radio,0.8798770308494568,0.9556,red,56,True,driver_roi,[]
1532,25.557,True,c5_radio,0.8801268339157104,0.9547,red,57,True,driver_roi,[]
1533,25.574,True,c5_radio,0.8801268339157104,0.9547,red,57,True,driver_roi,[]
1534,25.591,True,c5_radio,0.877257227897644,0.9529,red,58,True,driver_roi,[]
1535,25.607,True,c5_radio,0.877257227897644,0.9529,red,58,True,driver_roi,[]
1536,25.624,True,c5_radio,0.8732068538665771,0.9514,red,59,True,driver_roi,[]
1537,25.641,True,c5_radio,0.8732068538665771,0.9514,red,59,True,driver_roi,[]
1538,25.657,True,c5_radio,0.8709821105003357,0.9502,red,60,True,driver_roi,[]
1539,25.674,True,c5_radio,0.8709821105003357,0.9502,red,60,True,driver_roi,[]
1540,25.691,True,c5_radio,0.8666173219680786,0.9498,red,61,True,driver_roi,[]
1541,25.707,True,c5_radio,0.8666173219680786,0.9498,red,61,True,driver_roi,[]
1542,25.724,True,c5_radio,0.859106719493866,0.9495,red,62,True,driver_roi,[]
1543,25.741,True,c5_radio,0.859106719493866,0.9495,red,62,True,driver_roi,[]
1544,25.757,True,c5_radio,0.8523417115211487,0.9495,red,63,True,driver_roi,[]
1545,25.774,True,c5_radio,0.8523417115211487,0.9495,red,63,True,driver_roi,[]
1546,25.791,True,c5_radio,0.8441845178604126,0.9495,red,64,True,driver_roi,[]
1547,25.807,True,c5_radio,0.8441845178604126,0.9495,red,64,True,driver_roi,[]
1548,25.824,True,c5_radio,0.8324846625328064,0.9478,red,65,True,driver_roi,[]
1549,25.841,True,c5_radio,0.8324846625328064,0.9478,red,65,True,driver_roi,[]
1550,25.857,True,c5_radio,0.8254855275154114,0.9472,red,66,True,driver_roi,[]
1551,25.874,True,c5_radio,0.8254855275154114,0.9472,red,66,True,driver_roi,[]
1552,25.891,True,c5_radio,0.8138220310211182,0.9452,red,67,True,driver_roi,[]
1553,25.907,True,c5_radio,0.8138220310211182,0.9452,red,67,True,driver_roi,[]
1554,25.924,True,c5_radio,0.7996144890785217,0.9421,red,68,True,driver_roi,[]
1555,25.941,True,c5_radio,0.7996144890785217,0.9421,red,68,True,driver_roi,[]
1556,25.958,True,c5_radio,0.7847480773925781,0.9383,red,69,True,driver_roi,[]
1557,25.974,True,c5_radio,0.7847480773925781,0.9383,red,69,True,driver_roi,[]
1558,25.991,True,c5_radio,0.7688910365104675,0.9335,red,68,True,driver_roi,[]
1559,26.008,True,c5_radio,0.7688910365104675,0.9335,red,68,True,driver_roi,[]
1560,26.024,True,c5_radio,0.7562980055809021,0.9302,red,67,True,driver_roi,[]
1561,26.041,True,c5_radio,0.7562980055809021,0.9302,red,67,True,driver_roi,[]
1562,26.058,True,c5_radio,0.7446772456169128,0.927,red,66,True,driver_roi,[]
1563,26.074,True,c5_radio,0.7446772456169128,0.927,red,66,True,driver_roi,[]
1564,26.091,True,c5_radio,0.7329715490341187,0.9235,red,65,True,driver_roi,[]
1565,26.108,True,c5_radio,0.7329715490341187,0.9235,red,65,True,driver_roi,[]
1566,26.124,True,c5_radio,0.7277742028236389,0.9227,red,64,True,driver_roi,[]
1567,26.141,True,c5_radio,0.7277742028236389,0.9227,red,64,True,driver_roi,[]
1568,26.158,True,c5_radio,0.7209328413009644,0.921,red,63,True,driver_roi,[]
1569,26.174,True,c5_radio,0.7209328413009644,0.921,red,63,True,driver_roi,[]
1570,26.191,True,c5_radio,0.7085952758789062,0.9176,red,62,True,driver_roi,[]
1571,26.208,True,c5_radio,0.7085952758789062,0.9176,red,62,True,driver_roi,[]
1572,26.224,True,c5_radio,0.7010137438774109,0.9164,red,61,True,driver_roi,[]
1573,26.241,True,c5_radio,0.7010137438774109,0.9164,red,61,True,driver_roi,[]
1574,26.258,True,c5_radio,0.6977881789207458,0.9161,red,60,True,driver_roi,[]
1575,26.274,True,c5_radio,0.6977881789207458,0.9161,red,60,True,driver_roi,[]
1576,26.291,True,c5_radio,0.6937690377235413,0.9156,red,59,True,driver_roi,[]
1577,26.308,True,c5_radio,0.6937690377235413,0.9156,red,59,True,driver_roi,[]
1578,26.325,True,c5_radio,0.6930685639381409,0.9165,red,58,True,driver_roi,[]
1579,26.341,True,c5_radio,0.6930685639381409,0.9165,red,58,True,driver_roi,[]
1580,26.358,True,c5_radio,0.6933221817016602,0.9179,red,57,True,driver_roi,[]
1581,26.375,True,c5_radio,0.6933221817016602,0.9179,red,57,True,driver_roi,[]
1582,26.391,True,c5_radio,0.694098174571991,0.9193,red,56,True,driver_roi,[]
1583,26.408,True,c5_radio,0.694098174571991,0.9193,red,56,True,driver_roi,[]
1584,26.425,True,c5_radio,0.6946645379066467,0.9203,red,55,True,driver_roi,[]
1585,26.441,True,c5_radio,0.6946645379066467,0.9203,red,55,True,driver_roi,[]
1586,26.458,True,c5_radio,0.6936813592910767,0.9209,red,54,True,driver_roi,[]
1587,26.475,True,c5_radio,0.6936813592910767,0.9209,red,54,True,driver_roi,[]
1588,26.491,True,c5_radio,0.6937622427940369,0.9211,red,53,True,driver_roi,[]
1589,26.508,True,c5_radio,0.6937622427940369,0.9211,red,53,True,driver_roi,[]
1590,26.525,True,c5_radio,0.6933661103248596,0.9213,red,52,True,driver_roi,[]
1591,26.541,True,c5_radio,0.6933661103248596,0.9213,red,52,True,driver_roi,[]
1592,26.558,True,c5_radio,0.6941389441490173,0.9216,red,51,True,driver_roi,[]
1593,26.575,True,c5_radio,0.6941389441490173,0.9216,red,51,True,driver_roi,[]
1594,26.591,True,c5_radio,0.6962554454803467,0.9225,red,50,True,driver_roi,[]
1595,26.608,True,c5_radio,0.6962554454803467,0.9225,red,50,True,driver_roi,[]
1596,26.625,True,c5_radio,0.6998893618583679,0.9232,red,49,True,driver_roi,[]
1597,26.641,True,c5_radio,0.6998893618583679,0.9232,red,49,True,driver_roi,[]
1598,26.658,True,c5_radio,0.7028758525848389,0.9234,red,48,True,driver_roi,[]
1599,26.675,True,c5_radio,0.7028758525848389,0.9234,red,48,True,driver_roi,[]
1600,26.692,True,c5_radio,0.7049643397331238,0.9217,red,47,True,driver_roi,[]
1601,26.708,True,c5_radio,0.7049643397331238,0.9217,red,47,True,driver_roi,[]
1602,26.725,True,c5_radio,0.7100955843925476,0.9201,red,46,True,driver_roi,[]
1603,26.742,True,c5_radio,0.7100955843925476,0.9201,red,46,True,driver_roi,[]
1604,26.758,True,c5_radio,0.7166085839271545,0.9202,red,45,True,driver_roi,[]
1605,26.775,True,c5_radio,0.7166085839271545,0.9202,red,45,True,driver_roi,[]
1606,26.792,True,c5_radio,0.7243025302886963,0.9205,red,44,True,driver_roi,[]
1607,26.808,True,c5_radio,0.7243025302886963,0.9205,red,44,True,driver_roi,[]
1608,26.825,True,c5_radio,0.734478771686554,0.9222,red,43,True,driver_roi,[]
1609,26.842,True,c5_radio,0.734478771686554,0.9222,red,43,True,driver_roi,[]
1610,26.858,True,c5_radio,0.7385719418525696,0.9227,red,42,True,driver_roi,[]
1611,26.875,True,c5_radio,0.7385719418525696,0.9227,red,42,True,driver_roi,[]
1612,26.892,True,c5_radio,0.7479270100593567,0.9248,red,41,True,driver_roi,[]
1613,26.908,True,c5_radio,0.7479270100593567,0.9248,red,41,True,driver_roi,[]
1614,26.925,True,c5_radio,0.7604288458824158,0.9279,red,40,True,driver_roi,[]
1615,26.942,True,c5_radio,0.7604288458824158,0.9279,red,40,True,driver_roi,[]
1616,26.958,True,c5_radio,0.7725976705551147,0.9313,red,39,True,driver_roi,[]
1617,26.975,True,c5_radio,0.7725976705551147,0.9313,red,39,True,driver_roi,[]
1618,26.992,True,c5_radio,0.7890329957008362,0.9368,red,40,True,driver_roi,[]
1619,27.008,True,c5_radio,0.7890329957008362,0.9368,red,40,True,driver_roi,[]
1620,27.025,True,c5_radio,0.8014204502105713,0.9408,red,41,True,driver_roi,[]
1621,27.042,True,c5_radio,0.8014204502105713,0.9408,red,41,True,driver_roi,[]
1622,27.059,True,c5_radio,0.8128985166549683,0.9449,red,42,True,driver_roi,[]
1623,27.075,True,c5_radio,0.8128985166549683,0.9449,red,42,True,driver_roi,[]
1624,27.092,True,c5_radio,0.8238982558250427,0.9488,red,43,True,driver_roi,[]
1625,27.109,True,c5_radio,0.8238982558250427,0.9488,red,43,True,driver_roi,[]
1626,27.125,True,c5_radio,0.8297098278999329,0.9508,red,44,True,driver_roi,[]
1627,27.142,True,c5_radio,0.8297098278999329,0.9508,red,44,True,driver_roi,[]
1628,27.159,True,c5_radio,0.8353775143623352,0.9528,red,45,True,driver_roi,[]
1629,27.175,True,c5_radio,0.8353775143623352,0.9528,red,45,True,driver_roi,[]
1630,27.192,True,c5_radio,0.8468840718269348,0.9566,red,46,True,driver_roi,[]
1631,27.209,True,c5_radio,0.8468840718269348,0.9566,red,46,True,driver_roi,[]
1632,27.225,True,c5_radio,0.8540198802947998,0.959,red,47,True,driver_roi,[]
1633,27.242,True,c5_radio,0.8540198802947998,0.959,red,47,True,driver_roi,[]
1634,27.259,True,c5_radio,0.859869658946991,0.9612,red,48,True,driver_roi,[]
1635,27.275,True,c5_radio,0.859869658946991,0.9612,red,48,True,driver_roi,[]
1636,27.292,True,c5_radio,0.8646034002304077,0.9628,red,49,True,driver_roi,[]
1637,27.309,True,c5_radio,0.8646034002304077,0.9628,red,49,True,driver_roi,[]
1638,27.325,True,c5_radio,0.8650854825973511,0.9624,red,50,True,driver_roi,[]
1639,27.342,True,c5_radio,0.8650854825973511,0.9624,red,50,True,driver_roi,[]
1640,27.359,True,c5_radio,0.8642681837081909,0.9616,red,51,True,driver_roi,[]
1641,27.376,True,c5_radio,0.8642681837081909,0.9616,red,51,True,driver_roi,[]
1642,27.392,True,c5_radio,0.8643473982810974,0.9612,red,52,True,driver_roi,[]
1643,27.409,True,c5_radio,0.8643473982810974,0.9612,red,52,True,driver_roi,[]
1644,27.426,True,c5_radio,0.8646770119667053,0.961,red,53,True,driver_roi,[]
1645,27.442,True,c5_radio,0.8646770119667053,0.961,red,53,True,driver_roi,[]
1646,27.459,True,c5_radio,0.866415798664093,0.9612,red,54,True,driver_roi,[]
1647,27.476,True,c5_radio,0.866415798664093,0.9612,red,54,True,driver_roi,[]
1648,27.492,True,c5_radio,0.8659642338752747,0.9612,red,55,True,driver_roi,[]
1649,27.509,True,c5_radio,0.8659642338752747,0.9612,red,55,True,driver_roi,[]
1650,27.526,True,c5_radio,0.8640285134315491,0.9603,red,56,True,driver_roi,[]
1651,27.542,True,c5_radio,0.8640285134315491,0.9603,red,56,True,driver_roi,[]
1652,27.559,True,c5_radio,0.8599571585655212,0.9586,red,57,True,driver_roi,[]
1653,27.576,True,c5_radio,0.8599571585655212,0.9586,red,57,True,driver_roi,[]
1654,27.592,True,c5_radio,0.8553228378295898,0.9569,red,58,True,driver_roi,[]
1655,27.609,True,c5_radio,0.8553228378295898,0.9569,red,58,True,driver_roi,[]
1656,27.626,True,c5_radio,0.8496565222740173,0.955,red,59,True,driver_roi,[]
1657,27.642,True,c5_radio,0.8496565222740173,0.955,red,59,True,driver_roi,[]
1658,27.659,True,c5_radio,0.8456432819366455,0.9545,red,60,True,driver_roi,[]
1659,27.676,True,c5_radio,0.8456432819366455,0.9545,red,60,True,driver_roi,[]
1660,27.692,True,c5_radio,0.8431471586227417,0.955,red,61,True,driver_roi,[]
1661,27.709,True,c5_radio,0.8431471586227417,0.955,red,61,True,driver_roi,[]
1662,27.726,True,c5_radio,0.8412279486656189,0.9554,red,62,True,driver_roi,[]
1663,27.743,True,c5_radio,0.8412279486656189,0.9554,red,62,True,driver_roi,[]
1664,27.759,True,c5_radio,0.8378518223762512,0.9545,red,63,True,driver_roi,[]
1665,27.776,True,c5_radio,0.8378518223762512,0.9545,red,63,True,driver_roi,[]
1666,27.793,True,c5_radio,0.8346347212791443,0.9532,red,64,True,driver_roi,[]
1667,27.809,True,c5_radio,0.8346347212791443,0.9532,red,64,True,driver_roi,[]
1668,27.826,True,c5_radio,0.8330195546150208,0.9523,red,65,True,driver_roi,[]
1669,27.843,True,c5_radio,0.8330195546150208,0.9523,red,65,True,driver_roi,[]
1670,27.859,True,c5_radio,0.8320409655570984,0.9512,red,66,True,driver_roi,[]
1671,27.876,True,c5_radio,0.8320409655570984,0.9512,red,66,True,driver_roi,[]
1672,27.893,True,c5_radio,0.8297872543334961,0.9497,red,67,True,driver_roi,[]
1673,27.909,True,c5_radio,0.8297872543334961,0.9497,red,67,True,driver_roi,[]
1674,27.926,True,c5_radio,0.8271024227142334,0.9483,red,68,True,driver_roi,[]
1675,27.943,True,c5_radio,0.8271024227142334,0.9483,red,68,True,driver_roi,[]
1676,27.959,True,c5_radio,0.8228541612625122,0.946,red,69,True,driver_roi,[]
1677,27.976,True,c5_radio,0.8228541612625122,0.946,red,69,True,driver_roi,[]
1678,27.993,True,c5_radio,0.8187293410301208,0.9441,red,70,True,driver_roi,[]
1679,28.009,True,c5_radio,0.8187293410301208,0.9441,red,70,True,driver_roi,[]
1680,28.026,True,c5_radio,0.8145082592964172,0.9422,red,71,True,driver_roi,[]
1681,28.043,True,c5_radio,0.8145082592964172,0.9422,red,71,True,driver_roi,[]
1682,28.059,True,c5_radio,0.8107017874717712,0.9402,red,72,True,driver_roi,[]
1683,28.076,True,c5_radio,0.8107017874717712,0.9402,red,72,True,driver_roi,[]
1684,28.093,True,c5_radio,0.8083358407020569,0.9387,red,73,True,driver_roi,[]
1685,28.11,True,c5_radio,0.8083358407020569,0.9387,red,73,True,driver_roi,[]
1686,28.126,True,c5_radio,0.8036655187606812,0.936,red,74,True,driver_roi,[]
1687,28.143,True,c5_radio,0.8036655187606812,0.936,red,74,True,driver_roi,[]
1688,28.16,True,c5_radio,0.7990958094596863,0.9332,red,75,True,driver_roi,[]
1689,28.176,True,c5_radio,0.7990958094596863,0.9332,red,75,True,driver_roi,[]
1690,28.193,True,c5_radio,0.795202910900116,0.9312,red,76,True,driver_roi,[]
1691,28.21,True,c5_radio,0.795202910900116,0.9312,red,76,True,driver_roi,[]
1692,28.226,True,c5_radio,0.7903263568878174,0.9283,red,77,True,driver_roi,[]
1693,28.243,True,c5_radio,0.7903263568878174,0.9283,red,77,True,driver_roi,[]
1694,28.26,True,c5_radio,0.7871488928794861,0.9267,red,78,True,driver_roi,[]
1695,28.276,True,c5_radio,0.7871488928794861,0.9267,red,78,True,driver_roi,[]
1696,28.293,True,c5_radio,0.7855445146560669,0.9256,red,79,True,driver_roi,[]
1697,28.31,True,c5_radio,0.7855445146560669,0.9256,red,79,True,driver_roi,[]
1698,28.326,True,c5_radio,0.7843995690345764,0.9254,red,80,True,driver_roi,[]
1699,28.343,True,c5_radio,0.7843995690345764,0.9254,red,80,True,driver_roi,[]
1700,28.36,True,c5_radio,0.7835404872894287,0.9257,red,81,True,driver_roi,[]
1701,28.376,True,c5_radio,0.7835404872894287,0.9257,red,81,True,driver_roi,[]
1702,28.393,True,c5_radio,0.7798770666122437,0.9259,red,80,True,driver_roi,[]
1703,28.41,True,c5_radio,0.7798770666122437,0.9259,red,80,True,driver_roi,[]
1704,28.426,True,c5_radio,0.767022430896759,0.9246,red,79,True,driver_roi,[]
1705,28.443,True,c5_radio,0.767022430896759,0.9246,red,79,True,driver_roi,[]
1706,28.46,True,c5_radio,0.7626686692237854,0.9235,red,78,True,driver_roi,[]
1707,28.477,True,c5_radio,0.7626686692237854,0.9235,red,78,True,driver_roi,[]
1708,28.493,True,c5_radio,0.7580452561378479,0.9219,red,77,True,driver_roi,[]
1709,28.51,True,c5_radio,0.7580452561378479,0.9219,red,77,True,driver_roi,[]
1710,28.527,True,c5_radio,0.7519733905792236,0.9197,red,76,True,driver_roi,[]
1711,28.543,True,c5_radio,0.7519733905792236,0.9197,red,76,True,driver_roi,[]
1712,28.56,True,c5_radio,0.7485448122024536,0.9189,red,75,True,driver_roi,[]
1713,28.577,True,c5_radio,0.7485448122024536,0.9189,red,75,True,driver_roi,[]
1714,28.593,True,c5_radio,0.748403787612915,0.9194,red,74,True,driver_roi,[]
1715,28.61,True,c5_radio,0.748403787612915,0.9194,red,74,True,driver_roi,[]
1716,28.627,True,c5_radio,0.7442302107810974,0.9187,red,73,True,driver_roi,[]
1717,28.643,True,c5_radio,0.7442302107810974,0.9187,red,73,True,driver_roi,[]
1718,28.66,True,c5_radio,0.7372936010360718,0.9165,red,72,True,driver_roi,[]
1719,28.677,True,c5_radio,0.7372936010360718,0.9165,red,72,True,driver_roi,[]
1720,28.693,True,c5_radio,0.734248697757721,0.9153,red,71,True,driver_roi,[]
1721,28.71,True,c5_radio,0.734248697757721,0.9153,red,71,True,driver_roi,[]
1722,28.727,True,c5_radio,0.7332921624183655,0.9149,red,70,True,driver_roi,[]
1723,28.743,True,c5_radio,0.7332921624183655,0.9149,red,70,True,driver_roi,[]
1724,28.76,True,c5_radio,0.729949414730072,0.9148,red,69,True,driver_roi,[]
1725,28.777,True,c5_radio,0.729949414730072,0.9148,red,69,True,driver_roi,[]
1726,28.793,True,c5_radio,0.7267841696739197,0.9153,red,68,True,driver_roi,[]
1727,28.81,True,c5_radio,0.7267841696739197,0.9153,red,68,True,driver_roi,[]
1728,28.827,True,c5_radio,0.7257310152053833,0.9156,red,67,True,driver_roi,[]
1729,28.844,True,c5_radio,0.7257310152053833,0.9156,red,67,True,driver_roi,[]
1730,28.86,True,c5_radio,0.7258591055870056,0.9166,red,66,True,driver_roi,[]
1731,28.877,True,c5_radio,0.7258591055870056,0.9166,red,66,True,driver_roi,[]
1732,28.894,True,c5_radio,0.7279044985771179,0.918,red,65,True,driver_roi,[]
1733,28.91,True,c5_radio,0.7279044985771179,0.918,red,65,True,driver_roi,[]
1734,28.927,True,c5_radio,0.7305355072021484,0.9195,red,64,True,driver_roi,[]
1735,28.944,True,c5_radio,0.7305355072021484,0.9195,red,64,True,driver_roi,[]
1736,28.96,True,c5_radio,0.7342994809150696,0.9225,red,63,True,driver_roi,[]
1737,28.977,True,c5_radio,0.7342994809150696,0.9225,red,63,True,driver_roi,[]
1738,28.994,True,c5_radio,0.721219003200531,0.9207,red,62,True,driver_roi,[]
1739,29.01,True,c5_radio,0.721219003200531,0.9207,red,62,True,driver_roi,[]
1740,29.027,True,c5_radio,0.7085431814193726,0.918,red,61,True,driver_roi,[]
1741,29.044,True,c5_radio,0.7085431814193726,0.918,red,61,True,driver_roi,[]
1742,29.06,True,c5_radio,0.7074941992759705,0.9191,red,60,True,driver_roi,[]
1743,29.077,True,c5_radio,0.7074941992759705,0.9191,red,60,True,driver_roi,[]
1744,29.094,True,c5_radio,0.7064207792282104,0.9194,red,59,True,driver_roi,[]
1745,29.11,True,c5_radio,0.7064207792282104,0.9194,red,59,True,driver_roi,[]
1746,29.127,True,c5_radio,0.7082008123397827,0.9211,red,58,True,driver_roi,[]
1747,29.144,True,c5_radio,0.7082008123397827,0.9211,red,58,True,driver_roi,[]
1748,29.161,True,c5_radio,0.7074000239372253,0.9232,red,57,True,driver_roi,[]
1749,29.177,True,c5_radio,0.7074000239372253,0.9232,red,57,True,driver_roi,[]
1750,29.194,True,c5_radio,0.7064615488052368,0.9245,red,56,True,driver_roi,[]
1751,29.211,True,c5_radio,0.7064615488052368,0.9245,red,56,True,driver_roi,[]
1752,29.227,True,c5_radio,0.7025736570358276,0.9263,red,55,True,driver_roi,[]
1753,29.244,True,c5_radio,0.7025736570358276,0.9263,red,55,True,driver_roi,[]
1754,29.261,True,c5_radio,0.6974350810050964,0.9271,red,54,True,driver_roi,[]
1755,29.277,True,c5_radio,0.6974350810050964,0.9271,red,54,True,driver_roi,[]
1756,29.294,True,c5_radio,0.693075954914093,0.9279,red,53,True,driver_roi,[]
1757,29.311,True,c5_radio,0.693075954914093,0.9279,red,53,True,driver_roi,[]
1758,29.327,True,c5_radio,0.6874306201934814,0.9283,red,52,True,driver_roi,[]
1759,29.344,True,c5_radio,0.6874306201934814,0.9283,red,52,True,driver_roi,[]
1760,29.361,True,c5_radio,0.6799833178520203,0.9276,red,51,True,driver_roi,[]
1761,29.377,True,c5_radio,0.6799833178520203,0.9276,red,51,True,driver_roi,[]
1762,29.394,True,c5_radio,0.6775817275047302,0.9276,red,50,True,driver_roi,[]
1763,29.411,True,c5_radio,0.6775817275047302,0.9276,red,50,True,driver_roi,[]
1764,29.427,True,c5_radio,0.6907234191894531,0.9295,red,49,True,driver_roi,[]
1765,29.444,True,c5_radio,0.6907234191894531,0.9295,red,49,True,driver_roi,[]
1766,29.461,True,c5_radio,0.6976805329322815,0.9319,red,48,True,driver_roi,[]
1767,29.477,True,c5_radio,0.6976805329322815,0.9319,red,48,True,driver_roi,[]
1768,29.494,True,c5_radio,0.7051976323127747,0.9349,red,47,True,driver_roi,[]
1769,29.511,True,c5_radio,0.7051976323127747,0.9349,red,47,True,driver_roi,[]
1770,29.528,True,c5_radio,0.7096157670021057,0.9368,red,46,True,driver_roi,[]
1771,29.544,True,c5_radio,0.7096157670021057,0.9368,red,46,True,driver_roi,[]
1772,29.561,True,c5_radio,0.711920976638794,0.9368,red,45,True,driver_roi,[]
1773,29.578,True,c5_radio,0.711920976638794,0.9368,red,45,True,driver_roi,[]
1774,29.594,True,c5_radio,0.7156254053115845,0.9368,red,44,True,driver_roi,[]
1775,29.611,True,c5_radio,0.7156254053115845,0.9368,red,44,True,driver_roi,[]
1776,29.628,True,c5_radio,0.7292161583900452,0.9406,red,43,True,driver_roi,[]
1777,29.644,True,c5_radio,0.7292161583900452,0.9406,red,43,True,driver_roi,[]
1778,29.661,True,c5_radio,0.7443444132804871,0.945,red,42,True,driver_roi,[]
1779,29.678,True,c5_radio,0.7443444132804871,0.945,red,42,True,driver_roi,[]
1780,29.694,True,c5_radio,0.7565847635269165,0.9488,red,41,True,driver_roi,[]
1781,29.711,True,c5_radio,0.7565847635269165,0.9488,red,41,True,driver_roi,[]
1782,29.728,True,c5_radio,0.7635328769683838,0.9505,red,40,True,driver_roi,[]
1783,29.744,True,c5_radio,0.7635328769683838,0.9505,red,40,True,driver_roi,[]
1784,29.761,True,c5_radio,0.765917956829071,0.9501,red,39,True,driver_roi,[]
1785,29.778,True,c5_radio,0.765917956829071,0.9501,red,39,True,driver_roi,[]
1786,29.794,True,c5_radio,0.7747088074684143,0.9518,red,38,True,driver_roi,[]
1787,29.811,True,c5_radio,0.7747088074684143,0.9518,red,38,True,driver_roi,[]
1788,29.828,True,c5_radio,0.7815531492233276,0.9537,red,39,True,driver_roi,[]
1789,29.844,True,c5_radio,0.7815531492233276,0.9537,red,39,True,driver_roi,[]
1790,29.861,True,c5_radio,0.7876757979393005,0.9552,red,40,True,driver_roi,[]
1791,29.878,True,c5_radio,0.7876757979393005,0.9552,red,40,True,driver_roi,[]
1792,29.895,True,c5_radio,0.7818089723587036,0.9545,red,41,True,driver_roi,[]
1793,29.911,True,c5_radio,0.7818089723587036,0.9545,red,41,True,driver_roi,[]
1794,29.928,True,c5_radio,0.7774938941001892,0.9542,red,40,True,driver_roi,[]
1795,29.945,True,c5_radio,0.7774938941001892,0.9542,red,40,True,driver_roi,[]
1796,29.961,True,c5_radio,0.7637402415275574,0.9513,red,39,True,driver_roi,[]
1797,29.978,True,c5_radio,0.7637402415275574,0.9513,red,39,True,driver_roi,[]
1798,29.995,True,c5_radio,0.7760797739028931,0.9541,red,38,True,driver_roi,[]
1799,30.011,True,c5_radio,0.7760797739028931,0.9541,red,38,True,driver_roi,[]
1800,30.028,True,c5_radio,0.7927892208099365,0.9588,red,39,True,driver_roi,[]
1801,30.045,True,c5_radio,0.7927892208099365,0.9588,red,39,True,driver_roi,[]
1802,30.061,True,c5_radio,0.7993124723434448,0.9604,red,40,True,driver_roi,[]
1803,30.078,True,c5_radio,0.7993124723434448,0.9604,red,40,True,driver_roi,[]
1804,30.095,True,c5_radio,0.8063119649887085,0.9626,red,41,True,driver_roi,[]
1805,30.111,True,c5_radio,0.8063119649887085,0.9626,red,41,True,driver_roi,[]
1806,30.128,True,c5_radio,0.8110777735710144,0.964,red,42,True,driver_roi,[]
1807,30.145,True,c5_radio,0.8110777735710144,0.964,red,42,True,driver_roi,[]
1808,30.161,True,c5_radio,0.8197180032730103,0.9654,red,43,True,driver_roi,[]
1809,30.178,True,c5_radio,0.8197180032730103,0.9654,red,43,True,driver_roi,[]
1810,30.195,True,c5_radio,0.8272364139556885,0.9665,red,44,True,driver_roi,[]
1811,30.211,True,c5_radio,0.8272364139556885,0.9665,red,44,True,driver_roi,[]
1812,30.228,True,c5_radio,0.838847815990448,0.968,red,45,True,driver_roi,[]
1813,30.245,True,c5_radio,0.838847815990448,0.968,red,45,True,driver_roi,[]
1814,30.262,True,c5_radio,0.8483561277389526,0.9692,red,46,True,driver_roi,[]
1815,30.278,True,c5_radio,0.8483561277389526,0.9692,red,46,True,driver_roi,[]
1816,30.295,True,c5_radio,0.8562799096107483,0.9699,red,47,True,driver_roi,[]
1817,30.312,True,c5_radio,0.8562799096107483,0.9699,red,47,True,driver_roi,[]
1818,30.328,True,c5_radio,0.8669269680976868,0.9712,red,48,True,driver_roi,[]
1819,30.345,True,c5_radio,0.8669269680976868,0.9712,red,48,True,driver_roi,[]
1820,30.362,True,c5_radio,0.8801542520523071,0.9734,red,49,True,driver_roi,[]
1821,30.378,True,c5_radio,0.8801542520523071,0.9734,red,49,True,driver_roi,[]
1822,30.395,True,c5_radio,0.8903695344924927,0.975,red,50,True,driver_roi,[]
1823,30.412,True,c5_radio,0.8903695344924927,0.975,red,50,True,driver_roi,[]
1824,30.428,True,c5_radio,0.8924669027328491,0.9757,red,51,True,driver_roi,[]
1825,30.445,True,c5_radio,0.8924669027328491,0.9757,red,51,True,driver_roi,[]
1826,30.462,True,c5_radio,0.8929252624511719,0.976,red,52,True,driver_roi,[]
1827,30.478,True,c5_radio,0.8929252624511719,0.976,red,52,True,driver_roi,[]
1828,30.495,True,c5_radio,0.8933612704277039,0.9764,red,53,True,driver_roi,[]
1829,30.512,True,c5_radio,0.8933612704277039,0.9764,red,53,True,driver_roi,[]
1830,30.528,True,c5_radio,0.8989676237106323,0.9787,red,54,True,driver_roi,[]
1831,30.545,True,c5_radio,0.8989676237106323,0.9787,red,54,True,driver_roi,[]
1832,30.562,True,c5_radio,0.9071164727210999,0.9823,red,55,True,driver_roi,[]
1833,30.578,True,c5_radio,0.9071164727210999,0.9823,red,55,True,driver_roi,[]
1834,30.595,True,c5_radio,0.9125581979751587,0.9851,red,56,True,driver_roi,[]
1835,30.612,True,c5_radio,0.9125581979751587,0.9851,red,56,True,driver_roi,[]
1836,30.629,True,c5_radio,0.9122312068939209,0.9853,red,57,True,driver_roi,[]
1837,30.645,True,c5_radio,0.9122312068939209,0.9853,red,57,True,driver_roi,[]
1838,30.662,True,c5_radio,0.9128928780555725,0.9857,red,58,True,driver_roi,[]
1839,30.679,True,c5_radio,0.9128928780555725,0.9857,red,58,True,driver_roi,[]
1840,30.695,True,c5_radio,0.9138620495796204,0.9861,red,59,True,driver_roi,[]
1841,30.712,True,c5_radio,0.9138620495796204,0.9861,red,59,True,driver_roi,[]
1842,30.729,True,c5_radio,0.9159652590751648,0.9871,red,60,True,driver_roi,[]
1843,30.745,True,c5_radio,0.9159652590751648,0.9871,red,60,True,driver_roi,[]
1844,30.762,True,c5_radio,0.9233806133270264,0.9898,red,61,True,driver_roi,[]
1845,30.779,True,c5_radio,0.9233806133270264,0.9898,red,61,True,driver_roi,[]
1846,30.795,True,c5_radio,0.9254229664802551,0.9903,red,62,True,driver_roi,[]
1847,30.812,True,c5_radio,0.9254229664802551,0.9903,red,62,True,driver_roi,[]
1848,30.829,True,c5_radio,0.9261025190353394,0.9904,red,63,True,driver_roi,[]
1849,30.845,True,c5_radio,0.9261025190353394,0.9904,red,63,True,driver_roi,[]
1850,30.862,True,c5_radio,0.9272459149360657,0.9907,red,64,True,driver_roi,[]
1851,30.879,True,c5_radio,0.9272459149360657,0.9907,red,64,True,driver_roi,[]
1852,30.895,True,c5_radio,0.9380338788032532,0.9924,red,65,True,driver_roi,[]
1853,30.912,True,c5_radio,0.9380338788032532,0.9924,red,65,True,driver_roi,[]
1854,30.929,True,c5_radio,0.9463948607444763,0.9936,red,66,True,driver_roi,[]
1855,30.946,True,c5_radio,0.9463948607444763,0.9936,red,66,True,driver_roi,[]
1856,30.962,True,c5_radio,0.9652747511863708,0.9971,red,67,True,driver_roi,[]
1857,30.979,True,c5_radio,0.9652747511863708,0.9971,red,67,True,driver_roi,[]
1858,30.996,True,c5_radio,0.9724715352058411,0.9985,red,68,True,driver_roi,[]
1859,31.012,True,c5_radio,0.9724715352058411,0.9985,red,68,True,driver_roi,[]
1860,31.029,True,c5_radio,0.9759942889213562,0.9992,red,69,True,driver_roi,[]
1861,31.046,True,c5_radio,0.9759942889213562,0.9992,red,69,True,driver_roi,[]
1862,31.062,True,c5_radio,0.9783099293708801,0.9994,red,70,True,driver_roi,[]
1863,31.079,True,c5_radio,0.9783099293708801,0.9994,red,70,True,driver_roi,[]
1864,31.096,True,c5_radio,0.9795207381248474,0.9995,red,71,True,driver_roi,[]
1865,31.112,True,c5_radio,0.9795207381248474,0.9995,red,71,True,driver_roi,[]
1866,31.129,True,c5_radio,0.9814145565032959,0.9996,red,72,True,driver_roi,[]
1867,31.146,True,c5_radio,0.9814145565032959,0.9996,red,72,True,driver_roi,[]
1868,31.162,True,c5_radio,0.9822571277618408,0.9996,red,73,True,driver_roi,[]
1869,31.179,True,c5_radio,0.9822571277618408,0.9996,red,73,True,driver_roi,[]
1870,31.196,True,c5_radio,0.9826943874359131,0.9996,red,74,True,driver_roi,[]
1871,31.212,True,c5_radio,0.9826943874359131,0.9996,red,74,True,driver_roi,[]
1872,31.229,True,c5_radio,0.9837241768836975,0.9997,red,75,True,driver_roi,[]
1873,31.246,True,c5_radio,0.9837241768836975,0.9997,red,75,True,driver_roi,[]
1874,31.262,True,c5_radio,0.9847935438156128,0.9997,red,76,True,driver_roi,[]
1875,31.279,True,c5_radio,0.9847935438156128,0.9997,red,76,True,driver_roi,[]
1876,31.296,True,c5_radio,0.9855951070785522,0.9997,red,77,True,driver_roi,[]
1877,31.313,True,c5_radio,0.9855951070785522,0.9997,red,77,True,driver_roi,[]
1878,31.329,True,c5_radio,0.9862412214279175,0.9997,red,78,True,driver_roi,[]
1879,31.346,True,c5_radio,0.9862412214279175,0.9997,red,78,True,driver_roi,[]
1880,31.363,True,c5_radio,0.9863824844360352,0.9997,red,79,True,driver_roi,[]
1881,31.379,True,c5_radio,0.9863824844360352,0.9997,red,79,True,driver_roi,[]
1882,31.396,True,c5_radio,0.9869412183761597,0.9997,red,80,True,driver_roi,[]
1883,31.413,True,c5_radio,0.9869412183761597,0.9997,red,80,True,driver_roi,[]
1884,31.429,True,c5_radio,0.9883415102958679,0.9997,red,81,True,driver_roi,[]
1885,31.446,True,c5_radio,0.9883415102958679,0.9997,red,81,True,driver_roi,[]
1886,31.463,True,c5_radio,0.9896379709243774,0.9998,red,82,True,driver_roi,[]
1887,31.479,True,c5_radio,0.9896379709243774,0.9998,red,82,True,driver_roi,[]
1888,31.496,True,c5_radio,0.9911914467811584,0.9998,red,83,True,driver_roi,[]
1889,31.513,True,c5_radio,0.9911914467811584,0.9998,red,83,True,driver_roi,[]
1890,31.529,True,c5_radio,0.992576003074646,0.9998,red,84,True,driver_roi,[]
1891,31.546,True,c5_radio,0.992576003074646,0.9998,red,84,True,driver_roi,[]
1892,31.563,True,c5_radio,0.9932267665863037,0.9998,red,85,True,driver_roi,[]
1893,31.579,True,c5_radio,0.9932267665863037,0.9998,red,85,True,driver_roi,[]
1894,31.596,True,c5_radio,0.9937590956687927,0.9999,red,86,True,driver_roi,[]
1895,31.613,True,c5_radio,0.9937590956687927,0.9999,red,86,True,driver_roi,[]
1896,31.629,True,c5_radio,0.9948636293411255,0.9999,red,87,True,driver_roi,[]
1897,31.646,True,c5_radio,0.9948636293411255,0.9999,red,87,True,driver_roi,[]
1898,31.663,True,c5_radio,0.9951469898223877,0.9999,red,88,True,driver_roi,[]
1899,31.68,True,c5_radio,0.9951469898223877,0.9999,red,88,True,driver_roi,[]
1900,31.696,True,c5_radio,0.9950425624847412,0.9999,red,89,True,driver_roi,[]
1901,31.713,True,c5_radio,0.9950425624847412,0.9999,red,89,True,driver_roi,[]
1902,31.73,True,c5_radio,0.9934198260307312,0.9999,red,90,True,driver_roi,[]
1903,31.746,True,c5_radio,0.9934198260307312,0.9999,red,90,True,driver_roi,[]
1904,31.763,True,c5_radio,0.9898793697357178,0.9999,red,91,True,driver_roi,[]
1905,31.78,True,c5_radio,0.9898793697357178,0.9999,red,91,True,driver_roi,[]
1906,31.796,True,c5_radio,0.9875112175941467,0.9999,red,92,True,driver_roi,[]
1907,31.813,True,c5_radio,0.9875112175941467,0.9999,red,92,True,driver_roi,[]
1908,31.83,True,c5_radio,0.9804128408432007,0.9998,red,93,True,driver_roi,[]
1909,31.846,True,c5_radio,0.9804128408432007,0.9998,red,93,True,driver_roi,[]
1910,31.863,True,c5_radio,0.9685614109039307,0.9998,red,94,True,driver_roi,[]
1911,31.88,True,c5_radio,0.9685614109039307,0.9998,red,94,True,driver_roi,[]
1912,31.896,True,c5_radio,0.9590082764625549,0.9998,red,95,True,driver_roi,[]
1913,31.913,True,c5_radio,0.9590082764625549,0.9998,red,95,True,driver_roi,[]
1914,31.93,True,c5_radio,0.9509146809577942,0.9998,red,96,True,driver_roi,[]
1915,31.946,True,c5_radio,0.9509146809577942,0.9998,red,96,True,driver_roi,[]
1916,31.963,True,c5_radio,0.9381219148635864,0.9998,red,97,True,driver_roi,[]
1917,31.98,True,c5_radio,0.9381219148635864,0.9998,red,97,True,driver_roi,[]
1918,31.996,True,c5_radio,0.9084199666976929,0.9998,red,98,True,driver_roi,[]
1919,32.013,True,c5_radio,0.9084199666976929,0.9998,red,98,True,driver_roi,[]
1920,32.03,True,c5_radio,0.8835150003433228,0.9998,red,99,True,driver_roi,[]
1921,32.047,True,c5_radio,0.8835150003433228,0.9998,red,99,True,driver_roi,[]
1922,32.063,True,c5_radio,0.8590181469917297,0.9998,red,100,True,driver_roi,[]
1923,32.08,True,c5_radio,0.8590181469917297,0.9998,red,100,True,driver_roi,[]
1924,32.097,True,c5_radio,0.8318544030189514,0.9998,red,101,True,driver_roi,[]
1925,32.113,True,c5_radio,0.8318544030189514,0.9998,red,101,True,driver_roi,[]
1926,32.13,True,c5_radio,0.8054014444351196,0.9998,red,102,True,driver_roi,[]
1927,32.147,True,c5_radio,0.8054014444351196,0.9998,red,102,True,driver_roi,[]
1928,32.163,True,c5_radio,0.7779824137687683,0.9998,red,101,True,driver_roi,[]
1929,32.18,True,c5_radio,0.7779824137687683,0.9998,red,101,True,driver_roi,[]
1930,32.197,True,c5_radio,0.7499538660049438,0.9998,red,100,True,driver_roi,[]
1931,32.213,True,c5_radio,0.7499538660049438,0.9998,red,100,True,driver_roi,[]
1932,32.23,True,c5_radio,0.7215386629104614,0.9998,red,99,True,driver_roi,[]
1933,32.247,True,c5_radio,0.7215386629104614,0.9998,red,99,True,driver_roi,[]
1934,32.263,True,c5_radio,0.692303478717804,0.9998,red,98,True,driver_roi,[]
1935,32.28,True,c5_radio,0.692303478717804,0.9998,red,98,True,driver_roi,[]
1936,32.297,True,c5_radio,0.6608337759971619,0.9998,red,97,True,driver_roi,[]
1937,32.313,True,c5_radio,0.6608337759971619,0.9998,red,97,True,driver_roi,[]
1938,32.33,True,c5_radio,0.6289761066436768,0.9998,red,96,True,driver_roi,[]
1939,32.347,True,c5_radio,0.6289761066436768,0.9998,red,96,True,driver_roi,[]
1940,32.363,True,c5_radio,0.5971279740333557,0.9998,red,95,True,driver_roi,[]
1941,32.38,True,c5_radio,0.5971279740333557,0.9998,red,95,True,driver_roi,[]
1942,32.397,True,c5_radio,0.5648614764213562,0.9998,red,94,True,driver_roi,[]
1943,32.414,True,c5_radio,0.5648614764213562,0.9998,red,94,True,driver_roi,[]
1944,32.43,True,c5_radio,0.5321972966194153,0.9998,red,93,True,driver_roi,[]
1945,32.447,True,c5_radio,0.5321972966194153,0.9998,red,93,True,driver_roi,[]
1946,32.464,True,c5_radio,0.4995613694190979,0.9998,red,92,True,driver_roi,[]
1947,32.48,True,c5_radio,0.4995613694190979,0.9998,red,92,True,driver_roi,[]
1948,32.497,True,c5_radio,0.46677640080451965,0.9998,red,91,True,driver_roi,[]
1949,32.514,True,c5_radio,0.46677640080451965,0.9998,red,91,True,driver_roi,[]
1950,32.53,True,c9_talking,0.43588635325431824,0.9998,red,90,True,driver_roi,[]
1951,32.547,True,c9_talking,0.43588635325431824,0.9998,red,90,True,driver_roi,[]
1952,32.564,True,c9_talking,0.4582342803478241,0.9998,red,89,True,driver_roi,[]
1953,32.58,True,c9_talking,0.4582342803478241,0.9998,red,89,True,driver_roi,[]
1954,32.597,True,c9_talking,0.47731512784957886,0.9998,red,88,True,driver_roi,[]
1955,32.614,True,c9_talking,0.47731512784957886,0.9998,red,88,True,driver_roi,[]
1956,32.63,True,c9_talking,0.4895024597644806,0.9998,red,87,True,driver_roi,[]
1957,32.647,True,c9_talking,0.4895024597644806,0.9998,red,87,True,driver_roi,[]
1958,32.664,True,c9_talking,0.5030283331871033,0.9998,red,86,True,driver_roi,[]
1959,32.68,True,c9_talking,0.5030283331871033,0.9998,red,86,True,driver_roi,[]
1960,32.697,True,c9_talking,0.5108182430267334,0.9998,red,85,True,driver_roi,[]
1961,32.714,True,c9_talking,0.5108182430267334,0.9998,red,85,True,driver_roi,[]
1962,32.73,True,c9_talking,0.5180944800376892,0.9998,red,84,True,driver_roi,[]
1963,32.747,True,c9_talking,0.5180944800376892,0.9998,red,84,True,driver_roi,[]
1964,32.764,True,c9_talking,0.5196948647499084,0.9998,red,83,True,driver_roi,[]
1965,32.781,True,c9_talking,0.5196948647499084,0.9998,red,83,True,driver_roi,[]
1966,32.797,True,c9_talking,0.5206883549690247,0.9998,red,82,True,driver_roi,[]
1967,32.814,True,c9_talking,0.5206883549690247,0.9998,red,82,True,driver_roi,[]
1968,32.831,True,c9_talking,0.5188779830932617,0.9999,red,81,True,driver_roi,[]
1969,32.847,True,c9_talking,0.5188779830932617,0.9999,red,81,True,driver_roi,[]
1970,32.864,True,c9_talking,0.5200280547142029,0.9999,red,80,True,driver_roi,[]
1971,32.881,True,c9_talking,0.5200280547142029,0.9999,red,80,True,driver_roi,[]
1972,32.897,True,c9_talking,0.5224897265434265,0.9999,red,79,True,driver_roi,[]
1973,32.914,True,c9_talking,0.5224897265434265,0.9999,red,79,True,driver_roi,[]
1974,32.931,True,c9_talking,0.5240381360054016,0.9999,red,78,True,driver_roi,[]
1975,32.947,True,c9_talking,0.5240381360054016,0.9999,red,78,True,driver_roi,[]
1976,32.964,True,c9_talking,0.5258689522743225,0.9999,red,77,True,driver_roi,[]
1977,32.981,True,c9_talking,0.5258689522743225,0.9999,red,77,True,driver_roi,[]
1978,32.997,True,c9_talking,0.5270819067955017,0.9999,red,76,True,driver_roi,[]
1979,33.014,True,c9_talking,0.5270819067955017,0.9999,red,76,True,driver_roi,[]
1980,33.031,True,c9_talking,0.5152957439422607,0.9999,red,75,True,driver_roi,[]
1981,33.047,True,c9_talking,0.5152957439422607,0.9999,red,75,True,driver_roi,[]
1982,33.064,True,c9_talking,0.5067786574363708,0.9999,red,74,True,driver_roi,[]
1983,33.081,True,c9_talking,0.5067786574363708,0.9999,red,74,True,driver_roi,[]
1984,33.098,True,c9_talking,0.48725423216819763,0.9999,red,73,True,driver_roi,[]
1985,33.114,True,c9_talking,0.48725423216819763,0.9999,red,73,True,driver_roi,[]
1986,33.131,True,c9_talking,0.4675096273422241,0.9999,red,72,True,driver_roi,[]
1987,33.148,True,c9_talking,0.4675096273422241,0.9999,red,72,True,driver_roi,[]
1988,33.164,True,c9_talking,0.44879117608070374,0.9999,red,71,True,driver_roi,[]
1989,33.181,True,c9_talking,0.44879117608070374,0.9999,red,71,True,driver_roi,[]
1990,33.198,True,c9_talking,0.42598050832748413,0.9999,red,70,True,driver_roi,[]
1991,33.214,True,c9_talking,0.42598050832748413,0.9999,red,70,True,driver_roi,[]
1992,33.231,True,c7_reaching,0.4487379193305969,0.9999,red,69,True,driver_roi,[]
1993,33.248,True,c7_reaching,0.4487379193305969,0.9999,red,69,True,driver_roi,[]
1994,33.264,True,c7_reaching,0.4729614853858948,0.9999,red,68,True,driver_roi,[]
1995,33.281,True,c7_reaching,0.4729614853858948,0.9999,red,68,True,driver_roi,[]
1996,33.298,True,c7_reaching,0.49989309906959534,0.9999,red,67,True,driver_roi,[]
1997,33.314,True,c7_reaching,0.49989309906959534,0.9999,red,67,True,driver_roi,[]
1998,33.331,True,c7_reaching,0.5260981917381287,0.9999,red,66,True,driver_roi,[]
1999,33.348,True,c7_reaching,0.5260981917381287,0.9999,red,66,True,driver_roi,[]
2000,33.364,True,c7_reaching,0.5512555837631226,0.9999,red,65,True,driver_roi,[]
2001,33.381,True,c7_reaching,0.5512555837631226,0.9999,red,65,True,driver_roi,[]
2002,33.398,True,c7_reaching,0.5765483379364014,0.9999,red,64,True,driver_roi,[]
2003,33.414,True,c7_reaching,0.5765483379364014,0.9999,red,64,True,driver_roi,[]
2004,33.431,True,c7_reaching,0.6021071076393127,0.9999,red,63,True,driver_roi,[]
2005,33.448,True,c7_reaching,0.6021071076393127,0.9999,red,63,True,driver_roi,[]
2006,33.465,True,c7_reaching,0.6254778504371643,0.9999,red,62,True,driver_roi,[]
2007,33.481,True,c7_reaching,0.6254778504371643,0.9999,red,62,True,driver_roi,[]
2008,33.498,True,c7_reaching,0.6464971899986267,0.9999,red,61,True,driver_roi,[]
2009,33.515,True,c7_reaching,0.6464971899986267,0.9999,red,61,True,driver_roi,[]
2010,33.531,True,c7_reaching,0.6644050478935242,0.9999,red,60,True,driver_roi,[]
2011,33.548,True,c7_reaching,0.6644050478935242,0.9999,red,60,True,driver_roi,[]
2012,33.565,True,c7_reaching,0.6781025528907776,0.9999,red,59,True,driver_roi,[]
2013,33.581,True,c7_reaching,0.6781025528907776,0.9999,red,59,True,driver_roi,[]
2014,33.598,True,c7_reaching,0.6931126117706299,0.9999,red,58,True,driver_roi,[]
2015,33.615,True,c7_reaching,0.6931126117706299,0.9999,red,58,True,driver_roi,[]
2016,33.631,True,c7_reaching,0.6987240314483643,0.9999,red,57,True,driver_roi,[]
2017,33.648,True,c7_reaching,0.6987240314483643,0.9999,red,57,True,driver_roi,[]
2018,33.665,True,c7_reaching,0.7039192914962769,0.9999,red,56,True,driver_roi,[]
2019,33.681,True,c7_reaching,0.7039192914962769,0.9999,red,56,True,driver_roi,[]
2020,33.698,True,c7_reaching,0.6977797746658325,0.9999,red,55,True,driver_roi,[]
2021,33.715,True,c7_reaching,0.6977797746658325,0.9999,red,55,True,driver_roi,[]
2022,33.731,True,c7_reaching,0.6911070346832275,0.9999,red,54,True,driver_roi,[]
2023,33.748,True,c7_reaching,0.6911070346832275,0.9999,red,54,True,driver_roi,[]
2024,33.765,True,c7_reaching,0.6841760873794556,0.9999,red,53,True,driver_roi,[]
2025,33.781,True,c7_reaching,0.6841760873794556,0.9999,red,53,True,driver_roi,[]
2026,33.798,True,c7_reaching,0.6817471981048584,0.9999,red,52,True,driver_roi,[]
2027,33.815,True,c7_reaching,0.6817471981048584,0.9999,red,52,True,driver_roi,[]
2028,33.832,True,c7_reaching,0.678966760635376,0.9999,red,51,True,driver_roi,[]
2029,33.848,True,c7_reaching,0.678966760635376,0.9999,red,51,True,driver_roi,[]
2030,33.865,True,c7_reaching,0.6757956743240356,0.9999,red,50,True,driver_roi,[]
2031,33.882,True,c7_reaching,0.6757956743240356,0.9999,red,50,True,driver_roi,[]
2032,33.898,True,c7_reaching,0.6654902696609497,0.9999,red,49,True,driver_roi,[]
2033,33.915,True,c7_reaching,0.6654902696609497,0.9999,red,49,True,driver_roi,[]
2034,33.932,True,c7_reaching,0.6502968668937683,0.9999,red,48,True,driver_roi,[]
2035,33.948,True,c7_reaching,0.6502968668937683,0.9999,red,48,True,driver_roi,[]
2036,33.965,True,c7_reaching,0.6326292753219604,0.9999,red,47,True,driver_roi,[]
2037,33.982,True,c7_reaching,0.6326292753219604,0.9999,red,47,True,driver_roi,[]
2038,33.998,True,c7_reaching,0.6213176250457764,0.9999,red,46,True,driver_roi,[]
2039,34.015,True,c7_reaching,0.6213176250457764,0.9999,red,46,True,driver_roi,[]
2040,34.032,True,c7_reaching,0.6129647493362427,0.9999,red,45,True,driver_roi,[]
2041,34.048,True,c7_reaching,0.6129647493362427,0.9999,red,45,True,driver_roi,[]
2042,34.065,True,c7_reaching,0.6016891002655029,0.9999,red,44,True,driver_roi,[]
2043,34.082,True,c7_reaching,0.6016891002655029,0.9999,red,44,True,driver_roi,[]
2044,34.098,True,c7_reaching,0.5946996212005615,0.9999,red,43,True,driver_roi,[]
2045,34.115,True,c7_reaching,0.5946996212005615,0.9999,red,43,True,driver_roi,[]
2046,34.132,True,c7_reaching,0.5818005204200745,0.9999,red,42,True,driver_roi,[]
2047,34.148,True,c7_reaching,0.5818005204200745,0.9999,red,42,True,driver_roi,[]
2048,34.165,True,c7_reaching,0.5703707337379456,0.9999,red,41,True,driver_roi,[]
2049,34.182,True,c7_reaching,0.5703707337379456,0.9999,red,41,True,driver_roi,[]
2050,34.199,True,c7_reaching,0.5539782047271729,0.9999,red,40,True,driver_roi,[]
2051,34.215,True,c7_reaching,0.5539782047271729,0.9999,red,40,True,driver_roi,[]
2052,34.232,True,c7_reaching,0.5386162996292114,0.9999,red,39,True,driver_roi,[]
2053,34.249,True,c7_reaching,0.5386162996292114,0.9999,red,39,True,driver_roi,[]
2054,34.265,True,c7_reaching,0.5257890820503235,0.9999,red,38,True,driver_roi,[]
2055,34.282,True,c7_reaching,0.5257890820503235,0.9999,red,38,True,driver_roi,[]
2056,34.299,True,c7_reaching,0.5092537999153137,0.9999,red,37,True,driver_roi,[]
2057,34.315,True,c7_reaching,0.5092537999153137,0.9999,red,37,True,driver_roi,[]
2058,34.332,True,c7_reaching,0.49168601632118225,0.9999,red,36,True,driver_roi,[]
2059,34.349,True,c7_reaching,0.49168601632118225,0.9999,red,36,True,driver_roi,[]
2060,34.365,True,c7_reaching,0.4756242632865906,0.9998,red,35,True,driver_roi,[]
2061,34.382,True,c7_reaching,0.4756242632865906,0.9998,red,35,True,driver_roi,[]
2062,34.399,True,c7_reaching,0.45994797348976135,0.9998,red,34,True,driver_roi,[]
2063,34.415,True,c7_reaching,0.45994797348976135,0.9998,red,34,True,driver_roi,[]
2064,34.432,True,c7_reaching,0.4424862861633301,0.9998,red,33,True,driver_roi,[]
2065,34.449,True,c7_reaching,0.4424862861633301,0.9998,red,33,True,driver_roi,[]
2066,34.465,True,c7_reaching,0.427945077419281,0.9998,red,32,True,driver_roi,[]
2067,34.482,True,c7_reaching,0.427945077419281,0.9998,red,32,True,driver_roi,[]
2068,34.499,True,c7_reaching,0.4159764349460602,0.9998,red,31,True,driver_roi,[]
2069,34.515,True,c7_reaching,0.4159764349460602,0.9998,red,31,True,driver_roi,[]
2070,34.532,True,c7_reaching,0.40502089262008667,0.9998,red,30,True,driver_roi,[]
2071,34.549,True,c7_reaching,0.40502089262008667,0.9998,red,30,True,driver_roi,[]
2072,34.566,True,c9_talking,0.40410763025283813,0.9998,red,29,True,driver_roi,[]
2073,34.582,True,c9_talking,0.40410763025283813,0.9998,red,29,True,driver_roi,[]
2074,34.599,True,c9_talking,0.42084091901779175,0.9998,red,28,True,driver_roi,[]
2075,34.616,True,c9_talking,0.42084091901779175,0.9998,red,28,True,driver_roi,[]
2076,34.632,True,c9_talking,0.4376700222492218,0.9998,red,27,True,driver_roi,[]
2077,34.649,True,c9_talking,0.4376700222492218,0.9998,red,27,True,driver_roi,[]
2078,34.666,True,c9_talking,0.45383167266845703,0.9997,red,26,True,driver_roi,[]
2079,34.682,True,c9_talking,0.45383167266845703,0.9997,red,26,True,driver_roi,[]
2080,34.699,True,c9_talking,0.46287015080451965,0.9997,red,25,True,driver_roi,[]
2081,34.716,True,c9_talking,0.46287015080451965,0.9997,red,25,True,driver_roi,[]
2082,34.732,True,c9_talking,0.46673768758773804,0.9997,red,24,True,driver_roi,[]
2083,34.749,True,c9_talking,0.46673768758773804,0.9997,red,24,True,driver_roi,[]
2084,34.766,True,c9_talking,0.4694662392139435,0.9851,red,23,False,driver_roi,[]
2085,34.782,True,c9_talking,0.4694662392139435,0.9851,red,23,False,driver_roi,[]
2086,34.799,True,c9_talking,0.47866323590278625,0.9705,red,22,False,driver_roi,[]
2087,34.816,True,c9_talking,0.47866323590278625,0.9705,red,22,False,driver_roi,[]
2088,34.832,True,c9_talking,0.48835834860801697,0.9559,red,21,False,driver_roi,[]
2089,34.849,True,c9_talking,0.48835834860801697,0.9559,red,21,False,driver_roi,[]
2090,34.866,True,c9_talking,0.499846875667572,0.9413,red,20,False,driver_roi,[]
2091,34.883,True,c9_talking,0.499846875667572,0.9413,red,20,False,driver_roi,[]
2092,34.899,True,c9_talking,0.5132666230201721,0.9267,red,19,False,driver_roi,[]
2093,34.916,True,c9_talking,0.5132666230201721,0.9267,red,19,False,driver_roi,[]
2094,34.933,True,c9_talking,0.5302369594573975,0.9122,red,18,False,driver_roi,[]
2095,34.949,True,c9_talking,0.5302369594573975,0.9122,red,18,False,driver_roi,[]
2096,34.966,True,c9_talking,0.5448264479637146,0.8976,orange,17,False,driver_roi,[]
2097,34.983,True,c9_talking,0.5448264479637146,0.8976,orange,17,False,driver_roi,[]
2098,34.999,True,c9_talking,0.5659962892532349,0.883,orange,16,False,driver_roi,[]
2099,35.016,True,c9_talking,0.5659962892532349,0.883,orange,16,False,driver_roi,[]
2100,35.033,True,c9_talking,0.5866355895996094,0.8684,orange,15,False,driver_roi,[]
2101,35.049,True,c9_talking,0.5866355895996094,0.8684,orange,15,False,driver_roi,[]
2102,35.066,True,c9_talking,0.6026955246925354,0.8538,orange,14,False,driver_roi,[]
2103,35.083,True,c9_talking,0.6026955246925354,0.8538,orange,14,False,driver_roi,[]
2104,35.099,True,c9_talking,0.6236172318458557,0.8392,orange,13,False,driver_roi,[]
2105,35.116,True,c9_talking,0.6236172318458557,0.8392,orange,13,False,driver_roi,[]
2106,35.133,True,c9_talking,0.6367943286895752,0.8247,orange,12,False,driver_roi,[]
2107,35.149,True,c9_talking,0.6367943286895752,0.8247,orange,12,False,driver_roi,[]
2108,35.166,True,c9_talking,0.6484617590904236,0.8101,orange,11,False,driver_roi,[]
2109,35.183,True,c9_talking,0.6484617590904236,0.8101,orange,11,False,driver_roi,[]
2110,35.199,True,c9_talking,0.662201464176178,0.7954,orange,10,False,driver_roi,[]
2111,35.216,True,c9_talking,0.662201464176178,0.7954,orange,10,False,driver_roi,[]
2112,35.233,True,c9_talking,0.6755107045173645,0.7808,orange,9,False,driver_roi,[]
2113,35.25,True,c9_talking,0.6755107045173645,0.7808,orange,9,False,driver_roi,[]
2114,35.266,True,c9_talking,0.6886882781982422,0.7657,orange,8,False,driver_roi,[]
2115,35.283,True,c9_talking,0.6886882781982422,0.7657,orange,8,False,driver_roi,[]
2116,35.3,True,c9_talking,0.694175660610199,0.7502,orange,7,False,driver_roi,[]
2117,35.316,True,c9_talking,0.694175660610199,0.7502,orange,7,False,driver_roi,[]
2118,35.333,True,c9_talking,0.695433497428894,0.7345,orange,6,False,driver_roi,[]
2119,35.35,True,c9_talking,0.695433497428894,0.7345,orange,6,False,driver_roi,[]
2120,35.366,True,c9_talking,0.6922930479049683,0.7187,orange,5,False,driver_roi,[]
2121,35.383,True,c9_talking,0.6922930479049683,0.7187,orange,5,False,driver_roi,[]
2122,35.4,True,c9_talking,0.6827958226203918,0.7026,orange,4,False,driver_roi,[]
2123,35.416,True,c9_talking,0.6827958226203918,0.7026,orange,4,False,driver_roi,[]
2124,35.433,True,c9_talking,0.6685147881507874,0.6876,yellow,3,False,driver_roi,[]
2125,35.45,True,c9_talking,0.6685147881507874,0.6876,yellow,3,False,driver_roi,[]
2126,35.466,True,c9_talking,0.6705150604248047,0.6709,yellow,2,False,driver_roi,[]
2127,35.483,True,c9_talking,0.6705150604248047,0.6709,yellow,2,False,driver_roi,[]
2128,35.5,True,c9_talking,0.6553712487220764,0.6563,yellow,1,False,driver_roi,[]
2129,35.516,True,c9_talking,0.6553712487220764,0.6563,yellow,1,False,driver_roi,[]
2130,35.533,True,c9_talking,0.6428101658821106,0.6417,yellow,0,False,driver_roi,[]
2131,35.55,True,c9_talking,0.6428101658821106,0.6417,yellow,0,False,driver_roi,[]
2132,35.566,True,c9_talking,0.628216564655304,0.6415,yellow,0,False,driver_roi,[]
2133,35.583,True,c9_talking,0.628216564655304,0.6415,yellow,0,False,driver_roi,[]
2134,35.6,True,c9_talking,0.6062424182891846,0.6415,yellow,0,False,driver_roi,[]
2135,35.617,True,c9_talking,0.6062424182891846,0.6415,yellow,0,False,driver_roi,[]
2136,35.633,True,c9_talking,0.5822727680206299,0.6415,yellow,0,False,driver_roi,[]
2137,35.65,True,c9_talking,0.5822727680206299,0.6415,yellow,0,False,driver_roi,[]
2138,35.667,True,c9_talking,0.5564727187156677,0.6415,yellow,0,False,driver_roi,[]
2139,35.683,True,c9_talking,0.5564727187156677,0.6415,yellow,0,False,driver_roi,[]
2140,35.7,True,c9_talking,0.533755898475647,0.6415,yellow,0,False,driver_roi,[]
2141,35.717,True,c9_talking,0.533755898475647,0.6415,yellow,0,False,driver_roi,[]
2142,35.733,True,c9_talking,0.5157186985015869,0.6415,yellow,0,False,driver_roi,[]
2143,35.75,True,c9_talking,0.5157186985015869,0.6415,yellow,0,False,driver_roi,[]
2144,35.767,True,c9_talking,0.5024397969245911,0.6415,yellow,0,False,driver_roi,[]
2145,35.783,True,c9_talking,0.5024397969245911,0.6415,yellow,0,False,driver_roi,[]
2146,35.8,True,c9_talking,0.4845258295536041,0.6412,yellow,0,False,driver_roi,[]
2147,35.817,True,c9_talking,0.4845258295536041,0.6412,yellow,0,False,driver_roi,[]
2148,35.833,True,c9_talking,0.466220498085022,0.6404,yellow,0,False,driver_roi,[]
2149,35.85,True,c9_talking,0.466220498085022,0.6404,yellow,0,False,driver_roi,[]
2150,35.867,True,c9_talking,0.4453338086605072,0.6397,yellow,0,False,driver_roi,[]
2151,35.883,True,c9_talking,0.4453338086605072,0.6397,yellow,0,False,driver_roi,[]
2152,35.9,True,c9_talking,0.4188181161880493,0.6394,yellow,0,False,driver_roi,[]
2153,35.917,True,c9_talking,0.4188181161880493,0.6394,yellow,0,False,driver_roi,[]
2154,35.933,True,c9_talking,0.38760730624198914,0.6391,yellow,0,False,driver_roi,[]
2155,35.95,True,c9_talking,0.38760730624198914,0.6391,yellow,0,False,driver_roi,[]
2156,35.967,True,c9_talking,0.3567425608634949,0.6389,yellow,0,False,driver_roi,[]
2157,35.984,True,c9_talking,0.3567425608634949,0.6389,yellow,0,False,driver_roi,[]
2158,36.0,True,c9_talking,0.32481613755226135,0.6382,yellow,0,False,driver_roi,[]
2159,36.017,True,c9_talking,0.32481613755226135,0.6382,yellow,0,False,driver_roi,[]
2160,36.034,True,c9_talking,0.2920990288257599,0.6374,yellow,0,False,driver_roi,[]
2161,36.05,True,c9_talking,0.2920990288257599,0.6374,yellow,0,False,driver_roi,[]
2162,36.067,True,c5_radio,0.26208391785621643,0.6369,yellow,0,False,driver_roi,[]
2163,36.084,True,c5_radio,0.26208391785621643,0.6369,yellow,0,False,driver_roi,[]
2164,36.1,True,c5_radio,0.28517866134643555,0.6363,yellow,0,False,driver_roi,[]
2165,36.117,True,c5_radio,0.28517866134643555,0.6363,yellow,0,False,driver_roi,[]
2166,36.134,True,c5_radio,0.30856749415397644,0.6359,yellow,0,False,driver_roi,[]
2167,36.15,True,c5_radio,0.30856749415397644,0.6359,yellow,0,False,driver_roi,[]
2168,36.167,True,c5_radio,0.32709187269210815,0.6351,yellow,0,False,driver_roi,[]
2169,36.184,True,c5_radio,0.32709187269210815,0.6351,yellow,0,False,driver_roi,[]
2170,36.2,True,c5_radio,0.3434239327907562,0.6338,yellow,0,False,driver_roi,[]
2171,36.217,True,c5_radio,0.3434239327907562,0.6338,yellow,0,False,driver_roi,[]
2172,36.234,True,c5_radio,0.3585587441921234,0.6317,yellow,0,False,driver_roi,[]
2173,36.25,True,c5_radio,0.3585587441921234,0.6317,yellow,0,False,driver_roi,[]
2174,36.267,True,c5_radio,0.37325629591941833,0.6278,yellow,0,False,driver_roi,[]
2175,36.284,True,c5_radio,0.37325629591941833,0.6278,yellow,0,False,driver_roi,[]
2176,36.3,True,c5_radio,0.3883703649044037,0.6247,yellow,0,False,driver_roi,[]
2177,36.317,True,c5_radio,0.3883703649044037,0.6247,yellow,0,False,driver_roi,[]
2178,36.334,True,c5_radio,0.40213021636009216,0.6223,yellow,0,False,driver_roi,[]
2179,36.351,True,c5_radio,0.40213021636009216,0.6223,yellow,0,False,driver_roi,[]
2180,36.367,True,c5_radio,0.41432076692581177,0.6206,yellow,0,False,driver_roi,[]
2181,36.384,True,c5_radio,0.41432076692581177,0.6206,yellow,0,False,driver_roi,[]
2182,36.401,True,c5_radio,0.41821545362472534,0.6188,yellow,0,False,driver_roi,[]
2183,36.417,True,c5_radio,0.41821545362472534,0.6188,yellow,0,False,driver_roi,[]
2184,36.434,True,c5_radio,0.42128854990005493,0.6168,yellow,0,False,driver_roi,[]
2185,36.451,True,c5_radio,0.42128854990005493,0.6168,yellow,0,False,driver_roi,[]
2186,36.467,True,c5_radio,0.44111451506614685,0.6169,yellow,0,False,driver_roi,[]
2187,36.484,True,c5_radio,0.44111451506614685,0.6169,yellow,0,False,driver_roi,[]
2188,36.501,True,c5_radio,0.4619704782962799,0.6134,yellow,0,False,driver_roi,[]
2189,36.517,True,c5_radio,0.4619704782962799,0.6134,yellow,0,False,driver_roi,[]
2190,36.534,True,c5_radio,0.48463964462280273,0.6106,yellow,0,False,driver_roi,[]
2191,36.551,True,c5_radio,0.48463964462280273,0.6106,yellow,0,False,driver_roi,[]
2192,36.567,True,c5_radio,0.5043845176696777,0.6079,yellow,0,False,driver_roi,[]
2193,36.584,True,c5_radio,0.5043845176696777,0.6079,yellow,0,False,driver_roi,[]
2194,36.601,True,c5_radio,0.5233224034309387,0.6046,yellow,0,False,driver_roi,[]
2195,36.617,True,c5_radio,0.5233224034309387,0.6046,yellow,0,False,driver_roi,[]
2196,36.634,True,c5_radio,0.5385335087776184,0.6004,yellow,0,False,driver_roi,[]
2197,36.651,True,c5_radio,0.5385335087776184,0.6004,yellow,0,False,driver_roi,[]
2198,36.667,True,c5_radio,0.5541543960571289,0.5966,yellow,0,False,driver_roi,[]
2199,36.684,True,c5_radio,0.5541543960571289,0.5966,yellow,0,False,driver_roi,[]
2200,36.701,True,c5_radio,0.5721367597579956,0.593,yellow,0,False,driver_roi,[]
2201,36.718,True,c5_radio,0.5721367597579956,0.593,yellow,0,False,driver_roi,[]
2202,36.734,True,c5_radio,0.5944336652755737,0.5904,yellow,0,False,driver_roi,[]
2203,36.751,True,c5_radio,0.5944336652755737,0.5904,yellow,0,False,driver_roi,[]
2204,36.768,True,c5_radio,0.620145857334137,0.5886,yellow,0,False,driver_roi,[]
2205,36.784,True,c5_radio,0.620145857334137,0.5886,yellow,0,False,driver_roi,[]
2206,36.801,True,c5_radio,0.6366963982582092,0.5878,yellow,0,False,driver_roi,[]
2207,36.818,True,c5_radio,0.6366963982582092,0.5878,yellow,0,False,driver_roi,[]
2208,36.834,True,c5_radio,0.6439287066459656,0.588,yellow,0,False,driver_roi,[]
2209,36.851,True,c5_radio,0.6439287066459656,0.588,yellow,0,False,driver_roi,[]
2210,36.868,True,c5_radio,0.656838059425354,0.5882,yellow,0,False,driver_roi,[]
2211,36.884,True,c5_radio,0.656838059425354,0.5882,yellow,0,False,driver_roi,[]
2212,36.901,True,c5_radio,0.6696624159812927,0.5882,yellow,0,False,driver_roi,[]
2213,36.918,True,c5_radio,0.6696624159812927,0.5882,yellow,0,False,driver_roi,[]
2214,36.934,True,c5_radio,0.6777376532554626,0.588,yellow,0,False,driver_roi,[]
2215,36.951,True,c5_radio,0.6777376532554626,0.588,yellow,0,False,driver_roi,[]
2216,36.968,True,c5_radio,0.6958907246589661,0.5879,yellow,0,False,driver_roi,[]
2217,36.984,True,c5_radio,0.6958907246589661,0.5879,yellow,0,False,driver_roi,[]
2218,37.001,True,c5_radio,0.7137126326560974,0.5883,yellow,0,False,driver_roi,[]
2219,37.018,True,c5_radio,0.7137126326560974,0.5883,yellow,0,False,driver_roi,[]
2220,37.035,True,c5_radio,0.7287753820419312,0.5886,yellow,0,False,driver_roi,[]
2221,37.051,True,c5_radio,0.7287753820419312,0.5886,yellow,0,False,driver_roi,[]
2222,37.068,True,c5_radio,0.7336312532424927,0.5887,yellow,0,False,driver_roi,[]
2223,37.085,True,c5_radio,0.7336312532424927,0.5887,yellow,0,False,driver_roi,[]
2224,37.101,True,c5_radio,0.7420694828033447,0.589,yellow,0,False,driver_roi,[]
2225,37.118,True,c5_radio,0.7420694828033447,0.589,yellow,0,False,driver_roi,[]
2226,37.135,True,c5_radio,0.7491899132728577,0.5887,yellow,0,False,driver_roi,[]
2227,37.151,True,c5_radio,0.7491899132728577,0.5887,yellow,0,False,driver_roi,[]
2228,37.168,True,c5_radio,0.7612102627754211,0.5885,yellow,0,False,driver_roi,[]
2229,37.185,True,c5_radio,0.7612102627754211,0.5885,yellow,0,False,driver_roi,[]
2230,37.201,True,c5_radio,0.7758893966674805,0.5892,yellow,0,False,driver_roi,[]
2231,37.218,True,c5_radio,0.7758893966674805,0.5892,yellow,0,False,driver_roi,[]
2232,37.235,True,c5_radio,0.7903594970703125,0.6051,yellow,1,False,driver_roi,[]
2233,37.251,True,c5_radio,0.7903594970703125,0.6051,yellow,1,False,driver_roi,[]
2234,37.268,True,c5_radio,0.8023560643196106,0.6229,yellow,2,False,driver_roi,[]
2235,37.285,True,c5_radio,0.8023560643196106,0.6229,yellow,2,False,driver_roi,[]
2236,37.301,True,c5_radio,0.809155285358429,0.6404,yellow,3,False,driver_roi,[]
2237,37.318,True,c5_radio,0.809155285358429,0.6404,yellow,3,False,driver_roi,[]
2238,37.335,True,c5_radio,0.8138502836227417,0.6574,yellow,4,False,driver_roi,[]
2239,37.351,True,c5_radio,0.8138502836227417,0.6574,yellow,4,False,driver_roi,[]
2240,37.368,True,c5_radio,0.8120378255844116,0.6727,yellow,5,False,driver_roi,[]
2241,37.385,True,c5_radio,0.8120378255844116,0.6727,yellow,5,False,driver_roi,[]
2242,37.402,True,c5_radio,0.8098517060279846,0.6882,yellow,6,False,driver_roi,[]
2243,37.418,True,c5_radio,0.8098517060279846,0.6882,yellow,6,False,driver_roi,[]
2244,37.435,True,c5_radio,0.8062673807144165,0.7028,orange,7,False,driver_roi,[]
2245,37.452,True,c5_radio,0.8062673807144165,0.7028,orange,7,False,driver_roi,[]
2246,37.468,True,c5_radio,0.8063221573829651,0.7177,orange,8,False,driver_roi,[]
2247,37.485,True,c5_radio,0.8063221573829651,0.7177,orange,8,False,driver_roi,[]
2248,37.502,True,c5_radio,0.8124049305915833,0.7339,orange,9,False,driver_roi,[]
2249,37.518,True,c5_radio,0.8124049305915833,0.7339,orange,9,False,driver_roi,[]
2250,37.535,True,c5_radio,0.8163896799087524,0.7496,orange,10,False,driver_roi,[]
2251,37.552,True,c5_radio,0.8163896799087524,0.7496,orange,10,False,driver_roi,[]
2252,37.568,True,c5_radio,0.8200137615203857,0.7649,orange,11,False,driver_roi,[]
2253,37.585,True,c5_radio,0.8200137615203857,0.7649,orange,11,False,driver_roi,[]
2254,37.602,True,c5_radio,0.8255717158317566,0.7804,orange,12,False,driver_roi,[]
2255,37.618,True,c5_radio,0.8255717158317566,0.7804,orange,12,False,driver_roi,[]
2256,37.635,True,c5_radio,0.8377709984779358,0.7973,orange,13,False,driver_roi,[]
2257,37.652,True,c5_radio,0.8377709984779358,0.7973,orange,13,False,driver_roi,[]
2258,37.668,True,c5_radio,0.8479612469673157,0.8129,orange,14,False,driver_roi,[]
2259,37.685,True,c5_radio,0.8479612469673157,0.8129,orange,14,False,driver_roi,[]
2260,37.702,True,c5_radio,0.8552290201187134,0.8287,orange,15,False,driver_roi,[]
2261,37.718,True,c5_radio,0.8552290201187134,0.8287,orange,15,False,driver_roi,[]
2262,37.735,True,c5_radio,0.855085551738739,0.8425,orange,16,False,driver_roi,[]
2263,37.752,True,c5_radio,0.855085551738739,0.8425,orange,16,False,driver_roi,[]
2264,37.769,True,c5_radio,0.8543843626976013,0.8567,orange,17,False,driver_roi,[]
2265,37.785,True,c5_radio,0.8543843626976013,0.8567,orange,17,False,driver_roi,[]
2266,37.802,True,c5_radio,0.8541273474693298,0.871,orange,18,False,driver_roi,[]
2267,37.819,True,c5_radio,0.8541273474693298,0.871,orange,18,False,driver_roi,[]
2268,37.835,True,c5_radio,0.8543916344642639,0.8855,orange,19,False,driver_roi,[]
2269,37.852,True,c5_radio,0.8543916344642639,0.8855,orange,19,False,driver_roi,[]
2270,37.869,True,c5_radio,0.8542558550834656,0.9001,red,20,False,driver_roi,[]
2271,37.885,True,c5_radio,0.8542558550834656,0.9001,red,20,False,driver_roi,[]
2272,37.902,True,c5_radio,0.8545621037483215,0.9148,red,21,False,driver_roi,[]
2273,37.919,True,c5_radio,0.8545621037483215,0.9148,red,21,False,driver_roi,[]
2274,37.935,True,c5_radio,0.8550274968147278,0.9295,red,22,False,driver_roi,[]
2275,37.952,True,c5_radio,0.8550274968147278,0.9295,red,22,False,driver_roi,[]
2276,37.969,True,c5_radio,0.8551790118217468,0.9441,red,23,False,driver_roi,[]
2277,37.985,True,c5_radio,0.8551790118217468,0.9441,red,23,False,driver_roi,[]
2278,38.002,True,c5_radio,0.8550577163696289,0.9585,red,24,True,driver_roi,[]
2279,38.019,True,c5_radio,0.8550577163696289,0.9585,red,24,True,driver_roi,[]
2280,38.035,True,c5_radio,0.8556396961212158,0.9586,red,25,True,driver_roi,[]
2281,38.052,True,c5_radio,0.8556396961212158,0.9586,red,25,True,driver_roi,[]
2282,38.069,True,c5_radio,0.8561094999313354,0.9587,red,26,True,driver_roi,[]
2283,38.085,True,c5_radio,0.8561094999313354,0.9587,red,26,True,driver_roi,[]
2284,38.102,True,c5_radio,0.8569273352622986,0.9588,red,27,True,driver_roi,[]
2285,38.119,True,c5_radio,0.8569273352622986,0.9588,red,27,True,driver_roi,[]
2286,38.136,True,c5_radio,0.8573122620582581,0.9589,red,28,True,driver_roi,[]
2287,38.152,True,c5_radio,0.8573122620582581,0.9589,red,28,True,driver_roi,[]
2288,38.169,True,c5_radio,0.8562469482421875,0.9588,red,29,True,driver_roi,[]
2289,38.186,True,c5_radio,0.8562469482421875,0.9588,red,29,True,driver_roi,[]
2290,38.202,True,c5_radio,0.855113685131073,0.9586,red,30,True,driver_roi,[]
2291,38.219,True,c5_radio,0.855113685131073,0.9586,red,30,True,driver_roi,[]
2292,38.236,True,c5_radio,0.855510950088501,0.9589,red,31,True,driver_roi,[]
2293,38.252,True,c5_radio,0.855510950088501,0.9589,red,31,True,driver_roi,[]
2294,38.269,True,c5_radio,0.8579059839248657,0.9597,red,32,True,driver_roi,[]
2295,38.286,True,c5_radio,0.8579059839248657,0.9597,red,32,True,driver_roi,[]
2296,38.302,True,c5_radio,0.8598969578742981,0.9602,red,33,True,driver_roi,[]
2297,38.319,True,c5_radio,0.8598969578742981,0.9602,red,33,True,driver_roi,[]
2298,38.336,True,c5_radio,0.8632852435112,0.9607,red,34,True,driver_roi,[]
2299,38.352,True,c5_radio,0.8632852435112,0.9607,red,34,True,driver_roi,[]
2300,38.369,True,c5_radio,0.8716684579849243,0.9623,red,35,True,driver_roi,[]
2301,38.386,True,c5_radio,0.8716684579849243,0.9623,red,35,True,driver_roi,[]
2302,38.402,True,c5_radio,0.8820582032203674,0.9645,red,36,True,driver_roi,[]
2303,38.419,True,c5_radio,0.8820582032203674,0.9645,red,36,True,driver_roi,[]
2304,38.436,True,c5_radio,0.8914110064506531,0.9666,red,37,True,driver_roi,[]
2305,38.452,True,c5_radio,0.8914110064506531,0.9666,red,37,True,driver_roi,[]
2306,38.469,True,c5_radio,0.8970130085945129,0.9676,red,38,True,driver_roi,[]
2307,38.486,True,c5_radio,0.8970130085945129,0.9676,red,38,True,driver_roi,[]
2308,38.503,True,c5_radio,0.9008665084838867,0.9685,red,39,True,driver_roi,[]
2309,38.519,True,c5_radio,0.9008665084838867,0.9685,red,39,True,driver_roi,[]
2310,38.536,True,c5_radio,0.9038900136947632,0.9692,red,40,True,driver_roi,[]
2311,38.553,True,c5_radio,0.9038900136947632,0.9692,red,40,True,driver_roi,[]
2312,38.569,True,c5_radio,0.9005016684532166,0.9686,red,41,True,driver_roi,[]
2313,38.586,True,c5_radio,0.9005016684532166,0.9686,red,41,True,driver_roi,[]
2314,38.603,True,c5_radio,0.894047200679779,0.9668,red,42,True,driver_roi,[]
2315,38.619,True,c5_radio,0.894047200679779,0.9668,red,42,True,driver_roi,[]
2316,38.636,True,c5_radio,0.8884893655776978,0.9654,red,43,True,driver_roi,[]
2317,38.653,True,c5_radio,0.8884893655776978,0.9654,red,43,True,driver_roi,[]
2318,38.669,True,c5_radio,0.8902179002761841,0.9663,red,44,True,driver_roi,[]
2319,38.686,True,c5_radio,0.8902179002761841,0.9663,red,44,True,driver_roi,[]
2320,38.703,True,c5_radio,0.8901100158691406,0.9665,red,45,True,driver_roi,[]
2321,38.719,True,c5_radio,0.8901100158691406,0.9665,red,45,True,driver_roi,[]
2322,38.736,True,c5_radio,0.8936013579368591,0.9675,red,46,True,driver_roi,[]
2323,38.753,True,c5_radio,0.8936013579368591,0.9675,red,46,True,driver_roi,[]
2324,38.769,True,c5_radio,0.8928031325340271,0.9666,red,47,True,driver_roi,[]
2325,38.786,True,c5_radio,0.8928031325340271,0.9666,red,47,True,driver_roi,[]
2326,38.803,True,c5_radio,0.891383945941925,0.9654,red,48,True,driver_roi,[]
2327,38.82,True,c5_radio,0.891383945941925,0.9654,red,48,True,driver_roi,[]
2328,38.836,True,c5_radio,0.8847466111183167,0.9629,red,49,True,driver_roi,[]
2329,38.853,True,c5_radio,0.8847466111183167,0.9629,red,49,True,driver_roi,[]
2330,38.87,True,c5_radio,0.8766300678253174,0.9598,red,50,True,driver_roi,[]
2331,38.886,True,c5_radio,0.8766300678253174,0.9598,red,50,True,driver_roi,[]
2332,38.903,True,c5_radio,0.8705511689186096,0.9575,red,51,True,driver_roi,[]
2333,38.92,True,c5_radio,0.8705511689186096,0.9575,red,51,True,driver_roi,[]
2334,38.936,True,c5_radio,0.8642516732215881,0.9553,red,52,True,driver_roi,[]
2335,38.953,True,c5_radio,0.8642516732215881,0.9553,red,52,True,driver_roi,[]
2336,38.97,True,c5_radio,0.861047089099884,0.9541,red,53,True,driver_roi,[]
2337,38.986,True,c5_radio,0.861047089099884,0.9541,red,53,True,driver_roi,[]
2338,39.003,True,c5_radio,0.8519668579101562,0.9512,red,54,True,driver_roi,[]
2339,39.02,True,c5_radio,0.8519668579101562,0.9512,red,54,True,driver_roi,[]
2340,39.036,True,c5_radio,0.8393919467926025,0.9477,red,55,True,driver_roi,[]
2341,39.053,True,c5_radio,0.8393919467926025,0.9477,red,55,True,driver_roi,[]
2342,39.07,True,c5_radio,0.8319025039672852,0.9458,red,56,True,driver_roi,[]
2343,39.086,True,c5_radio,0.8319025039672852,0.9458,red,56,True,driver_roi,[]
2344,39.103,True,c5_radio,0.8269385099411011,0.9444,red,57,True,driver_roi,[]
2345,39.12,True,c5_radio,0.8269385099411011,0.9444,red,57,True,driver_roi,[]
2346,39.136,True,c5_radio,0.8259891271591187,0.9442,red,58,True,driver_roi,[]
2347,39.153,True,c5_radio,0.8259891271591187,0.9442,red,58,True,driver_roi,[]
2348,39.17,True,c5_radio,0.8266425728797913,0.9446,red,59,True,driver_roi,[]
2349,39.187,True,c5_radio,0.8266425728797913,0.9446,red,59,True,driver_roi,[]
2350,39.203,True,c5_radio,0.827317476272583,0.945,red,60,True,driver_roi,[]
2351,39.22,True,c5_radio,0.827317476272583,0.945,red,60,True,driver_roi,[]
2352,39.237,True,c5_radio,0.8278909921646118,0.9451,red,61,True,driver_roi,[]
2353,39.253,True,c5_radio,0.8278909921646118,0.9451,red,61,True,driver_roi,[]
2354,39.27,True,c5_radio,0.8267596960067749,0.9447,red,62,True,driver_roi,[]
2355,39.287,True,c5_radio,0.8267596960067749,0.9447,red,62,True,driver_roi,[]
2356,39.303,True,c5_radio,0.824350118637085,0.944,red,63,True,driver_roi,[]
2357,39.32,True,c5_radio,0.824350118637085,0.944,red,63,True,driver_roi,[]
2358,39.337,True,c5_radio,0.8242253661155701,0.9439,red,64,True,driver_roi,[]
2359,39.353,True,c5_radio,0.8242253661155701,0.9439,red,64,True,driver_roi,[]
2360,39.37,True,c5_radio,0.8237664103507996,0.9437,red,65,True,driver_roi,[]
2361,39.387,True,c5_radio,0.8237664103507996,0.9437,red,65,True,driver_roi,[]
2362,39.403,True,c5_radio,0.8222581744194031,0.9433,red,66,True,driver_roi,[]
2363,39.42,True,c5_radio,0.8222581744194031,0.9433,red,66,True,driver_roi,[]
2364,39.437,True,c5_radio,0.8208526968955994,0.9429,red,67,True,driver_roi,[]
2365,39.453,True,c5_radio,0.8208526968955994,0.9429,red,67,True,driver_roi,[]
2366,39.47,True,c5_radio,0.8200807571411133,0.9429,red,68,True,driver_roi,[]
2367,39.487,True,c5_radio,0.8200807571411133,0.9429,red,68,True,driver_roi,[]
2368,39.503,True,c5_radio,0.8193925619125366,0.943,red,69,True,driver_roi,[]
2369,39.52,True,c5_radio,0.8193925619125366,0.943,red,69,True,driver_roi,[]
2370,39.537,True,c5_radio,0.8184385299682617,0.943,red,70,True,driver_roi,[]
2371,39.554,True,c5_radio,0.8184385299682617,0.943,red,70,True,driver_roi,[]
2372,39.57,True,c5_radio,0.825814425945282,0.9447,red,71,True,driver_roi,[]
2373,39.587,True,c5_radio,0.825814425945282,0.9447,red,71,True,driver_roi,[]
2374,39.604,True,c5_radio,0.836847186088562,0.9478,red,72,True,driver_roi,[]
2375,39.62,True,c5_radio,0.836847186088562,0.9478,red,72,True,driver_roi,[]
2376,39.637,True,c5_radio,0.8447024822235107,0.9502,red,73,True,driver_roi,[]
2377,39.654,True,c5_radio,0.8447024822235107,0.9502,red,73,True,driver_roi,[]
2378,39.67,True,c5_radio,0.847672164440155,0.9511,red,74,True,driver_roi,[]
2379,39.687,True,c5_radio,0.847672164440155,0.9511,red,74,True,driver_roi,[]
2380,39.704,True,c5_radio,0.8516238927841187,0.9523,red,75,True,driver_roi,[]
2381,39.72,True,c5_radio,0.8516238927841187,0.9523,red,75,True,driver_roi,[]
2382,39.737,True,c5_radio,0.8547870516777039,0.9532,red,76,True,driver_roi,[]
2383,39.754,True,c5_radio,0.8547870516777039,0.9532,red,76,True,driver_roi,[]
2384,39.77,True,c5_radio,0.8580472469329834,0.9546,red,77,True,driver_roi,[]
2385,39.787,True,c5_radio,0.8580472469329834,0.9546,red,77,True,driver_roi,[]
2386,39.804,True,c5_radio,0.860207736492157,0.9558,red,78,True,driver_roi,[]
2387,39.82,True,c5_radio,0.860207736492157,0.9558,red,78,True,driver_roi,[]
2388,39.837,True,c5_radio,0.8639316558837891,0.9575,red,79,True,driver_roi,[]
2389,39.854,True,c5_radio,0.8639316558837891,0.9575,red,79,True,driver_roi,[]
2390,39.87,True,c5_radio,0.8638514876365662,0.9582,red,80,True,driver_roi,[]
2391,39.887,True,c5_radio,0.8638514876365662,0.9582,red,80,True,driver_roi,[]
2392,39.904,True,c5_radio,0.8588479161262512,0.9569,red,81,True,driver_roi,[]
2393,39.921,True,c5_radio,0.8588479161262512,0.9569,red,81,True,driver_roi,[]
2394,39.937,True,c5_radio,0.8515386581420898,0.9554,red,82,True,driver_roi,[]
2395,39.954,True,c5_radio,0.8515386581420898,0.9554,red,82,True,driver_roi,[]
2396,39.971,True,c5_radio,0.8427714109420776,0.9533,red,83,True,driver_roi,[]
2397,39.987,True,c5_radio,0.8427714109420776,0.9533,red,83,True,driver_roi,[]
2398,40.004,True,c5_radio,0.8408568501472473,0.9531,red,84,True,driver_roi,[]
2399,40.021,True,c5_radio,0.8408568501472473,0.9531,red,84,True,driver_roi,[]
2400,40.037,True,c5_radio,0.8425439596176147,0.9544,red,85,True,driver_roi,[]
2401,40.054,True,c5_radio,0.8425439596176147,0.9544,red,85,True,driver_roi,[]
2402,40.071,True,c5_radio,0.8401933312416077,0.9545,red,86,True,driver_roi,[]
2403,40.087,True,c5_radio,0.8401933312416077,0.9545,red,86,True,driver_roi,[]
2404,40.104,True,c5_radio,0.834614634513855,0.9535,red,87,True,driver_roi,[]
2405,40.121,True,c5_radio,0.834614634513855,0.9535,red,87,True,driver_roi,[]
2406,40.137,True,c5_radio,0.8240641951560974,0.9504,red,88,True,driver_roi,[]
2407,40.154,True,c5_radio,0.8240641951560974,0.9504,red,88,True,driver_roi,[]
2408,40.171,True,c5_radio,0.8177035450935364,0.948,red,89,True,driver_roi,[]
2409,40.187,True,c5_radio,0.8177035450935364,0.948,red,89,True,driver_roi,[]
2410,40.204,True,c5_radio,0.8147822618484497,0.9468,red,90,True,driver_roi,[]
2411,40.221,True,c5_radio,0.8147822618484497,0.9468,red,90,True,driver_roi,[]
2412,40.237,True,c5_radio,0.8087137937545776,0.9447,red,91,True,driver_roi,[]
2413,40.254,True,c5_radio,0.8087137937545776,0.9447,red,91,True,driver_roi,[]
2414,40.271,True,c5_radio,0.8051484227180481,0.9436,red,92,True,driver_roi,[]
2415,40.288,True,c5_radio,0.8051484227180481,0.9436,red,92,True,driver_roi,[]
2416,40.304,True,c5_radio,0.8053078055381775,0.9435,red,93,True,driver_roi,[]
2417,40.321,True,c5_radio,0.8053078055381775,0.9435,red,93,True,driver_roi,[]
2418,40.338,True,c5_radio,0.8013438582420349,0.9422,red,94,True,driver_roi,[]
2419,40.354,True,c5_radio,0.8013438582420349,0.9422,red,94,True,driver_roi,[]
2420,40.371,True,c5_radio,0.7959908246994019,0.9404,red,95,True,driver_roi,[]
2421,40.388,True,c5_radio,0.7959908246994019,0.9404,red,95,True,driver_roi,[]
2422,40.404,True,c5_radio,0.7921631336212158,0.9389,red,96,True,driver_roi,[]
2423,40.421,True,c5_radio,0.7921631336212158,0.9389,red,96,True,driver_roi,[]
2424,40.438,True,c5_radio,0.7867956161499023,0.9371,red,97,True,driver_roi,[]
2425,40.454,True,c5_radio,0.7867956161499023,0.9371,red,97,True,driver_roi,[]
2426,40.471,True,c5_radio,0.7830217480659485,0.9357,red,98,True,driver_roi,[]
2427,40.488,True,c5_radio,0.7830217480659485,0.9357,red,98,True,driver_roi,[]
2428,40.504,True,c5_radio,0.776025116443634,0.9329,red,97,True,driver_roi,[]
2429,40.521,True,c5_radio,0.776025116443634,0.9329,red,97,True,driver_roi,[]
2430,40.538,True,c5_radio,0.7713054418563843,0.9307,red,96,True,driver_roi,[]
2431,40.554,True,c5_radio,0.7713054418563843,0.9307,red,96,True,driver_roi,[]
2432,40.571,True,c5_radio,0.7668088674545288,0.9289,red,95,True,driver_roi,[]
2433,40.588,True,c5_radio,0.7668088674545288,0.9289,red,95,True,driver_roi,[]
2434,40.605,True,c5_radio,0.7612351775169373,0.9267,red,94,True,driver_roi,[]
2435,40.621,True,c5_radio,0.7612351775169373,0.9267,red,94,True,driver_roi,[]
2436,40.638,True,c5_radio,0.7601977586746216,0.926,red,93,True,driver_roi,[]
2437,40.655,True,c5_radio,0.7601977586746216,0.926,red,93,True,driver_roi,[]
2438,40.671,True,c5_radio,0.7563525438308716,0.9239,red,92,True,driver_roi,[]
2439,40.688,True,c5_radio,0.7563525438308716,0.9239,red,92,True,driver_roi,[]
2440,40.705,True,c5_radio,0.7529284358024597,0.9221,red,91,True,driver_roi,[]
2441,40.721,True,c5_radio,0.7529284358024597,0.9221,red,91,True,driver_roi,[]
2442,40.738,True,c5_radio,0.7523835897445679,0.9212,red,90,True,driver_roi,[]
2443,40.755,True,c5_radio,0.7523835897445679,0.9212,red,90,True,driver_roi,[]
2444,40.771,True,c5_radio,0.7540601491928101,0.9213,red,89,True,driver_roi,[]
2445,40.788,True,c5_radio,0.7540601491928101,0.9213,red,89,True,driver_roi,[]
2446,40.805,True,c5_radio,0.7564573884010315,0.9218,red,88,True,driver_roi,[]
2447,40.821,True,c5_radio,0.7564573884010315,0.9218,red,88,True,driver_roi,[]
2448,40.838,True,c5_radio,0.7589356899261475,0.9222,red,87,True,driver_roi,[]
2449,40.855,True,c5_radio,0.7589356899261475,0.9222,red,87,True,driver_roi,[]
2450,40.871,True,c5_radio,0.7649596929550171,0.9235,red,86,True,driver_roi,[]
2451,40.888,True,c5_radio,0.7649596929550171,0.9235,red,86,True,driver_roi,[]
2452,40.905,True,c5_radio,0.7711210250854492,0.9252,red,85,True,driver_roi,[]
2453,40.921,True,c5_radio,0.7711210250854492,0.9252,red,85,True,driver_roi,[]
2454,40.938,True,c5_radio,0.7811915874481201,0.9278,red,86,True,driver_roi,[]
2455,40.955,True,c5_radio,0.7811915874481201,0.9278,red,86,True,driver_roi,[]
2456,40.972,True,c5_radio,0.7894584536552429,0.93,red,87,True,driver_roi,[]
2457,40.988,True,c5_radio,0.7894584536552429,0.93,red,87,True,driver_roi,[]
2458,41.005,True,c5_radio,0.7923247814178467,0.9307,red,88,True,driver_roi,[]
2459,41.022,True,c5_radio,0.7923247814178467,0.9307,red,88,True,driver_roi,[]
2460,41.038,True,c5_radio,0.790039598941803,0.9282,red,89,True,driver_roi,[]
2461,41.055,True,c5_radio,0.790039598941803,0.9282,red,89,True,driver_roi,[]
2462,41.072,True,c5_radio,0.7814779877662659,0.9229,red,90,True,driver_roi,[]
2463,41.088,True,c5_radio,0.7814779877662659,0.9229,red,90,True,driver_roi,[]
2464,41.105,True,c5_radio,0.7732529044151306,0.917,red,89,True,driver_roi,[]
2465,41.122,True,c5_radio,0.7732529044151306,0.917,red,89,True,driver_roi,[]
2466,41.138,True,c5_radio,0.7692545652389526,0.9138,red,88,True,driver_roi,[]
2467,41.155,True,c5_radio,0.7692545652389526,0.9138,red,88,True,driver_roi,[]
2468,41.172,True,c5_radio,0.7606115341186523,0.9111,red,87,True,driver_roi,[]
2469,41.188,True,c5_radio,0.7606115341186523,0.9111,red,87,True,driver_roi,[]
2470,41.205,True,c5_radio,0.7426766753196716,0.9052,red,86,True,driver_roi,[]
2471,41.222,True,c5_radio,0.7426766753196716,0.9052,red,86,True,driver_roi,[]
2472,41.238,True,c5_radio,0.7261422276496887,0.9002,red,85,True,driver_roi,[]
2473,41.255,True,c5_radio,0.7261422276496887,0.9002,red,85,True,driver_roi,[]
2474,41.272,True,c5_radio,0.7104710936546326,0.8958,orange,84,True,driver_roi,[]
2475,41.288,True,c5_radio,0.7104710936546326,0.8958,orange,84,True,driver_roi,[]
2476,41.305,True,c5_radio,0.696988046169281,0.892,orange,83,True,driver_roi,[]
2477,41.322,True,c5_radio,0.696988046169281,0.892,orange,83,True,driver_roi,[]
2478,41.339,True,c5_radio,0.6827917098999023,0.8878,orange,82,True,driver_roi,[]
2479,41.355,True,c5_radio,0.6827917098999023,0.8878,orange,82,True,driver_roi,[]
2480,41.372,True,c5_radio,0.6712514162063599,0.885,orange,81,True,driver_roi,[]
2481,41.389,True,c5_radio,0.6712514162063599,0.885,orange,81,True,driver_roi,[]
2482,41.405,True,c5_radio,0.6640266180038452,0.883,orange,80,True,driver_roi,[]
2483,41.422,True,c5_radio,0.6640266180038452,0.883,orange,80,True,driver_roi,[]
2484,41.439,True,c5_radio,0.6599996089935303,0.8816,orange,79,True,driver_roi,[]
2485,41.455,True,c5_radio,0.6599996089935303,0.8816,orange,79,True,driver_roi,[]
2486,41.472,True,c5_radio,0.6629146337509155,0.8824,orange,78,True,driver_roi,[]
2487,41.489,True,c5_radio,0.6629146337509155,0.8824,orange,78,True,driver_roi,[]
2488,41.505,True,c5_radio,0.6658616662025452,0.8836,orange,77,True,driver_roi,[]
2489,41.522,True,c5_radio,0.6658616662025452,0.8836,orange,77,True,driver_roi,[]
2490,41.539,True,c5_radio,0.66880202293396,0.8845,orange,76,True,driver_roi,[]
2491,41.555,True,c5_radio,0.66880202293396,0.8845,orange,76,True,driver_roi,[]
2492,41.572,True,c5_radio,0.6729097962379456,0.8858,orange,75,True,driver_roi,[]
2493,41.589,True,c5_radio,0.6729097962379456,0.8858,orange,75,True,driver_roi,[]
2494,41.605,True,c5_radio,0.677678644657135,0.8875,orange,74,True,driver_roi,[]
2495,41.622,True,c5_radio,0.677678644657135,0.8875,orange,74,True,driver_roi,[]
2496,41.639,True,c5_radio,0.6789169311523438,0.888,orange,73,True,driver_roi,[]
2497,41.655,True,c5_radio,0.6789169311523438,0.888,orange,73,True,driver_roi,[]
2498,41.672,True,c5_radio,0.6834853291511536,0.8901,orange,72,True,driver_roi,[]
2499,41.689,True,c5_radio,0.6834853291511536,0.8901,orange,72,True,driver_roi,[]
2500,41.706,True,c5_radio,0.6869297027587891,0.8918,orange,71,True,driver_roi,[]
2501,41.722,True,c5_radio,0.6869297027587891,0.8918,orange,71,True,driver_roi,[]
2502,41.739,True,c5_radio,0.6895531415939331,0.8932,orange,70,True,driver_roi,[]
2503,41.756,True,c5_radio,0.6895531415939331,0.8932,orange,70,True,driver_roi,[]
2504,41.772,True,c5_radio,0.6903311014175415,0.894,orange,69,True,driver_roi,[]
2505,41.789,True,c5_radio,0.6903311014175415,0.894,orange,69,True,driver_roi,[]
2506,41.806,True,c5_radio,0.6880609393119812,0.8931,orange,68,True,driver_roi,[]
2507,41.822,True,c5_radio,0.6880609393119812,0.8931,orange,68,True,driver_roi,[]
2508,41.839,True,c5_radio,0.6858103275299072,0.8924,orange,67,True,driver_roi,[]
2509,41.856,True,c5_radio,0.6858103275299072,0.8924,orange,67,True,driver_roi,[]
2510,41.872,True,c5_radio,0.6836467385292053,0.8915,orange,66,True,driver_roi,[]
2511,41.889,True,c5_radio,0.6836467385292053,0.8915,orange,66,True,driver_roi,[]
2512,41.906,True,c5_radio,0.6827694773674011,0.891,orange,65,True,driver_roi,[]
2513,41.922,True,c5_radio,0.6827694773674011,0.891,orange,65,True,driver_roi,[]
2514,41.939,True,c5_radio,0.6781431436538696,0.8893,orange,64,True,driver_roi,[]
2515,41.956,True,c5_radio,0.6781431436538696,0.8893,orange,64,True,driver_roi,[]
2516,41.972,True,c5_radio,0.6756861209869385,0.8883,orange,63,True,driver_roi,[]
2517,41.989,True,c5_radio,0.6756861209869385,0.8883,orange,63,True,driver_roi,[]
2518,42.006,True,c5_radio,0.6797454357147217,0.8889,orange,62,True,driver_roi,[]
2519,42.022,True,c5_radio,0.6797454357147217,0.8889,orange,62,True,driver_roi,[]
2520,42.039,True,c5_radio,0.6864299774169922,0.891,orange,61,True,driver_roi,[]
2521,42.056,True,c5_radio,0.6864299774169922,0.891,orange,61,True,driver_roi,[]
2522,42.073,True,c5_radio,0.6965485215187073,0.8943,orange,60,True,driver_roi,[]
2523,42.089,True,c5_radio,0.6965485215187073,0.8943,orange,60,True,driver_roi,[]
2524,42.106,True,c5_radio,0.7095034122467041,0.9,red,59,True,driver_roi,[]
2525,42.123,True,c5_radio,0.7095034122467041,0.9,red,59,True,driver_roi,[]
2526,42.139,True,c5_radio,0.722274661064148,0.9053,red,58,True,driver_roi,[]
2527,42.156,True,c5_radio,0.722274661064148,0.9053,red,58,True,driver_roi,[]
2528,42.173,True,c5_radio,0.7379448413848877,0.9101,red,57,True,driver_roi,[]
2529,42.189,True,c5_radio,0.7379448413848877,0.9101,red,57,True,driver_roi,[]
2530,42.206,True,c5_radio,0.7573078274726868,0.9167,red,56,True,driver_roi,[]
2531,42.223,True,c5_radio,0.7573078274726868,0.9167,red,56,True,driver_roi,[]
2532,42.239,True,c5_radio,0.7765414714813232,0.9231,red,55,True,driver_roi,[]
2533,42.256,True,c5_radio,0.7765414714813232,0.9231,red,55,True,driver_roi,[]
2534,42.273,True,c5_radio,0.7924597859382629,0.9281,red,56,True,driver_roi,[]
2535,42.289,True,c5_radio,0.7924597859382629,0.9281,red,56,True,driver_roi,[]
2536,42.306,True,c5_radio,0.8009617328643799,0.9313,red,57,True,driver_roi,[]
2537,42.323,True,c5_radio,0.8009617328643799,0.9313,red,57,True,driver_roi,[]
2538,42.339,True,c5_radio,0.8132566213607788,0.9353,red,58,True,driver_roi,[]
2539,42.356,True,c5_radio,0.8132566213607788,0.9353,red,58,True,driver_roi,[]
2540,42.373,True,c5_radio,0.8204180598258972,0.9377,red,59,True,driver_roi,[]
2541,42.389,True,c5_radio,0.8204180598258972,0.9377,red,59,True,driver_roi,[]
2542,42.406,True,c5_radio,0.8184438347816467,0.9379,red,60,True,driver_roi,[]
2543,42.423,True,c5_radio,0.8184438347816467,0.9379,red,60,True,driver_roi,[]
2544,42.44,True,c5_radio,0.8156520128250122,0.9373,red,61,True,driver_roi,[]
2545,42.456,True,c5_radio,0.8156520128250122,0.9373,red,61,True,driver_roi,[]
2546,42.473,True,c5_radio,0.8062427043914795,0.9356,red,62,True,driver_roi,[]
2547,42.49,True,c5_radio,0.8062427043914795,0.9356,red,62,True,driver_roi,[]
2548,42.506,True,c5_radio,0.7994823455810547,0.9347,red,63,True,driver_roi,[]
2549,42.523,True,c5_radio,0.7994823455810547,0.9347,red,63,True,driver_roi,[]
2550,42.54,True,c5_radio,0.794201135635376,0.9344,red,64,True,driver_roi,[]
2551,42.556,True,c5_radio,0.794201135635376,0.9344,red,64,True,driver_roi,[]
2552,42.573,True,c5_radio,0.787598192691803,0.9331,red,65,True,driver_roi,[]
2553,42.59,True,c5_radio,0.787598192691803,0.9331,red,65,True,driver_roi,[]
2554,42.606,True,c5_radio,0.7823261022567749,0.933,red,66,True,driver_roi,[]
2555,42.623,True,c5_radio,0.7823261022567749,0.933,red,66,True,driver_roi,[]
2556,42.64,True,c5_radio,0.7774856686592102,0.9323,red,65,True,driver_roi,[]
2557,42.656,True,c5_radio,0.7774856686592102,0.9323,red,65,True,driver_roi,[]
2558,42.673,True,c5_radio,0.775604248046875,0.9323,red,64,True,driver_roi,[]
2559,42.69,True,c5_radio,0.775604248046875,0.9323,red,64,True,driver_roi,[]
2560,42.706,True,c5_radio,0.7752411365509033,0.9325,red,63,True,driver_roi,[]
2561,42.723,True,c5_radio,0.7752411365509033,0.9325,red,63,True,driver_roi,[]
2562,42.74,True,c5_radio,0.7753137350082397,0.9329,red,62,True,driver_roi,[]
2563,42.757,True,c5_radio,0.7753137350082397,0.9329,red,62,True,driver_roi,[]
2564,42.773,True,c5_radio,0.7747881412506104,0.933,red,61,True,driver_roi,[]
2565,42.79,True,c5_radio,0.7747881412506104,0.933,red,61,True,driver_roi,[]
2566,42.807,True,c5_radio,0.7765045166015625,0.9339,red,60,True,driver_roi,[]
2567,42.823,True,c5_radio,0.7765045166015625,0.9339,red,60,True,driver_roi,[]
2568,42.84,True,c5_radio,0.7785226702690125,0.9349,red,59,True,driver_roi,[]
2569,42.857,True,c5_radio,0.7785226702690125,0.9349,red,59,True,driver_roi,[]
2570,42.873,True,c5_radio,0.7816371321678162,0.9363,red,60,True,driver_roi,[]
2571,42.89,True,c5_radio,0.7816371321678162,0.9363,red,60,True,driver_roi,[]
2572,42.907,True,c5_radio,0.7867923974990845,0.9384,red,61,True,driver_roi,[]
2573,42.923,True,c5_radio,0.7867923974990845,0.9384,red,61,True,driver_roi,[]
2574,42.94,True,c5_radio,0.7951487898826599,0.9413,red,62,True,driver_roi,[]
2575,42.957,True,c5_radio,0.7951487898826599,0.9413,red,62,True,driver_roi,[]
2576,42.973,True,c5_radio,0.801414430141449,0.9435,red,63,True,driver_roi,[]
2577,42.99,True,c5_radio,0.801414430141449,0.9435,red,63,True,driver_roi,[]
2578,43.007,True,c5_radio,0.8057633638381958,0.9452,red,64,True,driver_roi,[]
2579,43.023,True,c5_radio,0.8057633638381958,0.9452,red,64,True,driver_roi,[]
2580,43.04,True,c5_radio,0.8113143444061279,0.9475,red,65,True,driver_roi,[]
2581,43.057,True,c5_radio,0.8113143444061279,0.9475,red,65,True,driver_roi,[]
2582,43.073,True,c5_radio,0.818601667881012,0.9509,red,66,True,driver_roi,[]
2583,43.09,True,c5_radio,0.818601667881012,0.9509,red,66,True,driver_roi,[]
2584,43.107,True,c5_radio,0.8226314187049866,0.9528,red,67,True,driver_roi,[]
2585,43.124,True,c5_radio,0.8226314187049866,0.9528,red,67,True,driver_roi,[]
2586,43.14,True,c5_radio,0.8261469602584839,0.9541,red,68,True,driver_roi,[]
2587,43.157,True,c5_radio,0.8261469602584839,0.9541,red,68,True,driver_roi,[]
2588,43.174,True,c5_radio,0.8269487619400024,0.9544,red,69,True,driver_roi,[]
2589,43.19,True,c5_radio,0.8269487619400024,0.9544,red,69,True,driver_roi,[]
2590,43.207,True,c5_radio,0.8295774459838867,0.9551,red,70,True,driver_roi,[]
2591,43.224,True,c5_radio,0.8295774459838867,0.9551,red,70,True,driver_roi,[]
2592,43.24,True,c5_radio,0.8331241011619568,0.9558,red,71,True,driver_roi,[]
2593,43.257,True,c5_radio,0.8331241011619568,0.9558,red,71,True,driver_roi,[]
2594,43.274,True,c5_radio,0.8376967310905457,0.9566,red,72,True,driver_roi,[]
2595,43.29,True,c5_radio,0.8376967310905457,0.9566,red,72,True,driver_roi,[]
2596,43.307,True,c5_radio,0.8445640206336975,0.9578,red,73,True,driver_roi,[]
2597,43.324,True,c5_radio,0.8445640206336975,0.9578,red,73,True,driver_roi,[]
2598,43.34,True,c5_radio,0.8449428677558899,0.9575,red,74,True,driver_roi,[]
2599,43.357,True,c5_radio,0.8449428677558899,0.9575,red,74,True,driver_roi,[]
2600,43.374,True,c5_radio,0.8470368981361389,0.9573,red,75,True,driver_roi,[]
2601,43.39,True,c5_radio,0.8470368981361389,0.9573,red,75,True,driver_roi,[]
2602,43.407,True,c5_radio,0.8500902652740479,0.9574,red,76,True,driver_roi,[]
2603,43.424,True,c5_radio,0.8500902652740479,0.9574,red,76,True,driver_roi,[]
2604,43.44,True,c5_radio,0.8550993204116821,0.9582,red,77,True,driver_roi,[]
2605,43.457,True,c5_radio,0.8550993204116821,0.9582,red,77,True,driver_roi,[]
2606,43.474,True,c5_radio,0.862938642501831,0.9592,red,78,True,driver_roi,[]
2607,43.491,True,c5_radio,0.862938642501831,0.9592,red,78,True,driver_roi,[]
2608,43.507,True,c5_radio,0.8703063726425171,0.96,red,79,True,driver_roi,[]
2609,43.524,True,c5_radio,0.8703063726425171,0.96,red,79,True,driver_roi,[]
2610,43.541,True,c5_radio,0.8720855712890625,0.9599,red,80,True,driver_roi,[]
2611,43.557,True,c5_radio,0.8720855712890625,0.9599,red,80,True,driver_roi,[]
2612,43.574,True,c5_radio,0.8769657611846924,0.9614,red,81,True,driver_roi,[]
2613,43.591,True,c5_radio,0.8769657611846924,0.9614,red,81,True,driver_roi,[]
2614,43.607,True,c5_radio,0.8751720786094666,0.9619,red,82,True,driver_roi,[]
2615,43.624,True,c5_radio,0.8751720786094666,0.9619,red,82,True,driver_roi,[]
2616,43.641,True,c5_radio,0.8689576387405396,0.9634,red,83,True,driver_roi,[]
2617,43.657,True,c5_radio,0.8689576387405396,0.9634,red,83,True,driver_roi,[]
2618,43.674,True,c5_radio,0.8520686626434326,0.964,red,84,True,driver_roi,[]
2619,43.691,True,c5_radio,0.8520686626434326,0.964,red,84,True,driver_roi,[]
2620,43.707,True,c5_radio,0.8401351571083069,0.9643,red,85,True,driver_roi,[]
2621,43.724,True,c5_radio,0.8401351571083069,0.9643,red,85,True,driver_roi,[]
2622,43.741,True,c5_radio,0.8187089562416077,0.9632,red,86,True,driver_roi,[]
2623,43.757,True,c5_radio,0.8187089562416077,0.9632,red,86,True,driver_roi,[]
2624,43.774,True,c5_radio,0.8099546432495117,0.9629,red,87,True,driver_roi,[]
2625,43.791,True,c5_radio,0.8099546432495117,0.9629,red,87,True,driver_roi,[]
2626,43.807,True,c5_radio,0.8071534633636475,0.9627,red,88,True,driver_roi,[]
2627,43.824,True,c5_radio,0.8071534633636475,0.9627,red,88,True,driver_roi,[]
2628,43.841,True,c5_radio,0.8036440014839172,0.9624,red,89,True,driver_roi,[]
2629,43.858,True,c5_radio,0.8036440014839172,0.9624,red,89,True,driver_roi,[]
2630,43.874,True,c5_radio,0.7991247773170471,0.9625,red,90,True,driver_roi,[]
2631,43.891,True,c5_radio,0.7991247773170471,0.9625,red,90,True,driver_roi,[]
2632,43.908,True,c5_radio,0.7933942675590515,0.9621,red,91,True,driver_roi,[]
2633,43.924,True,c5_radio,0.7933942675590515,0.9621,red,91,True,driver_roi,[]
2634,43.941,True,c5_radio,0.7878860831260681,0.962,red,92,True,driver_roi,[]
2635,43.958,True,c5_radio,0.7878860831260681,0.962,red,92,True,driver_roi,[]
2636,43.974,True,c5_radio,0.78403639793396,0.9622,red,93,True,driver_roi,[]
2637,43.991,True,c5_radio,0.78403639793396,0.9622,red,93,True,driver_roi,[]
2638,44.008,True,c5_radio,0.7833736538887024,0.9626,red,94,True,driver_roi,[]
2639,44.024,True,c5_radio,0.7833736538887024,0.9626,red,94,True,driver_roi,[]
2640,44.041,True,c5_radio,0.7841590046882629,0.9633,red,95,True,driver_roi,[]
2641,44.058,True,c5_radio,0.7841590046882629,0.9633,red,95,True,driver_roi,[]
2642,44.074,True,c5_radio,0.7844303250312805,0.9639,red,96,True,driver_roi,[]
2643,44.091,True,c5_radio,0.7844303250312805,0.9639,red,96,True,driver_roi,[]
2644,44.108,True,c5_radio,0.7865709066390991,0.9649,red,97,True,driver_roi,[]
2645,44.124,True,c5_radio,0.7865709066390991,0.9649,red,97,True,driver_roi,[]
2646,44.141,True,c5_radio,0.7876725792884827,0.9654,red,98,True,driver_roi,[]
2647,44.158,True,c5_radio,0.7876725792884827,0.9654,red,98,True,driver_roi,[]
2648,44.174,True,c5_radio,0.788696825504303,0.9659,red,99,True,driver_roi,[]
2649,44.191,True,c5_radio,0.788696825504303,0.9659,red,99,True,driver_roi,[]
2650,44.208,True,c5_radio,0.789107620716095,0.9662,red,100,True,driver_roi,[]
2651,44.225,True,c5_radio,0.789107620716095,0.9662,red,100,True,driver_roi,[]
2652,44.241,True,c5_radio,0.7899248600006104,0.9666,red,101,True,driver_roi,[]
2653,44.258,True,c5_radio,0.7899248600006104,0.9666,red,101,True,driver_roi,[]
2654,44.275,True,c5_radio,0.7905498147010803,0.967,red,102,True,driver_roi,[]
2655,44.291,True,c5_radio,0.7905498147010803,0.967,red,102,True,driver_roi,[]
2656,44.308,True,c5_radio,0.7927051186561584,0.968,red,103,True,driver_roi,[]
2657,44.325,True,c5_radio,0.7927051186561584,0.968,red,103,True,driver_roi,[]
2658,44.341,True,c5_radio,0.7997649312019348,0.9705,red,104,True,driver_roi,[]
2659,44.358,True,c5_radio,0.7997649312019348,0.9705,red,104,True,driver_roi,[]
2660,44.375,True,c5_radio,0.8086092472076416,0.9735,red,105,True,driver_roi,[]
2661,44.391,True,c5_radio,0.8086092472076416,0.9735,red,105,True,driver_roi,[]
2662,44.408,True,c5_radio,0.8204651474952698,0.9774,red,106,True,driver_roi,[]
2663,44.425,True,c5_radio,0.8204651474952698,0.9774,red,106,True,driver_roi,[]
2664,44.441,True,c5_radio,0.8296982049942017,0.9811,red,107,True,driver_roi,[]
2665,44.458,True,c5_radio,0.8296982049942017,0.9811,red,107,True,driver_roi,[]
2666,44.475,True,c5_radio,0.834225058555603,0.9831,red,108,True,driver_roi,[]
2667,44.491,True,c5_radio,0.834225058555603,0.9831,red,108,True,driver_roi,[]
2668,44.508,True,c5_radio,0.8400990962982178,0.9856,red,109,True,driver_roi,[]
2669,44.525,True,c5_radio,0.8400990962982178,0.9856,red,109,True,driver_roi,[]
2670,44.542,True,c5_radio,0.8486799001693726,0.9885,red,110,True,driver_roi,[]
2671,44.558,True,c5_radio,0.8486799001693726,0.9885,red,110,True,driver_roi,[]
2672,44.575,True,c5_radio,0.8532644510269165,0.9896,red,111,True,driver_roi,[]
2673,44.592,True,c5_radio,0.8532644510269165,0.9896,red,111,True,driver_roi,[]
2674,44.608,True,c5_radio,0.863516092300415,0.9908,red,112,True,driver_roi,[]
2675,44.625,True,c5_radio,0.863516092300415,0.9908,red,112,True,driver_roi,[]
2676,44.642,True,c5_radio,0.8770937323570251,0.9912,red,113,True,driver_roi,[]
2677,44.658,True,c5_radio,0.8770937323570251,0.9912,red,113,True,driver_roi,[]
2678,44.675,True,c5_radio,0.8969125151634216,0.9915,red,114,True,driver_roi,[]
2679,44.692,True,c5_radio,0.8969125151634216,0.9915,red,114,True,driver_roi,[]
2680,44.708,True,c5_radio,0.9113057255744934,0.992,red,115,True,driver_roi,[]
2681,44.725,True,c5_radio,0.9113057255744934,0.992,red,115,True,driver_roi,[]
2682,44.742,True,c5_radio,0.9339996576309204,0.9936,red,116,True,driver_roi,[]
2683,44.758,True,c5_radio,0.9339996576309204,0.9936,red,116,True,driver_roi,[]
2684,44.775,True,c5_radio,0.9450550079345703,0.9946,red,117,True,driver_roi,[]
2685,44.792,True,c5_radio,0.9450550079345703,0.9946,red,117,True,driver_roi,[]
2686,44.808,True,c5_radio,0.9491313099861145,0.9955,red,118,True,driver_roi,[]
2687,44.825,True,c5_radio,0.9491313099861145,0.9955,red,118,True,driver_roi,[]
2688,44.842,True,c5_radio,0.9538723230361938,0.9965,red,119,True,driver_roi,[]
2689,44.858,True,c5_radio,0.9538723230361938,0.9965,red,119,True,driver_roi,[]
2690,44.875,True,c5_radio,0.9602464437484741,0.9973,red,120,True,driver_roi,[]
2691,44.892,True,c5_radio,0.9602464437484741,0.9973,red,120,True,driver_roi,[]
2692,44.909,True,c5_radio,0.9669045209884644,0.9981,red,121,True,driver_roi,[]
2693,44.925,True,c5_radio,0.9669045209884644,0.9981,red,121,True,driver_roi,[]
2694,44.942,True,c5_radio,0.9728088974952698,0.9985,red,122,True,driver_roi,[]
2695,44.959,True,c5_radio,0.9728088974952698,0.9985,red,122,True,driver_roi,[]
2696,44.975,True,c5_radio,0.9769312143325806,0.9986,red,123,True,driver_roi,[]
2697,44.992,True,c5_radio,0.9769312143325806,0.9986,red,123,True,driver_roi,[]
2698,45.009,True,c5_radio,0.9780358076095581,0.9986,red,124,True,driver_roi,[]
2699,45.025,True,c5_radio,0.9780358076095581,0.9986,red,124,True,driver_roi,[]
2700,45.042,True,c5_radio,0.978295624256134,0.9986,red,125,True,driver_roi,[]
2701,45.059,True,c5_radio,0.978295624256134,0.9986,red,125,True,driver_roi,[]
2702,45.075,True,c5_radio,0.9793451428413391,0.9985,red,126,True,driver_roi,[]
2703,45.092,True,c5_radio,0.9793451428413391,0.9985,red,126,True,driver_roi,[]
2704,45.109,True,c5_radio,0.9791774749755859,0.9984,red,127,True,driver_roi,[]
2705,45.125,True,c5_radio,0.9791774749755859,0.9984,red,127,True,driver_roi,[]
2706,45.142,True,c5_radio,0.9782337546348572,0.9982,red,128,True,driver_roi,[]
2707,45.159,True,c5_radio,0.9782337546348572,0.9982,red,128,True,driver_roi,[]
2708,45.175,True,c5_radio,0.9767009019851685,0.9979,red,129,True,driver_roi,[]
2709,45.192,True,c5_radio,0.9767009019851685,0.9979,red,129,True,driver_roi,[]
2710,45.209,True,c5_radio,0.9759671092033386,0.9977,red,130,True,driver_roi,[]
2711,45.225,True,c5_radio,0.9759671092033386,0.9977,red,130,True,driver_roi,[]
2712,45.242,True,c5_radio,0.9749795794487,0.9975,red,131,True,driver_roi,[]
2713,45.259,True,c5_radio,0.9749795794487,0.9975,red,131,True,driver_roi,[]
2714,45.276,True,c5_radio,0.9746434092521667,0.9974,red,132,True,driver_roi,[]
2715,45.292,True,c5_radio,0.9746434092521667,0.9974,red,132,True,driver_roi,[]
2716,45.309,True,c5_radio,0.9738075733184814,0.9972,red,133,True,driver_roi,[]
2717,45.326,True,c5_radio,0.9738075733184814,0.9972,red,133,True,driver_roi,[]
2718,45.342,True,c5_radio,0.9731196761131287,0.997,red,134,True,driver_roi,[]
2719,45.359,True,c5_radio,0.9731196761131287,0.997,red,134,True,driver_roi,[]
2720,45.376,True,c5_radio,0.9729428887367249,0.9969,red,135,True,driver_roi,[]
2721,45.392,True,c5_radio,0.9729428887367249,0.9969,red,135,True,driver_roi,[]
2722,45.409,True,c5_radio,0.972671389579773,0.9968,red,136,True,driver_roi,[]
2723,45.426,True,c5_radio,0.972671389579773,0.9968,red,136,True,driver_roi,[]
2724,45.442,True,c5_radio,0.9723973870277405,0.9967,red,137,True,driver_roi,[]
2725,45.459,True,c5_radio,0.9723973870277405,0.9967,red,137,True,driver_roi,[]
2726,45.476,True,c5_radio,0.9723598957061768,0.9966,red,138,True,driver_roi,[]
2727,45.492,True,c5_radio,0.9723598957061768,0.9966,red,138,True,driver_roi,[]
2728,45.509,True,c5_radio,0.9715777635574341,0.9964,red,139,True,driver_roi,[]
2729,45.526,True,c5_radio,0.9715777635574341,0.9964,red,139,True,driver_roi,[]
2730,45.542,True,c5_radio,0.971166729927063,0.9962,red,140,True,driver_roi,[]
2731,45.559,True,c5_radio,0.971166729927063,0.9962,red,140,True,driver_roi,[]
2732,45.576,True,c5_radio,0.9708153009414673,0.996,red,141,True,driver_roi,[]
2733,45.592,True,c5_radio,0.9708153009414673,0.996,red,141,True,driver_roi,[]
2734,45.609,True,c5_radio,0.9704622030258179,0.9959,red,142,True,driver_roi,[]
2735,45.626,True,c5_radio,0.9704622030258179,0.9959,red,142,True,driver_roi,[]
2736,45.643,True,c5_radio,0.9700690507888794,0.9958,red,143,True,driver_roi,[]
2737,45.659,True,c5_radio,0.9700690507888794,0.9958,red,143,True,driver_roi,[]
2738,45.676,True,c5_radio,0.969969630241394,0.9958,red,144,True,driver_roi,[]
2739,45.693,True,c5_radio,0.969969630241394,0.9958,red,144,True,driver_roi,[]
2740,45.709,True,c5_radio,0.9701347947120667,0.9958,red,145,True,driver_roi,[]
2741,45.726,True,c5_radio,0.9701347947120667,0.9958,red,145,True,driver_roi,[]
2742,45.743,True,c5_radio,0.9705596566200256,0.9958,red,146,True,driver_roi,[]
2743,45.759,True,c5_radio,0.9705596566200256,0.9958,red,146,True,driver_roi,[]
2744,45.776,True,c5_radio,0.9709597229957581,0.9958,red,147,True,driver_roi,[]
2745,45.793,True,c5_radio,0.9709597229957581,0.9958,red,147,True,driver_roi,[]
2746,45.809,True,c5_radio,0.9714253544807434,0.9958,red,148,True,driver_roi,[]
2747,45.826,True,c5_radio,0.9714253544807434,0.9958,red,148,True,driver_roi,[]
2748,45.843,True,c5_radio,0.9723209142684937,0.9959,red,149,True,driver_roi,[]
2749,45.859,True,c5_radio,0.9723209142684937,0.9959,red,149,True,driver_roi,[]
2750,45.876,True,c5_radio,0.9728180766105652,0.996,red,150,True,driver_roi,[]
2751,45.893,True,c5_radio,0.9728180766105652,0.996,red,150,True,driver_roi,[]
2752,45.909,True,c5_radio,0.9731709957122803,0.996,red,151,True,driver_roi,[]
2753,45.926,True,c5_radio,0.9731709957122803,0.996,red,151,True,driver_roi,[]
2754,45.943,True,c5_radio,0.9736759066581726,0.996,red,152,True,driver_roi,[]
2755,45.959,True,c5_radio,0.9736759066581726,0.996,red,152,True,driver_roi,[]
2756,45.976,True,c5_radio,0.9742487668991089,0.9961,red,153,True,driver_roi,[]
2757,45.993,True,c5_radio,0.9742487668991089,0.9961,red,153,True,driver_roi,[]
2758,46.01,True,c5_radio,0.9749516844749451,0.9962,red,154,True,driver_roi,[]
2759,46.026,True,c5_radio,0.9749516844749451,0.9962,red,154,True,driver_roi,[]
2760,46.043,True,c5_radio,0.9757594466209412,0.9962,red,155,True,driver_roi,[]
2761,46.06,True,c5_radio,0.9757594466209412,0.9962,red,155,True,driver_roi,[]
2762,46.076,True,c5_radio,0.9763030409812927,0.9963,red,156,True,driver_roi,[]
2763,46.093,True,c5_radio,0.9763030409812927,0.9963,red,156,True,driver_roi,[]
2764,46.11,True,c5_radio,0.9768556356430054,0.9964,red,157,True,driver_roi,[]
2765,46.126,True,c5_radio,0.9768556356430054,0.9964,red,157,True,driver_roi,[]
2766,46.143,True,c5_radio,0.9778680801391602,0.9966,red,158,True,driver_roi,[]
2767,46.16,True,c5_radio,0.9778680801391602,0.9966,red,158,True,driver_roi,[]
2768,46.176,True,c5_radio,0.9792067408561707,0.9969,red,159,True,driver_roi,[]
2769,46.193,True,c5_radio,0.9792067408561707,0.9969,red,159,True,driver_roi,[]
2770,46.21,True,c5_radio,0.9795620441436768,0.997,red,160,True,driver_roi,[]
2771,46.226,True,c5_radio,0.9795620441436768,0.997,red,160,True,driver_roi,[]
2772,46.243,True,c5_radio,0.9801543951034546,0.9972,red,161,True,driver_roi,[]
2773,46.26,True,c5_radio,0.9801543951034546,0.9972,red,161,True,driver_roi,[]
2774,46.276,True,c5_radio,0.9791505336761475,0.9972,red,162,True,driver_roi,[]
2775,46.293,True,c5_radio,0.9791505336761475,0.9972,red,162,True,driver_roi,[]
2776,46.31,True,c5_radio,0.9785417914390564,0.9973,red,163,True,driver_roi,[]
2777,46.327,True,c5_radio,0.9785417914390564,0.9973,red,163,True,driver_roi,[]
2778,46.343,True,c5_radio,0.977765679359436,0.9974,red,164,True,driver_roi,[]
2779,46.36,True,c5_radio,0.977765679359436,0.9974,red,164,True,driver_roi,[]
2780,46.377,True,c5_radio,0.976631760597229,0.9974,red,165,True,driver_roi,[]
2781,46.393,True,c5_radio,0.976631760597229,0.9974,red,165,True,driver_roi,[]
2782,46.41,True,c5_radio,0.9757556915283203,0.9975,red,166,True,driver_roi,[]
2783,46.427,True,c5_radio,0.9757556915283203,0.9975,red,166,True,driver_roi,[]
2784,46.443,True,c5_radio,0.9744359850883484,0.9975,red,167,True,driver_roi,[]
2785,46.46,True,c5_radio,0.9744359850883484,0.9975,red,167,True,driver_roi,[]
2786,46.477,True,c5_radio,0.973374605178833,0.9975,red,168,True,driver_roi,[]
2787,46.493,True,c5_radio,0.973374605178833,0.9975,red,168,True,driver_roi,[]
2788,46.51,True,c5_radio,0.9733548760414124,0.9976,red,169,True,driver_roi,[]
2789,46.527,True,c5_radio,0.9733548760414124,0.9976,red,169,True,driver_roi,[]
2790,46.543,True,c5_radio,0.9738753437995911,0.9978,red,170,True,driver_roi,[]
2791,46.56,True,c5_radio,0.9738753437995911,0.9978,red,170,True,driver_roi,[]
2792,46.577,True,c5_radio,0.9745795130729675,0.998,red,171,True,driver_roi,[]
2793,46.593,True,c5_radio,0.9745795130729675,0.998,red,171,True,driver_roi,[]
2794,46.61,True,c5_radio,0.9752515554428101,0.9981,red,172,True,driver_roi,[]
2795,46.627,True,c5_radio,0.9752515554428101,0.9981,red,172,True,driver_roi,[]
2796,46.643,True,c5_radio,0.9758762121200562,0.9982,red,173,True,driver_roi,[]
2797,46.66,True,c5_radio,0.9758762121200562,0.9982,red,173,True,driver_roi,[]
2798,46.677,True,c5_radio,0.9760969281196594,0.9982,red,174,True,driver_roi,[]
2799,46.694,True,c5_radio,0.9760969281196594,0.9982,red,174,True,driver_roi,[]
2800,46.71,True,c5_radio,0.9756866097450256,0.9982,red,175,True,driver_roi,[]
2801,46.727,True,c5_radio,0.9756866097450256,0.9982,red,175,True,driver_roi,[]
2802,46.744,True,c5_radio,0.9749486446380615,0.9982,red,176,True,driver_roi,[]
2803,46.76,True,c5_radio,0.9749486446380615,0.9982,red,176,True,driver_roi,[]
2804,46.777,True,c5_radio,0.9743523001670837,0.9982,red,177,True,driver_roi,[]
2805,46.794,True,c5_radio,0.9743523001670837,0.9982,red,177,True,driver_roi,[]
2806,46.81,True,c5_radio,0.9736823439598083,0.9982,red,178,True,driver_roi,[]
2807,46.827,True,c5_radio,0.9736823439598083,0.9982,red,178,True,driver_roi,[]
2808,46.844,True,c5_radio,0.9721359014511108,0.9981,red,179,True,driver_roi,[]
2809,46.86,True,c5_radio,0.9721359014511108,0.9981,red,179,True,driver_roi,[]
2810,46.877,True,c5_radio,0.9710980653762817,0.998,red,180,True,driver_roi,[]
2811,46.894,True,c5_radio,0.9710980653762817,0.998,red,180,True,driver_roi,[]
2812,46.91,True,c5_radio,0.9694980978965759,0.9978,red,181,True,driver_roi,[]
2813,46.927,True,c5_radio,0.9694980978965759,0.9978,red,181,True,driver_roi,[]
2814,46.944,True,c5_radio,0.9665523767471313,0.9975,red,182,True,driver_roi,[]
2815,46.96,True,c5_radio,0.9665523767471313,0.9975,red,182,True,driver_roi,[]
2816,46.977,True,c5_radio,0.9635847806930542,0.9971,red,183,True,driver_roi,[]
2817,46.994,True,c5_radio,0.9635847806930542,0.9971,red,183,True,driver_roi,[]
2818,47.01,True,c5_radio,0.9603736400604248,0.9967,red,184,True,driver_roi,[]
2819,47.027,True,c5_radio,0.9603736400604248,0.9967,red,184,True,driver_roi,[]
2820,47.044,True,c5_radio,0.9570223689079285,0.9963,red,185,True,driver_roi,[]
2821,47.061,True,c5_radio,0.9570223689079285,0.9963,red,185,True,driver_roi,[]
2822,47.077,True,c5_radio,0.9545170068740845,0.996,red,186,True,driver_roi,[]
2823,47.094,True,c5_radio,0.9545170068740845,0.996,red,186,True,driver_roi,[]
2824,47.111,True,c5_radio,0.9498094320297241,0.9954,red,187,True,driver_roi,[]
2825,47.127,True,c5_radio,0.9498094320297241,0.9954,red,187,True,driver_roi,[]
2826,47.144,True,c5_radio,0.9456407427787781,0.995,red,188,True,driver_roi,[]
2827,47.161,True,c5_radio,0.9456407427787781,0.995,red,188,True,driver_roi,[]
2828,47.177,True,c5_radio,0.9409204721450806,0.9947,red,189,True,driver_roi,[]
2829,47.194,True,c5_radio,0.9409204721450806,0.9947,red,189,True,driver_roi,[]
2830,47.211,True,c5_radio,0.9282572865486145,0.994,red,190,True,driver_roi,[]
2831,47.227,True,c5_radio,0.9282572865486145,0.994,red,190,True,driver_roi,[]
2832,47.244,True,c5_radio,0.9207572937011719,0.9934,red,191,True,driver_roi,[]
2833,47.261,True,c5_radio,0.9207572937011719,0.9934,red,191,True,driver_roi,[]
2834,47.277,True,c5_radio,0.9155867695808411,0.9928,red,192,True,driver_roi,[]
2835,47.294,True,c5_radio,0.9155867695808411,0.9928,red,192,True,driver_roi,[]
2836,47.311,True,c5_radio,0.9128885269165039,0.9922,red,193,True,driver_roi,[]
2837,47.327,True,c5_radio,0.9128885269165039,0.9922,red,193,True,driver_roi,[]
2838,47.344,True,c5_radio,0.9123307466506958,0.9919,red,194,True,driver_roi,[]
2839,47.361,True,c5_radio,0.9123307466506958,0.9919,red,194,True,driver_roi,[]
2840,47.377,True,c5_radio,0.9118994474411011,0.9917,red,195,True,driver_roi,[]
2841,47.394,True,c5_radio,0.9118994474411011,0.9917,red,195,True,driver_roi,[]
2842,47.411,True,c5_radio,0.9112700819969177,0.9914,red,196,True,driver_roi,[]
2843,47.428,True,c5_radio,0.9112700819969177,0.9914,red,196,True,driver_roi,[]
2844,47.444,True,c5_radio,0.9092675447463989,0.991,red,197,True,driver_roi,[]
2845,47.461,True,c5_radio,0.9092675447463989,0.991,red,197,True,driver_roi,[]
2846,47.478,True,c5_radio,0.9021194577217102,0.9902,red,198,True,driver_roi,[]
2847,47.494,True,c5_radio,0.9021194577217102,0.9902,red,198,True,driver_roi,[]
2848,47.511,True,c5_radio,0.8956310153007507,0.9897,red,199,True,driver_roi,[]
2849,47.528,True,c5_radio,0.8956310153007507,0.9897,red,199,True,driver_roi,[]
2850,47.544,True,c5_radio,0.8919268250465393,0.9894,red,200,True,driver_roi,[]
2851,47.561,True,c5_radio,0.8919268250465393,0.9894,red,200,True,driver_roi,[]
2852,47.578,True,c5_radio,0.8894665837287903,0.9891,red,201,True,driver_roi,[]
2853,47.594,True,c5_radio,0.8894665837287903,0.9891,red,201,True,driver_roi,[]
2854,47.611,True,c5_radio,0.8870732188224792,0.989,red,202,True,driver_roi,[]
2855,47.628,True,c5_radio,0.8870732188224792,0.989,red,202,True,driver_roi,[]
2856,47.644,True,c5_radio,0.8850564360618591,0.9889,red,203,True,driver_roi,[]
2857,47.661,True,c5_radio,0.8850564360618591,0.9889,red,203,True,driver_roi,[]
2858,47.678,True,c5_radio,0.8835460543632507,0.9889,red,204,True,driver_roi,[]
2859,47.694,True,c5_radio,0.8835460543632507,0.9889,red,204,True,driver_roi,[]
2860,47.711,True,c5_radio,0.8830364942550659,0.9889,red,205,True,driver_roi,[]
2861,47.728,True,c5_radio,0.8830364942550659,0.9889,red,205,True,driver_roi,[]
2862,47.744,True,c5_radio,0.8827621340751648,0.9889,red,206,True,driver_roi,[]
2863,47.761,True,c5_radio,0.8827621340751648,0.9889,red,206,True,driver_roi,[]
2864,47.778,True,c5_radio,0.8817185163497925,0.9888,red,207,True,driver_roi,[]
2865,47.795,True,c5_radio,0.8817185163497925,0.9888,red,207,True,driver_roi,[]
2866,47.811,True,c5_radio,0.8802915811538696,0.9887,red,208,True,driver_roi,[]
2867,47.828,True,c5_radio,0.8802915811538696,0.9887,red,208,True,driver_roi,[]
2868,47.845,True,c5_radio,0.8782292604446411,0.9886,red,209,True,driver_roi,[]
2869,47.861,True,c5_radio,0.8782292604446411,0.9886,red,209,True,driver_roi,[]
2870,47.878,True,c5_radio,0.8767033815383911,0.9885,red,210,True,driver_roi,[]
2871,47.895,True,c5_radio,0.8767033815383911,0.9885,red,210,True,driver_roi,[]
2872,47.911,True,c5_radio,0.8758907318115234,0.9885,red,211,True,driver_roi,[]
2873,47.928,True,c5_radio,0.8758907318115234,0.9885,red,211,True,driver_roi,[]
2874,47.945,True,c5_radio,0.8763023018836975,0.9885,red,212,True,driver_roi,[]
2875,47.961,True,c5_radio,0.8763023018836975,0.9885,red,212,True,driver_roi,[]
2876,47.978,True,c5_radio,0.8757534027099609,0.9886,red,213,True,driver_roi,[]
2877,47.995,True,c5_radio,0.8757534027099609,0.9886,red,213,True,driver_roi,[]
2878,48.011,True,c5_radio,0.8743896484375,0.9886,red,214,True,driver_roi,[]
2879,48.028,True,c5_radio,0.8743896484375,0.9886,red,214,True,driver_roi,[]
2880,48.045,True,c5_radio,0.8708685636520386,0.988,red,215,True,driver_roi,[]
2881,48.061,True,c5_radio,0.8708685636520386,0.988,red,215,True,driver_roi,[]
2882,48.078,True,c5_radio,0.868108332157135,0.9875,red,216,True,driver_roi,[]
2883,48.095,True,c5_radio,0.868108332157135,0.9875,red,216,True,driver_roi,[]
2884,48.111,True,c5_radio,0.8675901889801025,0.9875,red,217,True,driver_roi,[]
2885,48.128,True,c5_radio,0.8675901889801025,0.9875,red,217,True,driver_roi,[]
2886,48.145,True,c5_radio,0.8674641251564026,0.9874,red,218,True,driver_roi,[]
2887,48.162,True,c5_radio,0.8674641251564026,0.9874,red,218,True,driver_roi,[]
2888,48.178,True,c5_radio,0.869739294052124,0.9872,red,219,True,driver_roi,[]
2889,48.195,True,c5_radio,0.869739294052124,0.9872,red,219,True,driver_roi,[]
2890,48.212,True,c5_radio,0.8803237080574036,0.9875,red,220,True,driver_roi,[]
2891,48.228,True,c5_radio,0.8803237080574036,0.9875,red,220,True,driver_roi,[]
2892,48.245,True,c5_radio,0.8847832083702087,0.9877,red,221,True,driver_roi,[]
2893,48.262,True,c5_radio,0.8847832083702087,0.9877,red,221,True,driver_roi,[]
2894,48.278,True,c5_radio,0.8803103566169739,0.9878,red,222,True,driver_roi,[]
2895,48.295,True,c5_radio,0.8803103566169739,0.9878,red,222,True,driver_roi,[]
2896,48.312,True,c5_radio,0.881333589553833,0.9883,red,223,True,driver_roi,[]
2897,48.328,True,c5_radio,0.881333589553833,0.9883,red,223,True,driver_roi,[]
2898,48.345,True,c5_radio,0.8794389367103577,0.9885,red,224,True,driver_roi,[]
2899,48.362,True,c5_radio,0.8794389367103577,0.9885,red,224,True,driver_roi,[]
2900,48.378,True,c5_radio,0.8798348903656006,0.9886,red,225,True,driver_roi,[]
2901,48.395,True,c5_radio,0.8798348903656006,0.9886,red,225,True,driver_roi,[]
2902,48.412,True,c5_radio,0.8797337412834167,0.9887,red,226,True,driver_roi,[]
2903,48.428,True,c5_radio,0.8797337412834167,0.9887,red,226,True,driver_roi,[]
2904,48.445,True,c5_radio,0.8807857036590576,0.9889,red,227,True,driver_roi,[]
2905,48.462,True,c5_radio,0.8807857036590576,0.9889,red,227,True,driver_roi,[]
2906,48.479,True,c5_radio,0.8852850198745728,0.9893,red,228,True,driver_roi,[]
2907,48.495,True,c5_radio,0.8852850198745728,0.9893,red,228,True,driver_roi,[]
2908,48.512,True,c5_radio,0.8864678144454956,0.9893,red,229,True,driver_roi,[]
2909,48.529,True,c5_radio,0.8864678144454956,0.9893,red,229,True,driver_roi,[]
2910,48.545,True,c5_radio,0.8828868865966797,0.989,red,230,True,driver_roi,[]
2911,48.562,True,c5_radio,0.8828868865966797,0.989,red,230,True,driver_roi,[]
2912,48.579,True,c5_radio,0.8805666565895081,0.9886,red,231,True,driver_roi,[]
2913,48.595,True,c5_radio,0.8805666565895081,0.9886,red,231,True,driver_roi,[]
2914,48.612,True,c5_radio,0.880554735660553,0.9883,red,232,True,driver_roi,[]
2915,48.629,True,c5_radio,0.880554735660553,0.9883,red,232,True,driver_roi,[]
2916,48.645,True,c5_radio,0.8805049657821655,0.988,red,233,True,driver_roi,[]
2917,48.662,True,c5_radio,0.8805049657821655,0.988,red,233,True,driver_roi,[]
2918,48.679,True,c5_radio,0.8803631663322449,0.9877,red,234,True,driver_roi,[]
2919,48.695,True,c5_radio,0.8803631663322449,0.9877,red,234,True,driver_roi,[]
2920,48.712,True,c5_radio,0.8761240839958191,0.9873,red,235,True,driver_roi,[]
2921,48.729,True,c5_radio,0.8761240839958191,0.9873,red,235,True,driver_roi,[]
2922,48.745,True,c5_radio,0.8731358647346497,0.987,red,236,True,driver_roi,[]
2923,48.762,True,c5_radio,0.8731358647346497,0.987,red,236,True,driver_roi,[]
2924,48.779,True,c5_radio,0.8716821074485779,0.9865,red,237,True,driver_roi,[]
2925,48.795,True,c5_radio,0.8716821074485779,0.9865,red,237,True,driver_roi,[]
2926,48.812,True,c5_radio,0.8717211484909058,0.9863,red,238,True,driver_roi,[]
2927,48.829,True,c5_radio,0.8717211484909058,0.9863,red,238,True,driver_roi,[]
2928,48.846,True,c5_radio,0.8734665513038635,0.9862,red,239,True,driver_roi,[]
2929,48.862,True,c5_radio,0.8734665513038635,0.9862,red,239,True,driver_roi,[]
2930,48.879,True,c5_radio,0.8741846084594727,0.9861,red,240,True,driver_roi,[]
2931,48.896,True,c5_radio,0.8741846084594727,0.9861,red,240,True,driver_roi,[]
2932,48.912,True,c5_radio,0.873759388923645,0.9859,red,241,True,driver_roi,[]
2933,48.929,True,c5_radio,0.873759388923645,0.9859,red,241,True,driver_roi,[]
2934,48.946,True,c5_radio,0.8739388585090637,0.9859,red,242,True,driver_roi,[]
2935,48.962,True,c5_radio,0.8739388585090637,0.9859,red,242,True,driver_roi,[]
2936,48.979,True,c5_radio,0.8745229244232178,0.9859,red,243,True,driver_roi,[]
2937,48.996,True,c5_radio,0.8745229244232178,0.9859,red,243,True,driver_roi,[]
2938,49.012,True,c5_radio,0.8758567571640015,0.986,red,244,True,driver_roi,[]
2939,49.029,True,c5_radio,0.8758567571640015,0.986,red,244,True,driver_roi,[]
2940,49.046,True,c5_radio,0.8790026903152466,0.9867,red,245,True,driver_roi,[]
2941,49.062,True,c5_radio,0.8790026903152466,0.9867,red,245,True,driver_roi,[]
2942,49.079,True,c5_radio,0.8805046677589417,0.9872,red,246,True,driver_roi,[]
2943,49.096,True,c5_radio,0.8805046677589417,0.9872,red,246,True,driver_roi,[]
2944,49.112,True,c5_radio,0.8836965560913086,0.9875,red,247,True,driver_roi,[]
2945,49.129,True,c5_radio,0.8836965560913086,0.9875,red,247,True,driver_roi,[]
2946,49.146,True,c5_radio,0.8863174319267273,0.9876,red,248,True,driver_roi,[]
2947,49.162,True,c5_radio,0.8863174319267273,0.9876,red,248,True,driver_roi,[]
2948,49.179,True,c5_radio,0.887381374835968,0.9878,red,249,True,driver_roi,[]
2949,49.196,True,c5_radio,0.887381374835968,0.9878,red,249,True,driver_roi,[]
2950,49.213,True,c5_radio,0.889428973197937,0.988,red,250,True,driver_roi,[]
2951,49.229,True,c5_radio,0.889428973197937,0.988,red,250,True,driver_roi,[]
2952,49.246,True,c5_radio,0.8911418318748474,0.988,red,251,True,driver_roi,[]
2953,49.263,True,c5_radio,0.8911418318748474,0.988,red,251,True,driver_roi,[]
2954,49.279,True,c5_radio,0.8992853164672852,0.9883,red,252,True,driver_roi,[]
2955,49.296,True,c5_radio,0.8992853164672852,0.9883,red,252,True,driver_roi,[]
2956,49.313,True,c5_radio,0.8967105150222778,0.9881,red,253,True,driver_roi,[]
2957,49.329,True,c5_radio,0.8967105150222778,0.9881,red,253,True,driver_roi,[]
2958,49.346,True,c5_radio,0.8967692255973816,0.9878,red,254,True,driver_roi,[]
2959,49.363,True,c5_radio,0.8967692255973816,0.9878,red,254,True,driver_roi,[]
2960,49.379,True,c5_radio,0.8938351273536682,0.9875,red,255,True,driver_roi,[]
2961,49.396,True,c5_radio,0.8938351273536682,0.9875,red,255,True,driver_roi,[]
2962,49.413,True,c5_radio,0.8917731642723083,0.9875,red,256,True,driver_roi,[]
2963,49.429,True,c5_radio,0.8917731642723083,0.9875,red,256,True,driver_roi,[]
2964,49.446,True,c5_radio,0.8832275867462158,0.9875,red,257,True,driver_roi,[]
2965,49.463,True,c5_radio,0.8832275867462158,0.9875,red,257,True,driver_roi,[]
2966,49.479,True,c5_radio,0.8860499858856201,0.9879,red,258,True,driver_roi,[]
2967,49.496,True,c5_radio,0.8860499858856201,0.9879,red,258,True,driver_roi,[]
2968,49.513,True,c5_radio,0.8912083506584167,0.9883,red,259,True,driver_roi,[]
2969,49.529,True,c5_radio,0.8912083506584167,0.9883,red,259,True,driver_roi,[]
2970,49.546,True,c5_radio,0.8981048464775085,0.9889,red,260,True,driver_roi,[]
2971,49.563,True,c5_radio,0.8981048464775085,0.9889,red,260,True,driver_roi,[]
2972,49.58,True,c5_radio,0.9012640118598938,0.9893,red,261,True,driver_roi,[]
2973,49.596,True,c5_radio,0.9012640118598938,0.9893,red,261,True,driver_roi,[]
2974,49.613,True,c5_radio,0.9022608995437622,0.9895,red,262,True,driver_roi,[]
2975,49.63,True,c5_radio,0.9022608995437622,0.9895,red,262,True,driver_roi,[]
2976,49.646,True,c5_radio,0.9032744765281677,0.9896,red,263,True,driver_roi,[]
2977,49.663,True,c5_radio,0.9032744765281677,0.9896,red,263,True,driver_roi,[]
2978,49.68,True,c5_radio,0.9038388729095459,0.9898,red,264,True,driver_roi,[]
2979,49.696,True,c5_radio,0.9038388729095459,0.9898,red,264,True,driver_roi,[]
2980,49.713,True,c5_radio,0.9081953167915344,0.9901,red,265,True,driver_roi,[]
2981,49.73,True,c5_radio,0.9081953167915344,0.9901,red,265,True,driver_roi,[]
2982,49.746,True,c5_radio,0.9113940000534058,0.9905,red,266,True,driver_roi,[]
2983,49.763,True,c5_radio,0.9113940000534058,0.9905,red,266,True,driver_roi,[]
2984,49.78,True,c5_radio,0.9122072458267212,0.9909,red,267,True,driver_roi,[]
2985,49.796,True,c5_radio,0.9122072458267212,0.9909,red,267,True,driver_roi,[]
2986,49.813,True,c5_radio,0.9128536581993103,0.9912,red,268,True,driver_roi,[]
2987,49.83,True,c5_radio,0.9128536581993103,0.9912,red,268,True,driver_roi,[]
2988,49.846,True,c5_radio,0.9133037328720093,0.9914,red,269,True,driver_roi,[]
2989,49.863,True,c5_radio,0.9133037328720093,0.9914,red,269,True,driver_roi,[]
2990,49.88,True,c5_radio,0.9142858386039734,0.9917,red,270,True,driver_roi,[]
2991,49.896,True,c5_radio,0.9142858386039734,0.9917,red,270,True,driver_roi,[]
2992,49.913,True,c5_radio,0.9158861637115479,0.9921,red,271,True,driver_roi,[]
2993,49.93,True,c5_radio,0.9158861637115479,0.9921,red,271,True,driver_roi,[]
2994,49.947,True,c5_radio,0.916269063949585,0.9923,red,272,True,driver_roi,[]
2995,49.963,True,c5_radio,0.916269063949585,0.9923,red,272,True,driver_roi,[]
2996,49.98,True,c5_radio,0.9174247980117798,0.9926,red,273,True,driver_roi,[]
2997,49.997,True,c5_radio,0.9174247980117798,0.9926,red,273,True,driver_roi,[]
2998,50.013,True,c5_radio,0.9192753434181213,0.9929,red,274,True,driver_roi,[]
2999,50.03,True,c5_radio,0.9192753434181213,0.9929,red,274,True,driver_roi,[]
3000,50.047,True,c5_radio,0.921180009841919,0.9931,red,275,True,driver_roi,[]
3001,50.063,True,c5_radio,0.921180009841919,0.9931,red,275,True,driver_roi,[]
3002,50.08,True,c5_radio,0.9213435053825378,0.9933,red,276,True,driver_roi,[]
3003,50.097,True,c5_radio,0.9213435053825378,0.9933,red,276,True,driver_roi,[]
3004,50.113,True,c5_radio,0.9180670976638794,0.9936,red,277,True,driver_roi,[]
3005,50.13,True,c5_radio,0.9180670976638794,0.9936,red,277,True,driver_roi,[]
3006,50.147,True,c5_radio,0.9170172214508057,0.9939,red,278,True,driver_roi,[]
3007,50.163,True,c5_radio,0.9170172214508057,0.9939,red,278,True,driver_roi,[]
3008,50.18,True,c5_radio,0.9129801988601685,0.9942,red,279,True,driver_roi,[]
3009,50.197,True,c5_radio,0.9129801988601685,0.9942,red,279,True,driver_roi,[]
3010,50.213,True,c5_radio,0.9109513759613037,0.9943,red,280,True,driver_roi,[]
3011,50.23,True,c5_radio,0.9109513759613037,0.9943,red,280,True,driver_roi,[]
3012,50.247,True,c5_radio,0.9096888899803162,0.9946,red,281,True,driver_roi,[]
3013,50.264,True,c5_radio,0.9096888899803162,0.9946,red,281,True,driver_roi,[]
3014,50.28,True,c5_radio,0.9114750027656555,0.995,red,282,True,driver_roi,[]
3015,50.297,True,c5_radio,0.9114750027656555,0.995,red,282,True,driver_roi,[]
3016,50.314,True,c5_radio,0.9172808527946472,0.9955,red,283,True,driver_roi,[]
3017,50.33,True,c5_radio,0.9172808527946472,0.9955,red,283,True,driver_roi,[]
3018,50.347,True,c5_radio,0.9213622212409973,0.996,red,284,True,driver_roi,[]
3019,50.364,True,c5_radio,0.9213622212409973,0.996,red,284,True,driver_roi,[]
3020,50.38,True,c5_radio,0.9251834154129028,0.9965,red,285,True,driver_roi,[]
3021,50.397,True,c5_radio,0.9251834154129028,0.9965,red,285,True,driver_roi,[]
3022,50.414,True,c5_radio,0.9274734854698181,0.9969,red,286,True,driver_roi,[]
3023,50.43,True,c5_radio,0.9274734854698181,0.9969,red,286,True,driver_roi,[]
3024,50.447,True,c5_radio,0.9372743964195251,0.9972,red,287,True,driver_roi,[]
3025,50.464,True,c5_radio,0.9372743964195251,0.9972,red,287,True,driver_roi,[]
3026,50.48,True,c5_radio,0.9385209679603577,0.9973,red,288,True,driver_roi,[]
3027,50.497,True,c5_radio,0.9385209679603577,0.9973,red,288,True,driver_roi,[]
3028,50.514,True,c5_radio,0.9397227764129639,0.9974,red,289,True,driver_roi,[]
3029,50.53,True,c5_radio,0.9397227764129639,0.9974,red,289,True,driver_roi,[]
3030,50.547,True,c5_radio,0.9408091306686401,0.9976,red,290,True,driver_roi,[]
3031,50.564,True,c5_radio,0.9408091306686401,0.9976,red,290,True,driver_roi,[]
3032,50.58,True,c5_radio,0.9428383708000183,0.9978,red,291,True,driver_roi,[]
3033,50.597,True,c5_radio,0.9428383708000183,0.9978,red,291,True,driver_roi,[]
3034,50.614,True,c5_radio,0.9444221258163452,0.9981,red,292,True,driver_roi,[]
3035,50.631,True,c5_radio,0.9444221258163452,0.9981,red,292,True,driver_roi,[]
3036,50.647,True,c5_radio,0.9454478621482849,0.9983,red,293,True,driver_roi,[]
3037,50.664,True,c5_radio,0.9454478621482849,0.9983,red,293,True,driver_roi,[]
3038,50.681,True,c5_radio,0.9469407200813293,0.9985,red,294,True,driver_roi,[]
3039,50.697,True,c5_radio,0.9469407200813293,0.9985,red,294,True,driver_roi,[]
3040,50.714,True,c5_radio,0.9478021860122681,0.9987,red,295,True,driver_roi,[]
3041,50.731,True,c5_radio,0.9478021860122681,0.9987,red,295,True,driver_roi,[]
3042,50.747,True,c5_radio,0.9485172033309937,0.9988,red,296,True,driver_roi,[]
3043,50.764,True,c5_radio,0.9485172033309937,0.9988,red,296,True,driver_roi,[]
3044,50.781,True,c5_radio,0.9507006406784058,0.999,red,297,True,driver_roi,[]
3045,50.797,True,c5_radio,0.9507006406784058,0.999,red,297,True,driver_roi,[]
3046,50.814,True,c5_radio,0.9520114064216614,0.9991,red,298,True,driver_roi,[]
3047,50.831,True,c5_radio,0.9520114064216614,0.9991,red,298,True,driver_roi,[]
3048,50.847,True,c5_radio,0.9531497955322266,0.9992,red,299,True,driver_roi,[]
3049,50.864,True,c5_radio,0.9531497955322266,0.9992,red,299,True,driver_roi,[]
3050,50.881,True,c5_radio,0.9537023901939392,0.9992,red,300,True,driver_roi,[]
3051,50.897,True,c5_radio,0.9537023901939392,0.9992,red,300,True,driver_roi,[]
3052,50.914,True,c5_radio,0.9545921683311462,0.9993,red,301,True,driver_roi,[]
3053,50.931,True,c5_radio,0.9545921683311462,0.9993,red,301,True,driver_roi,[]
3054,50.947,True,c5_radio,0.955963134765625,0.9993,red,302,True,driver_roi,[]
3055,50.964,True,c5_radio,0.955963134765625,0.9993,red,302,True,driver_roi,[]
3056,50.981,True,c5_radio,0.9568793177604675,0.9994,red,303,True,driver_roi,[]
3057,50.998,True,c5_radio,0.9568793177604675,0.9994,red,303,True,driver_roi,[]
3058,51.014,True,c5_radio,0.9575952291488647,0.9994,red,304,True,driver_roi,[]
3059,51.031,True,c5_radio,0.9575952291488647,0.9994,red,304,True,driver_roi,[]
3060,51.048,True,c5_radio,0.9587772488594055,0.9995,red,305,True,driver_roi,[]
3061,51.064,True,c5_radio,0.9587772488594055,0.9995,red,305,True,driver_roi,[]
3062,51.081,True,c5_radio,0.9617205262184143,0.9995,red,306,True,driver_roi,[]
3063,51.098,True,c5_radio,0.9617205262184143,0.9995,red,306,True,driver_roi,[]
3064,51.114,True,c5_radio,0.9662036299705505,0.9997,red,307,True,driver_roi,[]
3065,51.131,True,c5_radio,0.9662036299705505,0.9997,red,307,True,driver_roi,[]
3066,51.148,True,c5_radio,0.9677760004997253,0.9998,red,308,True,driver_roi,[]
3067,51.164,True,c5_radio,0.9677760004997253,0.9998,red,308,True,driver_roi,[]
3068,51.181,True,c5_radio,0.9727230072021484,0.9998,red,309,True,driver_roi,[]
3069,51.198,True,c5_radio,0.9727230072021484,0.9998,red,309,True,driver_roi,[]
3070,51.214,True,c5_radio,0.969487190246582,0.9999,red,310,True,driver_roi,[]
3071,51.231,True,c5_radio,0.969487190246582,0.9999,red,310,True,driver_roi,[]
3072,51.248,True,c5_radio,0.9661909937858582,0.9999,red,311,True,driver_roi,[]
3073,51.264,True,c5_radio,0.9661909937858582,0.9999,red,311,True,driver_roi,[]
3074,51.281,True,c5_radio,0.9659671783447266,0.9999,red,312,True,driver_roi,[]
3075,51.298,True,c5_radio,0.9659671783447266,0.9999,red,312,True,driver_roi,[]
3076,51.314,True,c5_radio,0.9646435379981995,0.9999,red,313,True,driver_roi,[]
3077,51.331,True,c5_radio,0.9646435379981995,0.9999,red,313,True,driver_roi,[]
3078,51.348,True,c5_radio,0.9615373015403748,0.9999,red,314,True,driver_roi,[]
3079,51.365,True,c5_radio,0.9615373015403748,0.9999,red,314,True,driver_roi,[]
3080,51.381,True,c5_radio,0.9534850716590881,0.9999,red,315,True,driver_roi,[]
3081,51.398,True,c5_radio,0.9534850716590881,0.9999,red,315,True,driver_roi,[]
3082,51.415,True,c5_radio,0.9422915577888489,0.9999,red,316,True,driver_roi,[]
3083,51.431,True,c5_radio,0.9422915577888489,0.9999,red,316,True,driver_roi,[]
3084,51.448,True,c5_radio,0.9304892420768738,0.9999,red,317,True,driver_roi,[]
3085,51.465,True,c5_radio,0.9304892420768738,0.9999,red,317,True,driver_roi,[]
3086,51.481,True,c5_radio,0.9113562703132629,0.9999,red,318,True,driver_roi,[]
3087,51.498,True,c5_radio,0.9113562703132629,0.9999,red,318,True,driver_roi,[]
3088,51.515,True,c5_radio,0.8861414194107056,0.9997,red,319,True,driver_roi,[]
3089,51.531,True,c5_radio,0.8861414194107056,0.9997,red,319,True,driver_roi,[]
3090,51.548,True,c5_radio,0.8576680421829224,0.9997,red,320,True,driver_roi,[]
3091,51.565,True,c5_radio,0.8576680421829224,0.9997,red,320,True,driver_roi,[]
3092,51.581,True,c5_radio,0.8315426111221313,0.9996,red,321,True,driver_roi,[]
3093,51.598,True,c5_radio,0.8315426111221313,0.9996,red,321,True,driver_roi,[]
3094,51.615,True,c5_radio,0.8106857538223267,0.9996,red,322,True,driver_roi,[]
3095,51.631,True,c5_radio,0.8106857538223267,0.9996,red,322,True,driver_roi,[]
3096,51.648,True,c5_radio,0.797764241695404,0.9995,red,323,True,driver_roi,[]
3097,51.665,True,c5_radio,0.797764241695404,0.9995,red,323,True,driver_roi,[]
3098,51.681,True,c5_radio,0.7878124713897705,0.9995,red,324,True,driver_roi,[]
3099,51.698,True,c5_radio,0.7878124713897705,0.9995,red,324,True,driver_roi,[]
3100,51.715,True,c5_radio,0.7709639072418213,0.9995,red,323,True,driver_roi,[]
3101,51.732,True,c5_radio,0.7709639072418213,0.9995,red,323,True,driver_roi,[]
3102,51.748,True,c5_radio,0.7567651867866516,0.9994,red,322,True,driver_roi,[]
3103,51.765,True,c5_radio,0.7567651867866516,0.9994,red,322,True,driver_roi,[]
3104,51.782,True,c5_radio,0.7439563274383545,0.9994,red,321,True,driver_roi,[]
3105,51.798,True,c5_radio,0.7439563274383545,0.9994,red,321,True,driver_roi,[]
3106,51.815,True,c5_radio,0.724909782409668,0.9994,red,320,True,driver_roi,[]
3107,51.832,True,c5_radio,0.724909782409668,0.9994,red,320,True,driver_roi,[]
3108,51.848,True,c5_radio,0.6966358423233032,0.9993,red,319,True,driver_roi,[]
3109,51.865,True,c5_radio,0.6966358423233032,0.9993,red,319,True,driver_roi,[]
3110,51.882,True,c5_radio,0.6675583124160767,0.9993,red,318,True,driver_roi,[]
3111,51.898,True,c5_radio,0.6675583124160767,0.9993,red,318,True,driver_roi,[]
3112,51.915,True,c5_radio,0.6396737694740295,0.9992,red,317,True,driver_roi,[]
3113,51.932,True,c5_radio,0.6396737694740295,0.9992,red,317,True,driver_roi,[]
3114,51.948,True,c5_radio,0.611870527267456,0.9992,red,316,True,driver_roi,[]
3115,51.965,True,c5_radio,0.611870527267456,0.9992,red,316,True,driver_roi,[]
3116,51.982,True,c5_radio,0.5846019387245178,0.999,red,315,True,driver_roi,[]
3117,51.998,True,c5_radio,0.5846019387245178,0.999,red,315,True,driver_roi,[]
3118,52.015,True,c5_radio,0.5623878836631775,0.999,red,314,True,driver_roi,[]
3119,52.032,True,c5_radio,0.5623878836631775,0.999,red,314,True,driver_roi,[]
3120,52.048,True,c5_radio,0.5442965030670166,0.9989,red,313,True,driver_roi,[]
3121,52.065,True,c5_radio,0.5442965030670166,0.9989,red,313,True,driver_roi,[]
3122,52.082,True,c5_radio,0.522581934928894,0.9989,red,312,True,driver_roi,[]
3123,52.099,True,c5_radio,0.522581934928894,0.9989,red,312,True,driver_roi,[]
3124,52.115,True,c5_radio,0.5064828991889954,0.9988,red,311,True,driver_roi,[]
3125,52.132,True,c5_radio,0.5064828991889954,0.9988,red,311,True,driver_roi,[]
3126,52.149,True,c5_radio,0.48915332555770874,0.9988,red,310,True,driver_roi,[]
3127,52.165,True,c5_radio,0.48915332555770874,0.9988,red,310,True,driver_roi,[]
3128,52.182,True,c5_radio,0.4735727310180664,0.9987,red,309,True,driver_roi,[]
3129,52.199,True,c5_radio,0.4735727310180664,0.9987,red,309,True,driver_roi,[]
3130,52.215,True,c5_radio,0.4641726613044739,0.9987,red,308,True,driver_roi,[]
3131,52.232,True,c5_radio,0.4641726613044739,0.9987,red,308,True,driver_roi,[]
3132,52.249,True,c5_radio,0.45738163590431213,0.9986,red,307,True,driver_roi,[]
3133,52.265,True,c5_radio,0.45738163590431213,0.9986,red,307,True,driver_roi,[]
3134,52.282,True,c5_radio,0.4416321814060211,0.9986,red,306,True,driver_roi,[]
3135,52.299,True,c5_radio,0.4416321814060211,0.9986,red,306,True,driver_roi,[]
3136,52.315,True,c5_radio,0.42259538173675537,0.9985,red,305,True,driver_roi,[]
3137,52.332,True,c5_radio,0.42259538173675537,0.9985,red,305,True,driver_roi,[]
3138,52.349,True,c5_radio,0.4087119698524475,0.9984,red,304,True,driver_roi,[]
3139,52.365,True,c5_radio,0.4087119698524475,0.9984,red,304,True,driver_roi,[]
3140,52.382,True,c5_radio,0.40123483538627625,0.9983,red,303,True,driver_roi,[]
3141,52.399,True,c5_radio,0.40123483538627625,0.9983,red,303,True,driver_roi,[]
3142,52.416,True,c5_radio,0.39596161246299744,0.9982,red,302,True,driver_roi,[]
3143,52.432,True,c5_radio,0.39596161246299744,0.9982,red,302,True,driver_roi,[]
3144,52.449,True,c5_radio,0.3922458589076996,0.9982,red,301,True,driver_roi,[]
3145,52.466,True,c5_radio,0.3922458589076996,0.9982,red,301,True,driver_roi,[]
3146,52.482,True,c5_radio,0.39477673172950745,0.9982,red,300,True,driver_roi,[]
3147,52.499,True,c5_radio,0.39477673172950745,0.9982,red,300,True,driver_roi,[]
3148,52.516,True,c5_radio,0.3958382308483124,0.9983,red,299,True,driver_roi,[]
3149,52.532,True,c5_radio,0.3958382308483124,0.9983,red,299,True,driver_roi,[]
3150,52.549,True,c5_radio,0.4029915928840637,0.9982,red,298,True,driver_roi,[]
3151,52.566,True,c5_radio,0.4029915928840637,0.9982,red,298,True,driver_roi,[]
3152,52.582,True,c5_radio,0.4076870083808899,0.9982,red,297,True,driver_roi,[]
3153,52.599,True,c5_radio,0.4076870083808899,0.9982,red,297,True,driver_roi,[]
3154,52.616,True,c5_radio,0.407404363155365,0.9982,red,296,True,driver_roi,[]
3155,52.632,True,c5_radio,0.407404363155365,0.9982,red,296,True,driver_roi,[]
3156,52.649,True,c5_radio,0.39786115288734436,0.9982,red,295,True,driver_roi,[]
3157,52.666,True,c5_radio,0.39786115288734436,0.9982,red,295,True,driver_roi,[]
3158,52.682,True,c5_radio,0.38323456048965454,0.9981,red,294,True,driver_roi,[]
3159,52.699,True,c5_radio,0.38323456048965454,0.9981,red,294,True,driver_roi,[]
3160,52.716,True,c5_radio,0.3706496059894562,0.9981,red,293,True,driver_roi,[]
3161,52.732,True,c5_radio,0.3706496059894562,0.9981,red,293,True,driver_roi,[]
3162,52.749,True,c5_radio,0.3586668074131012,0.9981,red,292,True,driver_roi,[]
3163,52.766,True,c5_radio,0.3586668074131012,0.9981,red,292,True,driver_roi,[]
3164,52.783,True,c5_radio,0.34230905771255493,0.998,red,291,True,driver_roi,[]
3165,52.799,True,c5_radio,0.34230905771255493,0.998,red,291,True,driver_roi,[]
3166,52.816,True,c1_texting_right,0.3647441565990448,0.998,red,290,True,driver_roi,[]
3167,52.833,True,c1_texting_right,0.3647441565990448,0.998,red,290,True,driver_roi,[]
3168,52.849,True,c1_texting_right,0.38586029410362244,0.998,red,289,True,driver_roi,[]
3169,52.866,True,c1_texting_right,0.38586029410362244,0.998,red,289,True,driver_roi,[]
3170,52.883,True,c1_texting_right,0.4049745798110962,0.9979,red,288,True,driver_roi,[]
3171,52.899,True,c1_texting_right,0.4049745798110962,0.9979,red,288,True,driver_roi,[]
3172,52.916,True,c1_texting_right,0.42528554797172546,0.9979,red,287,True,driver_roi,[]
3173,52.933,True,c1_texting_right,0.42528554797172546,0.9979,red,287,True,driver_roi,[]
3174,52.949,True,c1_texting_right,0.44495856761932373,0.9979,red,286,True,driver_roi,[]
3175,52.966,True,c1_texting_right,0.44495856761932373,0.9979,red,286,True,driver_roi,[]
3176,52.983,True,c1_texting_right,0.46123191714286804,0.998,red,285,True,driver_roi,[]
3177,52.999,True,c1_texting_right,0.46123191714286804,0.998,red,285,True,driver_roi,[]
3178,53.016,True,c1_texting_right,0.4766281843185425,0.998,red,284,True,driver_roi,[]
3179,53.033,True,c1_texting_right,0.4766281843185425,0.998,red,284,True,driver_roi,[]
3180,53.049,True,c1_texting_right,0.4948497414588928,0.9981,red,283,True,driver_roi,[]
3181,53.066,True,c1_texting_right,0.4948497414588928,0.9981,red,283,True,driver_roi,[]
3182,53.083,True,c1_texting_right,0.5049848556518555,0.998,red,282,True,driver_roi,[]
3183,53.099,True,c1_texting_right,0.5049848556518555,0.998,red,282,True,driver_roi,[]
3184,53.116,True,c1_texting_right,0.5157612562179565,0.998,red,281,True,driver_roi,[]
3185,53.133,True,c1_texting_right,0.5157612562179565,0.998,red,281,True,driver_roi,[]
3186,53.15,True,c1_texting_right,0.5300903916358948,0.998,red,280,True,driver_roi,[]
3187,53.166,True,c1_texting_right,0.5300903916358948,0.998,red,280,True,driver_roi,[]
3188,53.183,True,c1_texting_right,0.5442632436752319,0.9979,red,279,True,driver_roi,[]
3189,53.2,True,c1_texting_right,0.5442632436752319,0.9979,red,279,True,driver_roi,[]
3190,53.216,True,c1_texting_right,0.5614655613899231,0.9979,red,278,True,driver_roi,[]
3191,53.233,True,c1_texting_right,0.5614655613899231,0.9979,red,278,True,driver_roi,[]
3192,53.25,True,c1_texting_right,0.574169397354126,0.9979,red,277,True,driver_roi,[]
3193,53.266,True,c1_texting_right,0.574169397354126,0.9979,red,277,True,driver_roi,[]
3194,53.283,True,c1_texting_right,0.589304506778717,0.9979,red,276,True,driver_roi,[]
3195,53.3,True,c1_texting_right,0.589304506778717,0.9979,red,276,True,driver_roi,[]
3196,53.316,True,c1_texting_right,0.603711724281311,0.998,red,275,True,driver_roi,[]
3197,53.333,True,c1_texting_right,0.603711724281311,0.998,red,275,True,driver_roi,[]
3198,53.35,True,c1_texting_right,0.6189501881599426,0.998,red,274,True,driver_roi,[]
3199,53.366,True,c1_texting_right,0.6189501881599426,0.998,red,274,True,driver_roi,[]
3200,53.383,True,c1_texting_right,0.6339371204376221,0.9981,red,273,True,driver_roi,[]
3201,53.4,True,c1_texting_right,0.6339371204376221,0.9981,red,273,True,driver_roi,[]
3202,53.416,True,c1_texting_right,0.6512038111686707,0.9982,red,272,True,driver_roi,[]
3203,53.433,True,c1_texting_right,0.6512038111686707,0.9982,red,272,True,driver_roi,[]
3204,53.45,True,c1_texting_right,0.6724191904067993,0.9983,red,271,True,driver_roi,[]
3205,53.466,True,c1_texting_right,0.6724191904067993,0.9983,red,271,True,driver_roi,[]
3206,53.483,True,c1_texting_right,0.6916083097457886,0.9983,red,270,True,driver_roi,[]
3207,53.5,True,c1_texting_right,0.6916083097457886,0.9983,red,270,True,driver_roi,[]
3208,53.517,True,c1_texting_right,0.6997987031936646,0.9984,red,269,True,driver_roi,[]
3209,53.533,True,c1_texting_right,0.6997987031936646,0.9984,red,269,True,driver_roi,[]
3210,53.55,True,c1_texting_right,0.7083548903465271,0.9984,red,268,True,driver_roi,[]
3211,53.567,True,c1_texting_right,0.7083548903465271,0.9984,red,268,True,driver_roi,[]
3212,53.583,True,c1_texting_right,0.7158055901527405,0.9985,red,267,True,driver_roi,[]
3213,53.6,True,c1_texting_right,0.7158055901527405,0.9985,red,267,True,driver_roi,[]
3214,53.617,True,c1_texting_right,0.7245786190032959,0.9985,red,266,True,driver_roi,[]
3215,53.633,True,c1_texting_right,0.7245786190032959,0.9985,red,266,True,driver_roi,[]
3216,53.65,True,c1_texting_right,0.7360010743141174,0.9986,red,265,True,driver_roi,[]
3217,53.667,True,c1_texting_right,0.7360010743141174,0.9986,red,265,True,driver_roi,[]
3218,53.683,True,c1_texting_right,0.7467265725135803,0.9986,red,264,True,driver_roi,[]
3219,53.7,True,c1_texting_right,0.7467265725135803,0.9986,red,264,True,driver_roi,[]
3220,53.717,True,c1_texting_right,0.7522980570793152,0.9987,red,263,True,driver_roi,[]
3221,53.733,True,c1_texting_right,0.7522980570793152,0.9987,red,263,True,driver_roi,[]
3222,53.75,True,c1_texting_right,0.7617746591567993,0.9987,red,262,True,driver_roi,[]
3223,53.767,True,c1_texting_right,0.7617746591567993,0.9987,red,262,True,driver_roi,[]
3224,53.783,True,c1_texting_right,0.7646141648292542,0.9988,red,261,True,driver_roi,[]
3225,53.8,True,c1_texting_right,0.7646141648292542,0.9988,red,261,True,driver_roi,[]
3226,53.817,True,c1_texting_right,0.7656489610671997,0.9988,red,260,True,driver_roi,[]
3227,53.833,True,c1_texting_right,0.7656489610671997,0.9988,red,260,True,driver_roi,[]
3228,53.85,True,c1_texting_right,0.7680291533470154,0.9989,red,259,True,driver_roi,[]
3229,53.867,True,c1_texting_right,0.7680291533470154,0.9989,red,259,True,driver_roi,[]
3230,53.884,True,c1_texting_right,0.7726269960403442,0.999,red,258,True,driver_roi,[]
3231,53.9,True,c1_texting_right,0.7726269960403442,0.999,red,258,True,driver_roi,[]
3232,53.917,True,c1_texting_right,0.7756741642951965,0.999,red,257,True,driver_roi,[]
3233,53.934,True,c1_texting_right,0.7756741642951965,0.999,red,257,True,driver_roi,[]
3234,53.95,True,c1_texting_right,0.7741323709487915,0.999,red,256,True,driver_roi,[]
3235,53.967,True,c1_texting_right,0.7741323709487915,0.999,red,256,True,driver_roi,[]
3236,53.984,True,c1_texting_right,0.769690215587616,0.999,red,255,True,driver_roi,[]
3237,54.0,True,c1_texting_right,0.769690215587616,0.999,red,255,True,driver_roi,[]
3238,54.017,True,c1_texting_right,0.7707788348197937,0.9991,red,254,True,driver_roi,[]
3239,54.034,True,c1_texting_right,0.7707788348197937,0.9991,red,254,True,driver_roi,[]
3240,54.05,True,c1_texting_right,0.77048659324646,0.9991,red,253,True,driver_roi,[]
3241,54.067,True,c1_texting_right,0.77048659324646,0.9991,red,253,True,driver_roi,[]
3242,54.084,True,c1_texting_right,0.7705062627792358,0.9991,red,252,True,driver_roi,[]
3243,54.1,True,c1_texting_right,0.7705062627792358,0.9991,red,252,True,driver_roi,[]
3244,54.117,True,c1_texting_right,0.7719515562057495,0.9992,red,251,True,driver_roi,[]
3245,54.134,True,c1_texting_right,0.7719515562057495,0.9992,red,251,True,driver_roi,[]
3246,54.15,True,c1_texting_right,0.7691285610198975,0.9992,red,250,True,driver_roi,[]
3247,54.167,True,c1_texting_right,0.7691285610198975,0.9992,red,250,True,driver_roi,[]
3248,54.184,True,c1_texting_right,0.7675526142120361,0.9993,red,249,True,driver_roi,[]
3249,54.201,True,c1_texting_right,0.7675526142120361,0.9993,red,249,True,driver_roi,[]
3250,54.217,True,c1_texting_right,0.7659016847610474,0.9993,red,248,True,driver_roi,[]
3251,54.234,True,c1_texting_right,0.7659016847610474,0.9993,red,248,True,driver_roi,[]
3252,54.251,True,c1_texting_right,0.7720812559127808,0.9993,red,247,True,driver_roi,[]
3253,54.267,True,c1_texting_right,0.7720812559127808,0.9993,red,247,True,driver_roi,[]
3254,54.284,True,c1_texting_right,0.767603874206543,0.9993,red,246,True,driver_roi,[]
3255,54.301,True,c1_texting_right,0.767603874206543,0.9993,red,246,True,driver_roi,[]
3256,54.317,True,c1_texting_right,0.7612373232841492,0.9993,red,245,True,driver_roi,[]
3257,54.334,True,c1_texting_right,0.7612373232841492,0.9993,red,245,True,driver_roi,[]
3258,54.351,True,c1_texting_right,0.7568553686141968,0.9993,red,244,True,driver_roi,[]
3259,54.367,True,c1_texting_right,0.7568553686141968,0.9993,red,244,True,driver_roi,[]
3260,54.384,True,c1_texting_right,0.7543628215789795,0.9993,red,243,True,driver_roi,[]
3261,54.401,True,c1_texting_right,0.7543628215789795,0.9993,red,243,True,driver_roi,[]
3262,54.417,True,c1_texting_right,0.7508695721626282,0.9992,red,242,True,driver_roi,[]
3263,54.434,True,c1_texting_right,0.7508695721626282,0.9992,red,242,True,driver_roi,[]
3264,54.451,True,c1_texting_right,0.7450823187828064,0.9992,red,241,True,driver_roi,[]
3265,54.467,True,c1_texting_right,0.7450823187828064,0.9992,red,241,True,driver_roi,[]
3266,54.484,True,c1_texting_right,0.7448652386665344,0.9992,red,240,True,driver_roi,[]
3267,54.501,True,c1_texting_right,0.7448652386665344,0.9992,red,240,True,driver_roi,[]
3268,54.517,True,c1_texting_right,0.7481963634490967,0.9992,red,239,True,driver_roi,[]
3269,54.534,True,c1_texting_right,0.7481963634490967,0.9992,red,239,True,driver_roi,[]
3270,54.551,True,c1_texting_right,0.7540044188499451,0.9992,red,238,True,driver_roi,[]
3271,54.568,True,c1_texting_right,0.7540044188499451,0.9992,red,238,True,driver_roi,[]
3272,54.584,True,c1_texting_right,0.7610950469970703,0.9992,red,237,True,driver_roi,[]
3273,54.601,True,c1_texting_right,0.7610950469970703,0.9992,red,237,True,driver_roi,[]
3274,54.618,True,c1_texting_right,0.7676257491111755,0.9992,red,236,True,driver_roi,[]
3275,54.634,True,c1_texting_right,0.7676257491111755,0.9992,red,236,True,driver_roi,[]
3276,54.651,True,c1_texting_right,0.766209602355957,0.9992,red,235,True,driver_roi,[]
3277,54.668,True,c1_texting_right,0.766209602355957,0.9992,red,235,True,driver_roi,[]
3278,54.684,True,c1_texting_right,0.7612736225128174,0.9992,red,234,True,driver_roi,[]
3279,54.701,True,c1_texting_right,0.7612736225128174,0.9992,red,234,True,driver_roi,[]
3280,54.718,True,c1_texting_right,0.752311110496521,0.9992,red,233,True,driver_roi,[]
3281,54.734,True,c1_texting_right,0.752311110496521,0.9992,red,233,True,driver_roi,[]
3282,54.751,True,c1_texting_right,0.7467013001441956,0.9992,red,232,True,driver_roi,[]
3283,54.768,True,c1_texting_right,0.7467013001441956,0.9992,red,232,True,driver_roi,[]
3284,54.784,True,c1_texting_right,0.7432717680931091,0.9992,red,231,True,driver_roi,[]
3285,54.801,True,c1_texting_right,0.7432717680931091,0.9992,red,231,True,driver_roi,[]
3286,54.818,True,c1_texting_right,0.737983763217926,0.9991,red,230,True,driver_roi,[]
3287,54.834,True,c1_texting_right,0.737983763217926,0.9991,red,230,True,driver_roi,[]
3288,54.851,True,c1_texting_right,0.7332402467727661,0.9991,red,229,True,driver_roi,[]
3289,54.868,True,c1_texting_right,0.7332402467727661,0.9991,red,229,True,driver_roi,[]
3290,54.884,True,c1_texting_right,0.7263587117195129,0.9991,red,228,True,driver_roi,[]
3291,54.901,True,c1_texting_right,0.7263587117195129,0.9991,red,228,True,driver_roi,[]
3292,54.918,True,c1_texting_right,0.716173529624939,0.9991,red,227,True,driver_roi,[]
3293,54.935,True,c1_texting_right,0.716173529624939,0.9991,red,227,True,driver_roi,[]
3294,54.951,True,c1_texting_right,0.7102842926979065,0.9992,red,226,True,driver_roi,[]
3295,54.968,True,c1_texting_right,0.7102842926979065,0.9992,red,226,True,driver_roi,[]
3296,54.985,True,c1_texting_right,0.712184727191925,0.9992,red,225,True,driver_roi,[]
3297,55.001,True,c1_texting_right,0.712184727191925,0.9992,red,225,True,driver_roi,[]
3298,55.018,True,c1_texting_right,0.7092678546905518,0.9992,red,224,True,driver_roi,[]
3299,55.035,True,c1_texting_right,0.7092678546905518,0.9992,red,224,True,driver_roi,[]
3300,55.051,True,c1_texting_right,0.706732988357544,0.9991,red,223,True,driver_roi,[]
3301,55.068,True,c1_texting_right,0.706732988357544,0.9991,red,223,True,driver_roi,[]
3302,55.085,True,c1_texting_right,0.7095701694488525,0.9991,red,222,True,driver_roi,[]
3303,55.101,True,c1_texting_right,0.7095701694488525,0.9991,red,222,True,driver_roi,[]
3304,55.118,True,c1_texting_right,0.7041625380516052,0.9991,red,221,True,driver_roi,[]
3305,55.135,True,c1_texting_right,0.7041625380516052,0.9991,red,221,True,driver_roi,[]
3306,55.151,True,c1_texting_right,0.7014752626419067,0.9991,red,220,True,driver_roi,[]
3307,55.168,True,c1_texting_right,0.7014752626419067,0.9991,red,220,True,driver_roi,[]
3308,55.185,True,c1_texting_right,0.704138994216919,0.9991,red,219,True,driver_roi,[]
3309,55.201,True,c1_texting_right,0.704138994216919,0.9991,red,219,True,driver_roi,[]
3310,55.218,True,c1_texting_right,0.7075446248054504,0.9991,red,218,True,driver_roi,[]
3311,55.235,True,c1_texting_right,0.7075446248054504,0.9991,red,218,True,driver_roi,[]
3312,55.251,True,c1_texting_right,0.7086565494537354,0.9991,red,217,True,driver_roi,[]
3313,55.268,True,c1_texting_right,0.7086565494537354,0.9991,red,217,True,driver_roi,[]
3314,55.285,True,c1_texting_right,0.7160826921463013,0.9992,red,216,True,driver_roi,[]
3315,55.302,True,c1_texting_right,0.7160826921463013,0.9992,red,216,True,driver_roi,[]
3316,55.318,True,c1_texting_right,0.7237874269485474,0.9992,red,215,True,driver_roi,[]
3317,55.335,True,c1_texting_right,0.7237874269485474,0.9992,red,215,True,driver_roi,[]
3318,55.352,True,c1_texting_right,0.7304948568344116,0.9992,red,214,True,driver_roi,[]
3319,55.368,True,c1_texting_right,0.7304948568344116,0.9992,red,214,True,driver_roi,[]
3320,55.385,True,c1_texting_right,0.7326751351356506,0.9993,red,213,True,driver_roi,[]
3321,55.402,True,c1_texting_right,0.7326751351356506,0.9993,red,213,True,driver_roi,[]
3322,55.418,True,c1_texting_right,0.7314414381980896,0.9993,red,212,True,driver_roi,[]
3323,55.435,True,c1_texting_right,0.7314414381980896,0.9993,red,212,True,driver_roi,[]
3324,55.452,True,c1_texting_right,0.7345417737960815,0.9993,red,211,True,driver_roi,[]
3325,55.468,True,c1_texting_right,0.7345417737960815,0.9993,red,211,True,driver_roi,[]
3326,55.485,True,c1_texting_right,0.7320235967636108,0.9994,red,210,True,driver_roi,[]
3327,55.502,True,c1_texting_right,0.7320235967636108,0.9994,red,210,True,driver_roi,[]
3328,55.518,True,c1_texting_right,0.7286444306373596,0.9994,red,209,True,driver_roi,[]
3329,55.535,True,c1_texting_right,0.7286444306373596,0.9994,red,209,True,driver_roi,[]
3330,55.552,True,c1_texting_right,0.7240378856658936,0.9994,red,208,True,driver_roi,[]
3331,55.568,True,c1_texting_right,0.7240378856658936,0.9994,red,208,True,driver_roi,[]
3332,55.585,True,c1_texting_right,0.7192462682723999,0.9994,red,207,True,driver_roi,[]
3333,55.602,True,c1_texting_right,0.7192462682723999,0.9994,red,207,True,driver_roi,[]
3334,55.618,True,c1_texting_right,0.7147586941719055,0.9994,red,206,True,driver_roi,[]
3335,55.635,True,c1_texting_right,0.7147586941719055,0.9994,red,206,True,driver_roi,[]
3336,55.652,True,c1_texting_right,0.7149317264556885,0.9994,red,205,True,driver_roi,[]
3337,55.669,True,c1_texting_right,0.7149317264556885,0.9994,red,205,True,driver_roi,[]
3338,55.685,True,c1_texting_right,0.7175415754318237,0.9994,red,204,True,driver_roi,[]
3339,55.702,True,c1_texting_right,0.7175415754318237,0.9994,red,204,True,driver_roi,[]
3340,55.719,True,c1_texting_right,0.725041389465332,0.9994,red,203,True,driver_roi,[]
3341,55.735,True,c1_texting_right,0.725041389465332,0.9994,red,203,True,driver_roi,[]
3342,55.752,True,c1_texting_right,0.7315110564231873,0.9994,red,202,True,driver_roi,[]
3343,55.769,True,c1_texting_right,0.7315110564231873,0.9994,red,202,True,driver_roi,[]
3344,55.785,True,c1_texting_right,0.736955463886261,0.9994,red,201,True,driver_roi,[]
3345,55.802,True,c1_texting_right,0.736955463886261,0.9994,red,201,True,driver_roi,[]
3346,55.819,True,c1_texting_right,0.7430671453475952,0.9995,red,200,True,driver_roi,[]
3347,55.835,True,c1_texting_right,0.7430671453475952,0.9995,red,200,True,driver_roi,[]
3348,55.852,True,c1_texting_right,0.7497835159301758,0.9995,red,199,True,driver_roi,[]
3349,55.869,True,c1_texting_right,0.7497835159301758,0.9995,red,199,True,driver_roi,[]
3350,55.885,True,c1_texting_right,0.7536963224411011,0.9995,red,198,True,driver_roi,[]
3351,55.902,True,c1_texting_right,0.7536963224411011,0.9995,red,198,True,driver_roi,[]
3352,55.919,True,c1_texting_right,0.7599930167198181,0.9995,red,197,True,driver_roi,[]
3353,55.935,True,c1_texting_right,0.7599930167198181,0.9995,red,197,True,driver_roi,[]
3354,55.952,True,c1_texting_right,0.7710084319114685,0.9995,red,196,True,driver_roi,[]
3355,55.969,True,c1_texting_right,0.7710084319114685,0.9995,red,196,True,driver_roi,[]
3356,55.986,True,c1_texting_right,0.7773697972297668,0.9995,red,195,True,driver_roi,[]
3357,56.002,True,c1_texting_right,0.7773697972297668,0.9995,red,195,True,driver_roi,[]
3358,56.019,True,c1_texting_right,0.7828121781349182,0.9995,red,196,True,driver_roi,[]
3359,56.036,True,c1_texting_right,0.7828121781349182,0.9995,red,196,True,driver_roi,[]
3360,56.052,True,c1_texting_right,0.7787474393844604,0.9995,red,195,True,driver_roi,[]
3361,56.069,True,c1_texting_right,0.7787474393844604,0.9995,red,195,True,driver_roi,[]
3362,56.086,True,c1_texting_right,0.7693108320236206,0.9993,red,194,True,driver_roi,[]
3363,56.102,True,c1_texting_right,0.7693108320236206,0.9993,red,194,True,driver_roi,[]
3364,56.119,True,c1_texting_right,0.758784830570221,0.9992,red,193,True,driver_roi,[]
3365,56.136,True,c1_texting_right,0.758784830570221,0.9992,red,193,True,driver_roi,[]
3366,56.152,True,c1_texting_right,0.7403770685195923,0.999,red,192,True,driver_roi,[]
3367,56.169,True,c1_texting_right,0.7403770685195923,0.999,red,192,True,driver_roi,[]
3368,56.186,True,c1_texting_right,0.7157698273658752,0.9988,red,191,True,driver_roi,[]
3369,56.202,True,c1_texting_right,0.7157698273658752,0.9988,red,191,True,driver_roi,[]
3370,56.219,True,c1_texting_right,0.688304603099823,0.9987,red,190,True,driver_roi,[]
3371,56.236,True,c1_texting_right,0.688304603099823,0.9987,red,190,True,driver_roi,[]
3372,56.252,True,c1_texting_right,0.6610787510871887,0.9986,red,189,True,driver_roi,[]
3373,56.269,True,c1_texting_right,0.6610787510871887,0.9986,red,189,True,driver_roi,[]
3374,56.286,True,c1_texting_right,0.6315270066261292,0.9986,red,188,True,driver_roi,[]
3375,56.302,True,c1_texting_right,0.6315270066261292,0.9986,red,188,True,driver_roi,[]
3376,56.319,True,c1_texting_right,0.6025639176368713,0.9982,red,187,True,driver_roi,[]
3377,56.336,True,c1_texting_right,0.6025639176368713,0.9982,red,187,True,driver_roi,[]
3378,56.353,True,c1_texting_right,0.5743412375450134,0.9969,red,186,True,driver_roi,[]
3379,56.369,True,c1_texting_right,0.5743412375450134,0.9969,red,186,True,driver_roi,[]
3380,56.386,True,c1_texting_right,0.5493909120559692,0.9966,red,185,True,driver_roi,[]
3381,56.403,True,c1_texting_right,0.5493909120559692,0.9966,red,185,True,driver_roi,[]
3382,56.419,True,c1_texting_right,0.5246180295944214,0.9966,red,184,True,driver_roi,[]
3383,56.436,True,c1_texting_right,0.5246180295944214,0.9966,red,184,True,driver_roi,[]
3384,56.453,True,c1_texting_right,0.49670901894569397,0.9966,red,183,True,driver_roi,[]
3385,56.469,True,c1_texting_right,0.49670901894569397,0.9966,red,183,True,driver_roi,[]
3386,56.486,True,c1_texting_right,0.47117653489112854,0.9966,red,182,True,driver_roi,[]
3387,56.503,True,c1_texting_right,0.47117653489112854,0.9966,red,182,True,driver_roi,[]
3388,56.519,True,c1_texting_right,0.44538387656211853,0.9966,red,181,True,driver_roi,[]
3389,56.536,True,c1_texting_right,0.44538387656211853,0.9966,red,181,True,driver_roi,[]
3390,56.553,True,c1_texting_right,0.4198967218399048,0.9965,red,180,True,driver_roi,[]
3391,56.569,True,c1_texting_right,0.4198967218399048,0.9965,red,180,True,driver_roi,[]
3392,56.586,True,c5_radio,0.4260302484035492,0.9965,red,179,True,driver_roi,[]
3393,56.603,True,c5_radio,0.4260302484035492,0.9965,red,179,True,driver_roi,[]
3394,56.619,True,c5_radio,0.4422774016857147,0.9964,red,178,True,driver_roi,[]
3395,56.636,True,c5_radio,0.4422774016857147,0.9964,red,178,True,driver_roi,[]
3396,56.653,True,c5_radio,0.45686453580856323,0.9963,red,177,True,driver_roi,[]
3397,56.669,True,c5_radio,0.45686453580856323,0.9963,red,177,True,driver_roi,[]
3398,56.686,True,c5_radio,0.47004619240760803,0.9963,red,176,True,driver_roi,[]
3399,56.703,True,c5_radio,0.47004619240760803,0.9963,red,176,True,driver_roi,[]
3400,56.72,True,c5_radio,0.4811403155326843,0.9963,red,175,True,driver_roi,[]
3401,56.736,True,c5_radio,0.4811403155326843,0.9963,red,175,True,driver_roi,[]
3402,56.753,True,c5_radio,0.49686625599861145,0.9963,red,174,True,driver_roi,[]
3403,56.77,True,c5_radio,0.49686625599861145,0.9963,red,174,True,driver_roi,[]
3404,56.786,True,c5_radio,0.5160154104232788,0.9963,red,173,True,driver_roi,[]
3405,56.803,True,c5_radio,0.5160154104232788,0.9963,red,173,True,driver_roi,[]
3406,56.82,True,c5_radio,0.5360087752342224,0.9963,red,172,True,driver_roi,[]
3407,56.836,True,c5_radio,0.5360087752342224,0.9963,red,172,True,driver_roi,[]
3408,56.853,True,c5_radio,0.5569309592247009,0.9962,red,171,True,driver_roi,[]
3409,56.87,True,c5_radio,0.5569309592247009,0.9962,red,171,True,driver_roi,[]
3410,56.886,True,c5_radio,0.5759726762771606,0.9962,red,170,True,driver_roi,[]
3411,56.903,True,c5_radio,0.5759726762771606,0.9962,red,170,True,driver_roi,[]
3412,56.92,True,c5_radio,0.5918165445327759,0.9962,red,169,True,driver_roi,[]
3413,56.936,True,c5_radio,0.5918165445327759,0.9962,red,169,True,driver_roi,[]
3414,56.953,True,c5_radio,0.6122213006019592,0.9962,red,168,True,driver_roi,[]
3415,56.97,True,c5_radio,0.6122213006019592,0.9962,red,168,True,driver_roi,[]
3416,56.986,True,c5_radio,0.6312315464019775,0.9962,red,167,True,driver_roi,[]
3417,57.003,True,c5_radio,0.6312315464019775,0.9962,red,167,True,driver_roi,[]
3418,57.02,True,c5_radio,0.652999758720398,0.9962,red,166,True,driver_roi,[]
3419,57.036,True,c5_radio,0.652999758720398,0.9962,red,166,True,driver_roi,[]
3420,57.053,True,c5_radio,0.6663480997085571,0.9963,red,165,True,driver_roi,[]
3421,57.07,True,c5_radio,0.6663480997085571,0.9963,red,165,True,driver_roi,[]
3422,57.087,True,c5_radio,0.6755224466323853,0.9964,red,164,True,driver_roi,[]
3423,57.103,True,c5_radio,0.6755224466323853,0.9964,red,164,True,driver_roi,[]
3424,57.12,True,c5_radio,0.6789840459823608,0.9967,red,163,True,driver_roi,[]
3425,57.137,True,c5_radio,0.6789840459823608,0.9967,red,163,True,driver_roi,[]
3426,57.153,True,c5_radio,0.6811550855636597,0.9969,red,162,True,driver_roi,[]
3427,57.17,True,c5_radio,0.6811550855636597,0.9969,red,162,True,driver_roi,[]
3428,57.187,True,c5_radio,0.683736264705658,0.9971,red,161,True,driver_roi,[]
3429,57.203,True,c5_radio,0.683736264705658,0.9971,red,161,True,driver_roi,[]
3430,57.22,True,c5_radio,0.6827438473701477,0.9972,red,160,True,driver_roi,[]
3431,57.237,True,c5_radio,0.6827438473701477,0.9972,red,160,True,driver_roi,[]
3432,57.253,True,c5_radio,0.6832168698310852,0.9973,red,159,True,driver_roi,[]
3433,57.27,True,c5_radio,0.6832168698310852,0.9973,red,159,True,driver_roi,[]
3434,57.287,True,c5_radio,0.6808316707611084,0.9973,red,158,True,driver_roi,[]
3435,57.303,True,c5_radio,0.6808316707611084,0.9973,red,158,True,driver_roi,[]
3436,57.32,True,c5_radio,0.6881275773048401,0.9977,red,157,True,driver_roi,[]
3437,57.337,True,c5_radio,0.6881275773048401,0.9977,red,157,True,driver_roi,[]
3438,57.353,True,c5_radio,0.7053260803222656,0.9989,red,156,True,driver_roi,[]
3439,57.37,True,c5_radio,0.7053260803222656,0.9989,red,156,True,driver_roi,[]
3440,57.387,True,c5_radio,0.7293506264686584,0.9992,red,155,True,driver_roi,[]
3441,57.403,True,c5_radio,0.7293506264686584,0.9992,red,155,True,driver_roi,[]
3442,57.42,True,c5_radio,0.7481985092163086,0.9992,red,154,True,driver_roi,[]
3443,57.437,True,c5_radio,0.7481985092163086,0.9992,red,154,True,driver_roi,[]
3444,57.454,True,c5_radio,0.7650458812713623,0.9992,red,153,True,driver_roi,[]
3445,57.47,True,c5_radio,0.7650458812713623,0.9992,red,153,True,driver_roi,[]
3446,57.487,True,c5_radio,0.7643954157829285,0.9992,red,152,True,driver_roi,[]
3447,57.504,True,c5_radio,0.7643954157829285,0.9992,red,152,True,driver_roi,[]
3448,57.52,True,c5_radio,0.7599125504493713,0.9992,red,151,True,driver_roi,[]
3449,57.537,True,c5_radio,0.7599125504493713,0.9992,red,151,True,driver_roi,[]
3450,57.554,True,c5_radio,0.7544408440589905,0.9991,red,150,True,driver_roi,[]
3451,57.57,True,c5_radio,0.7544408440589905,0.9991,red,150,True,driver_roi,[]
3452,57.587,True,c5_radio,0.7522388100624084,0.9991,red,149,True,driver_roi,[]
3453,57.604,True,c5_radio,0.7522388100624084,0.9991,red,149,True,driver_roi,[]
3454,57.62,True,c5_radio,0.7561009526252747,0.9991,red,148,True,driver_roi,[]
3455,57.637,True,c5_radio,0.7561009526252747,0.9991,red,148,True,driver_roi,[]
3456,57.654,True,c5_radio,0.7651664018630981,0.9992,red,147,True,driver_roi,[]
3457,57.67,True,c5_radio,0.7651664018630981,0.9992,red,147,True,driver_roi,[]
3458,57.687,True,c5_radio,0.7733842730522156,0.9992,red,146,True,driver_roi,[]
3459,57.704,True,c5_radio,0.7733842730522156,0.9992,red,146,True,driver_roi,[]
3460,57.72,True,c5_radio,0.7872730493545532,0.9991,red,147,True,driver_roi,[]
3461,57.737,True,c5_radio,0.7872730493545532,0.9991,red,147,True,driver_roi,[]
3462,57.754,True,c5_radio,0.8006489872932434,0.9991,red,148,True,driver_roi,[]
3463,57.77,True,c5_radio,0.8006489872932434,0.9991,red,148,True,driver_roi,[]
3464,57.787,True,c5_radio,0.8110363483428955,0.9991,red,149,True,driver_roi,[]
3465,57.804,True,c5_radio,0.8110363483428955,0.9991,red,149,True,driver_roi,[]
3466,57.821,True,c5_radio,0.8200188875198364,0.9991,red,150,True,driver_roi,[]
3467,57.837,True,c5_radio,0.8200188875198364,0.9991,red,150,True,driver_roi,[]
3468,57.854,True,c5_radio,0.8274948596954346,0.9991,red,151,True,driver_roi,[]
3469,57.871,True,c5_radio,0.8274948596954346,0.9991,red,151,True,driver_roi,[]
3470,57.887,True,c5_radio,0.8345347046852112,0.9991,red,152,True,driver_roi,[]
3471,57.904,True,c5_radio,0.8345347046852112,0.9991,red,152,True,driver_roi,[]
3472,57.921,True,c5_radio,0.8380499482154846,0.9991,red,153,True,driver_roi,[]
3473,57.937,True,c5_radio,0.8380499482154846,0.9991,red,153,True,driver_roi,[]
3474,57.954,True,c5_radio,0.8431528806686401,0.9989,red,154,True,driver_roi,[]
3475,57.971,True,c5_radio,0.8431528806686401,0.9989,red,154,True,driver_roi,[]
3476,57.987,True,c5_radio,0.8502972722053528,0.9989,red,155,True,driver_roi,[]
3477,58.004,True,c5_radio,0.8502972722053528,0.9989,red,155,True,driver_roi,[]
3478,58.021,True,c5_radio,0.8453982472419739,0.9987,red,156,True,driver_roi,[]
3479,58.037,True,c5_radio,0.8453982472419739,0.9987,red,156,True,driver_roi,[]
3480,58.054,True,c5_radio,0.8436945080757141,0.9986,red,157,True,driver_roi,[]
3481,58.071,True,c5_radio,0.8436945080757141,0.9986,red,157,True,driver_roi,[]
3482,58.087,True,c5_radio,0.8375245928764343,0.9984,red,158,True,driver_roi,[]
3483,58.104,True,c5_radio,0.8375245928764343,0.9984,red,158,True,driver_roi,[]
3484,58.121,True,c5_radio,0.8354829549789429,0.9982,red,159,True,driver_roi,[]
3485,58.138,True,c5_radio,0.8354829549789429,0.9982,red,159,True,driver_roi,[]
3486,58.154,True,c5_radio,0.8334817290306091,0.998,red,160,True,driver_roi,[]
3487,58.171,True,c5_radio,0.8334817290306091,0.998,red,160,True,driver_roi,[]
3488,58.188,True,c5_radio,0.8318639397621155,0.9978,red,161,True,driver_roi,[]
3489,58.204,True,c5_radio,0.8318639397621155,0.9978,red,161,True,driver_roi,[]
3490,58.221,True,c5_radio,0.8277025818824768,0.9976,red,162,True,driver_roi,[]
3491,58.238,True,c5_radio,0.8277025818824768,0.9976,red,162,True,driver_roi,[]
3492,58.254,True,c5_radio,0.8221452236175537,0.9973,red,163,True,driver_roi,[]
3493,58.271,True,c5_radio,0.8221452236175537,0.9973,red,163,True,driver_roi,[]
3494,58.288,True,c5_radio,0.8212277889251709,0.9972,red,164,True,driver_roi,[]
3495,58.304,True,c5_radio,0.8212277889251709,0.9972,red,164,True,driver_roi,[]
3496,58.321,True,c5_radio,0.8213371634483337,0.997,red,165,True,driver_roi,[]
3497,58.338,True,c5_radio,0.8213371634483337,0.997,red,165,True,driver_roi,[]
3498,58.354,True,c5_radio,0.8244466781616211,0.9969,red,166,True,driver_roi,[]
3499,58.371,True,c5_radio,0.8244466781616211,0.9969,red,166,True,driver_roi,[]
3500,58.388,True,c5_radio,0.8274723887443542,0.9968,red,167,True,driver_roi,[]
3501,58.404,True,c5_radio,0.8274723887443542,0.9968,red,167,True,driver_roi,[]
3502,58.421,True,c5_radio,0.8314319849014282,0.9968,red,168,True,driver_roi,[]
3503,58.438,True,c5_radio,0.8314319849014282,0.9968,red,168,True,driver_roi,[]
3504,58.454,True,c5_radio,0.8343508839607239,0.9967,red,169,True,driver_roi,[]
3505,58.471,True,c5_radio,0.8343508839607239,0.9967,red,169,True,driver_roi,[]
3506,58.488,True,c5_radio,0.8372155427932739,0.9966,red,170,True,driver_roi,[]
3507,58.505,True,c5_radio,0.8372155427932739,0.9966,red,170,True,driver_roi,[]
3508,58.521,True,c5_radio,0.8375810384750366,0.9964,red,171,True,driver_roi,[]
3509,58.538,True,c5_radio,0.8375810384750366,0.9964,red,171,True,driver_roi,[]
3510,58.555,True,c5_radio,0.8412386775016785,0.9962,red,172,True,driver_roi,[]
3511,58.571,True,c5_radio,0.8412386775016785,0.9962,red,172,True,driver_roi,[]
3512,58.588,True,c5_radio,0.8455955386161804,0.996,red,173,True,driver_roi,[]
3513,58.605,True,c5_radio,0.8455955386161804,0.996,red,173,True,driver_roi,[]
3514,58.621,True,c5_radio,0.8486497402191162,0.9957,red,174,True,driver_roi,[]
3515,58.638,True,c5_radio,0.8486497402191162,0.9957,red,174,True,driver_roi,[]
3516,58.655,True,c5_radio,0.8513215780258179,0.9956,red,175,True,driver_roi,[]
3517,58.671,True,c5_radio,0.8513215780258179,0.9956,red,175,True,driver_roi,[]
3518,58.688,True,c5_radio,0.8554369807243347,0.9953,red,176,True,driver_roi,[]
3519,58.705,True,c5_radio,0.8554369807243347,0.9953,red,176,True,driver_roi,[]
3520,58.721,True,c5_radio,0.8536864519119263,0.9951,red,177,True,driver_roi,[]
3521,58.738,True,c5_radio,0.8536864519119263,0.9951,red,177,True,driver_roi,[]
3522,58.755,True,c5_radio,0.8504653573036194,0.9948,red,178,True,driver_roi,[]
3523,58.771,True,c5_radio,0.8504653573036194,0.9948,red,178,True,driver_roi,[]
3524,58.788,True,c5_radio,0.8451284766197205,0.9945,red,179,True,driver_roi,[]
3525,58.805,True,c5_radio,0.8451284766197205,0.9945,red,179,True,driver_roi,[]
3526,58.821,True,c5_radio,0.8432685136795044,0.9943,red,180,True,driver_roi,[]
3527,58.838,True,c5_radio,0.8432685136795044,0.9943,red,180,True,driver_roi,[]
3528,58.855,True,c5_radio,0.8407477140426636,0.994,red,181,True,driver_roi,[]
3529,58.872,True,c5_radio,0.8407477140426636,0.994,red,181,True,driver_roi,[]
3530,58.888,True,c5_radio,0.8386320471763611,0.9938,red,182,True,driver_roi,[]
3531,58.905,True,c5_radio,0.8386320471763611,0.9938,red,182,True,driver_roi,[]
3532,58.922,True,c5_radio,0.8444653153419495,0.9936,red,183,True,driver_roi,[]
3533,58.938,True,c5_radio,0.8444653153419495,0.9936,red,183,True,driver_roi,[]
3534,58.955,True,c5_radio,0.8468652367591858,0.9937,red,184,True,driver_roi,[]
3535,58.972,True,c5_radio,0.8468652367591858,0.9937,red,184,True,driver_roi,[]
3536,58.988,True,c5_radio,0.8466581702232361,0.9936,red,185,True,driver_roi,[]
3537,59.005,True,c5_radio,0.8466581702232361,0.9936,red,185,True,driver_roi,[]
3538,59.022,True,c5_radio,0.8527494072914124,0.9936,red,186,True,driver_roi,[]
3539,59.038,True,c5_radio,0.8527494072914124,0.9936,red,186,True,driver_roi,[]
3540,59.055,True,c5_radio,0.8535804748535156,0.9935,red,187,True,driver_roi,[]
3541,59.072,True,c5_radio,0.8535804748535156,0.9935,red,187,True,driver_roi,[]
3542,59.088,True,c5_radio,0.855528712272644,0.9935,red,188,True,driver_roi,[]
3543,59.105,True,c5_radio,0.855528712272644,0.9935,red,188,True,driver_roi,[]
3544,59.122,True,c5_radio,0.8529613614082336,0.9936,red,189,True,driver_roi,[]
3545,59.138,True,c5_radio,0.8529613614082336,0.9936,red,189,True,driver_roi,[]
3546,59.155,True,c5_radio,0.848980724811554,0.9935,red,190,True,driver_roi,[]
3547,59.172,True,c5_radio,0.848980724811554,0.9935,red,190,True,driver_roi,[]
3548,59.188,True,c5_radio,0.8462769389152527,0.9935,red,191,True,driver_roi,[]
3549,59.205,True,c5_radio,0.8462769389152527,0.9935,red,191,True,driver_roi,[]
3550,59.222,True,c5_radio,0.8452742695808411,0.9934,red,192,True,driver_roi,[]
3551,59.239,True,c5_radio,0.8452742695808411,0.9934,red,192,True,driver_roi,[]
3552,59.255,True,c5_radio,0.843969464302063,0.9935,red,193,True,driver_roi,[]
3553,59.272,True,c5_radio,0.843969464302063,0.9935,red,193,True,driver_roi,[]
3554,59.289,True,c5_radio,0.8411716818809509,0.9935,red,194,True,driver_roi,[]
3555,59.305,True,c5_radio,0.8411716818809509,0.9935,red,194,True,driver_roi,[]
3556,59.322,True,c5_radio,0.8370206952095032,0.9936,red,195,True,driver_roi,[]
3557,59.339,True,c5_radio,0.8370206952095032,0.9936,red,195,True,driver_roi,[]
3558,59.355,True,c5_radio,0.8338478803634644,0.9936,red,196,True,driver_roi,[]
3559,59.372,True,c5_radio,0.8338478803634644,0.9936,red,196,True,driver_roi,[]
3560,59.389,True,c5_radio,0.83179771900177,0.9936,red,197,True,driver_roi,[]
3561,59.405,True,c5_radio,0.83179771900177,0.9936,red,197,True,driver_roi,[]
3562,59.422,True,c5_radio,0.8305273652076721,0.9936,red,198,True,driver_roi,[]
3563,59.439,True,c5_radio,0.8305273652076721,0.9936,red,198,True,driver_roi,[]
3564,59.455,True,c5_radio,0.8288847208023071,0.9936,red,199,True,driver_roi,[]
3565,59.472,True,c5_radio,0.8288847208023071,0.9936,red,199,True,driver_roi,[]
3566,59.489,True,c5_radio,0.8250654339790344,0.9935,red,200,True,driver_roi,[]
3567,59.505,True,c5_radio,0.8250654339790344,0.9935,red,200,True,driver_roi,[]
3568,59.522,True,c5_radio,0.8231577277183533,0.9935,red,201,True,driver_roi,[]
3569,59.539,True,c5_radio,0.8231577277183533,0.9935,red,201,True,driver_roi,[]
3570,59.555,True,c5_radio,0.8201518654823303,0.9934,red,202,True,driver_roi,[]
3571,59.572,True,c5_radio,0.8201518654823303,0.9934,red,202,True,driver_roi,[]
3572,59.589,True,c5_radio,0.817566990852356,0.9934,red,203,True,driver_roi,[]
3573,59.606,True,c5_radio,0.817566990852356,0.9934,red,203,True,driver_roi,[]
3574,59.622,True,c5_radio,0.819342315196991,0.9936,red,204,True,driver_roi,[]
3575,59.639,True,c5_radio,0.819342315196991,0.9936,red,204,True,driver_roi,[]
3576,59.656,True,c5_radio,0.8186628222465515,0.9937,red,205,True,driver_roi,[]
3577,59.672,True,c5_radio,0.8186628222465515,0.9937,red,205,True,driver_roi,[]
3578,59.689,True,c5_radio,0.8189507722854614,0.9938,red,206,True,driver_roi,[]
3579,59.706,True,c5_radio,0.8189507722854614,0.9938,red,206,True,driver_roi,[]
3580,59.722,True,c5_radio,0.8246644735336304,0.994,red,207,True,driver_roi,[]
3581,59.739,True,c5_radio,0.8246644735336304,0.994,red,207,True,driver_roi,[]
3582,59.756,True,c5_radio,0.8294981718063354,0.9942,red,208,True,driver_roi,[]
3583,59.772,True,c5_radio,0.8294981718063354,0.9942,red,208,True,driver_roi,[]
3584,59.789,True,c5_radio,0.8353239297866821,0.9946,red,209,True,driver_roi,[]
3585,59.806,True,c5_radio,0.8353239297866821,0.9946,red,209,True,driver_roi,[]
3586,59.822,True,c5_radio,0.836249053478241,0.9947,red,210,True,driver_roi,[]
3587,59.839,True,c5_radio,0.836249053478241,0.9947,red,210,True,driver_roi,[]
3588,59.856,True,c5_radio,0.838754415512085,0.9949,red,211,True,driver_roi,[]
3589,59.872,True,c5_radio,0.838754415512085,0.9949,red,211,True,driver_roi,[]
3590,59.889,True,c5_radio,0.8409598469734192,0.9952,red,212,True,driver_roi,[]
3591,59.906,True,c5_radio,0.8409598469734192,0.9952,red,212,True,driver_roi,[]
3592,59.923,True,c5_radio,0.842560350894928,0.9953,red,213,True,driver_roi,[]
3593,59.939,True,c5_radio,0.842560350894928,0.9953,red,213,True,driver_roi,[]
3594,59.956,True,c5_radio,0.8452711701393127,0.9954,red,214,True,driver_roi,[]
3595,59.973,True,c5_radio,0.8452711701393127,0.9954,red,214,True,driver_roi,[]
3596,59.989,True,c5_radio,0.8490612506866455,0.9955,red,215,True,driver_roi,[]
3597,60.006,True,c5_radio,0.8490612506866455,0.9955,red,215,True,driver_roi,[]
3598,60.023,True,c5_radio,0.8526475429534912,0.9957,red,216,True,driver_roi,[]
3599,60.039,True,c5_radio,0.8526475429534912,0.9957,red,216,True,driver_roi,[]
3600,60.056,True,c5_radio,0.8545763492584229,0.9958,red,217,True,driver_roi,[]
3601,60.073,True,c5_radio,0.8545763492584229,0.9958,red,217,True,driver_roi,[]
3602,60.089,True,c5_radio,0.8578191995620728,0.9959,red,218,True,driver_roi,[]
3603,60.106,True,c5_radio,0.8578191995620728,0.9959,red,218,True,driver_roi,[]
3604,60.123,True,c5_radio,0.8592846393585205,0.9959,red,219,True,driver_roi,[]
3605,60.139,True,c5_radio,0.8592846393585205,0.9959,red,219,True,driver_roi,[]
3606,60.156,True,c5_radio,0.86328125,0.9959,red,220,True,driver_roi,[]
3607,60.173,True,c5_radio,0.86328125,0.9959,red,220,True,driver_roi,[]
3608,60.189,True,c5_radio,0.8668102025985718,0.996,red,221,True,driver_roi,[]
3609,60.206,True,c5_radio,0.8668102025985718,0.996,red,221,True,driver_roi,[]
3610,60.223,True,c5_radio,0.8675124645233154,0.9959,red,222,True,driver_roi,[]
3611,60.239,True,c5_radio,0.8675124645233154,0.9959,red,222,True,driver_roi,[]
3612,60.256,True,c5_radio,0.8695185780525208,0.996,red,223,True,driver_roi,[]
3613,60.273,True,c5_radio,0.8695185780525208,0.996,red,223,True,driver_roi,[]
3614,60.29,True,c5_radio,0.8720056414604187,0.9959,red,224,True,driver_roi,[]
3615,60.306,True,c5_radio,0.8720056414604187,0.9959,red,224,True,driver_roi,[]
3616,60.323,True,c5_radio,0.8762392401695251,0.9959,red,225,True,driver_roi,[]
3617,60.34,True,c5_radio,0.8762392401695251,0.9959,red,225,True,driver_roi,[]
3618,60.356,True,c5_radio,0.8798934817314148,0.996,red,226,True,driver_roi,[]
3619,60.373,True,c5_radio,0.8798934817314148,0.996,red,226,True,driver_roi,[]
3620,60.39,True,c5_radio,0.8814137578010559,0.996,red,227,True,driver_roi,[]
3621,60.406,True,c5_radio,0.8814137578010559,0.996,red,227,True,driver_roi,[]
3622,60.423,True,c5_radio,0.8814173340797424,0.9959,red,228,True,driver_roi,[]
3623,60.44,True,c5_radio,0.8814173340797424,0.9959,red,228,True,driver_roi,[]
3624,60.456,True,c5_radio,0.8818021416664124,0.9959,red,229,True,driver_roi,[]
3625,60.473,True,c5_radio,0.8818021416664124,0.9959,red,229,True,driver_roi,[]
3626,60.49,True,c5_radio,0.8861368894577026,0.996,red,230,True,driver_roi,[]
3627,60.506,True,c5_radio,0.8861368894577026,0.996,red,230,True,driver_roi,[]
3628,60.523,True,c5_radio,0.8903955817222595,0.9961,red,231,True,driver_roi,[]
3629,60.54,True,c5_radio,0.8903955817222595,0.9961,red,231,True,driver_roi,[]
3630,60.556,True,c5_radio,0.8942150473594666,0.9962,red,232,True,driver_roi,[]
3631,60.573,True,c5_radio,0.8942150473594666,0.9962,red,232,True,driver_roi,[]
3632,60.59,True,c5_radio,0.8987881541252136,0.9963,red,233,True,driver_roi,[]
3633,60.606,True,c5_radio,0.8987881541252136,0.9963,red,233,True,driver_roi,[]
3634,60.623,True,c5_radio,0.8986220955848694,0.9962,red,234,True,driver_roi,[]
3635,60.64,True,c5_radio,0.8986220955848694,0.9962,red,234,True,driver_roi,[]
3636,60.657,True,c5_radio,0.899776041507721,0.9963,red,235,True,driver_roi,[]
3637,60.673,True,c5_radio,0.899776041507721,0.9963,red,235,True,driver_roi,[]
3638,60.69,True,c5_radio,0.8984559774398804,0.9963,red,236,True,driver_roi,[]
3639,60.707,True,c5_radio,0.8984559774398804,0.9963,red,236,True,driver_roi,[]
3640,60.723,True,c5_radio,0.8964862823486328,0.9963,red,237,True,driver_roi,[]
3641,60.74,True,c5_radio,0.8964862823486328,0.9963,red,237,True,driver_roi,[]
3642,60.757,True,c5_radio,0.8947761654853821,0.9962,red,238,True,driver_roi,[]
3643,60.773,True,c5_radio,0.8947761654853821,0.9962,red,238,True,driver_roi,[]
3644,60.79,True,c5_radio,0.8936072587966919,0.9962,red,239,True,driver_roi,[]
3645,60.807,True,c5_radio,0.8936072587966919,0.9962,red,239,True,driver_roi,[]
3646,60.823,True,c5_radio,0.8939622044563293,0.9961,red,240,True,driver_roi,[]
3647,60.84,True,c5_radio,0.8939622044563293,0.9961,red,240,True,driver_roi,[]
3648,60.857,True,c5_radio,0.8927238583564758,0.996,red,241,True,driver_roi,[]
3649,60.873,True,c5_radio,0.8927238583564758,0.996,red,241,True,driver_roi,[]
3650,60.89,True,c5_radio,0.889765739440918,0.9957,red,242,True,driver_roi,[]
3651,60.907,True,c5_radio,0.889765739440918,0.9957,red,242,True,driver_roi,[]
3652,60.923,True,c5_radio,0.8877604007720947,0.9956,red,243,True,driver_roi,[]
3653,60.94,True,c5_radio,0.8877604007720947,0.9956,red,243,True,driver_roi,[]
3654,60.957,True,c5_radio,0.8842697739601135,0.9954,red,244,True,driver_roi,[]
3655,60.973,True,c5_radio,0.8842697739601135,0.9954,red,244,True,driver_roi,[]
3656,60.99,True,c5_radio,0.8801523447036743,0.9952,red,245,True,driver_roi,[]
3657,61.007,True,c5_radio,0.8801523447036743,0.9952,red,245,True,driver_roi,[]
3658,61.024,True,c5_radio,0.8771292567253113,0.995,red,246,True,driver_roi,[]
3659,61.04,True,c5_radio,0.8771292567253113,0.995,red,246,True,driver_roi,[]
3660,61.057,True,c5_radio,0.8768996596336365,0.9949,red,247,True,driver_roi,[]
3661,61.074,True,c5_radio,0.8768996596336365,0.9949,red,247,True,driver_roi,[]
3662,61.09,True,c5_radio,0.8774558305740356,0.9948,red,248,True,driver_roi,[]
3663,61.107,True,c5_radio,0.8774558305740356,0.9948,red,248,True,driver_roi,[]
3664,61.124,True,c5_radio,0.8815475702285767,0.9948,red,249,True,driver_roi,[]
3665,61.14,True,c5_radio,0.8815475702285767,0.9948,red,249,True,driver_roi,[]
3666,61.157,True,c5_radio,0.8843132853507996,0.9949,red,250,True,driver_roi,[]
3667,61.174,True,c5_radio,0.8843132853507996,0.9949,red,250,True,driver_roi,[]
3668,61.19,True,c5_radio,0.8865911364555359,0.995,red,251,True,driver_roi,[]
3669,61.207,True,c5_radio,0.8865911364555359,0.995,red,251,True,driver_roi,[]
3670,61.224,True,c5_radio,0.891360878944397,0.9951,red,252,True,driver_roi,[]
3671,61.24,True,c5_radio,0.891360878944397,0.9951,red,252,True,driver_roi,[]
3672,61.257,True,c5_radio,0.8957850337028503,0.9952,red,253,True,driver_roi,[]
3673,61.274,True,c5_radio,0.8957850337028503,0.9952,red,253,True,driver_roi,[]
3674,61.29,True,c5_radio,0.8971748948097229,0.9952,red,254,True,driver_roi,[]
3675,61.307,True,c5_radio,0.8971748948097229,0.9952,red,254,True,driver_roi,[]
3676,61.324,True,c5_radio,0.8968740105628967,0.9951,red,255,True,driver_roi,[]
3677,61.34,True,c5_radio,0.8968740105628967,0.9951,red,255,True,driver_roi,[]
3678,61.357,True,c5_radio,0.895652174949646,0.9949,red,256,True,driver_roi,[]
3679,61.374,True,c5_radio,0.895652174949646,0.9949,red,256,True,driver_roi,[]
3680,61.391,True,c5_radio,0.8932136297225952,0.9947,red,257,True,driver_roi,[]
3681,61.407,True,c5_radio,0.8932136297225952,0.9947,red,257,True,driver_roi,[]
3682,61.424,True,c5_radio,0.8923070430755615,0.9946,red,258,True,driver_roi,[]
3683,61.441,True,c5_radio,0.8923070430755615,0.9946,red,258,True,driver_roi,[]
3684,61.457,True,c5_radio,0.8901568651199341,0.9944,red,259,True,driver_roi,[]
3685,61.474,True,c5_radio,0.8901568651199341,0.9944,red,259,True,driver_roi,[]
3686,61.491,True,c5_radio,0.8852759599685669,0.9942,red,260,True,driver_roi,[]
3687,61.507,True,c5_radio,0.8852759599685669,0.9942,red,260,True,driver_roi,[]
3688,61.524,True,c5_radio,0.8837068676948547,0.9941,red,261,True,driver_roi,[]
3689,61.541,True,c5_radio,0.8837068676948547,0.9941,red,261,True,driver_roi,[]
3690,61.557,True,c5_radio,0.8850715756416321,0.9942,red,262,True,driver_roi,[]
3691,61.574,True,c5_radio,0.8850715756416321,0.9942,red,262,True,driver_roi,[]
3692,61.591,True,c5_radio,0.8845193386077881,0.9942,red,263,True,driver_roi,[]
3693,61.607,True,c5_radio,0.8845193386077881,0.9942,red,263,True,driver_roi,[]
3694,61.624,True,c5_radio,0.8838526606559753,0.9941,red,264,True,driver_roi,[]
3695,61.641,True,c5_radio,0.8838526606559753,0.9941,red,264,True,driver_roi,[]
3696,61.657,True,c5_radio,0.8846824765205383,0.9941,red,265,True,driver_roi,[]
3697,61.674,True,c5_radio,0.8846824765205383,0.9941,red,265,True,driver_roi,[]
3698,61.691,True,c5_radio,0.8878526091575623,0.9942,red,266,True,driver_roi,[]
3699,61.707,True,c5_radio,0.8878526091575623,0.9942,red,266,True,driver_roi,[]
3700,61.724,True,c5_radio,0.8901454210281372,0.9942,red,267,True,driver_roi,[]
3701,61.741,True,c5_radio,0.8901454210281372,0.9942,red,267,True,driver_roi,[]
3702,61.758,True,c5_radio,0.8922311663627625,0.9943,red,268,True,driver_roi,[]
3703,61.774,True,c5_radio,0.8922311663627625,0.9943,red,268,True,driver_roi,[]
3704,61.791,True,c5_radio,0.8919252753257751,0.9944,red,269,True,driver_roi,[]
3705,61.808,True,c5_radio,0.8919252753257751,0.9944,red,269,True,driver_roi,[]
3706,61.824,True,c5_radio,0.8922266364097595,0.9945,red,270,True,driver_roi,[]
3707,61.841,True,c5_radio,0.8922266364097595,0.9945,red,270,True,driver_roi,[]
3708,61.858,True,c5_radio,0.8917499780654907,0.9947,red,271,True,driver_roi,[]
3709,61.874,True,c5_radio,0.8917499780654907,0.9947,red,271,True,driver_roi,[]
3710,61.891,True,c5_radio,0.8848974704742432,0.9949,red,272,True,driver_roi,[]
3711,61.908,True,c5_radio,0.8848974704742432,0.9949,red,272,True,driver_roi,[]
3712,61.924,True,c5_radio,0.877082884311676,0.9951,red,273,True,driver_roi,[]
3713,61.941,True,c5_radio,0.877082884311676,0.9951,red,273,True,driver_roi,[]
3714,61.958,True,c5_radio,0.8770415782928467,0.9953,red,274,True,driver_roi,[]
3715,61.974,True,c5_radio,0.8770415782928467,0.9953,red,274,True,driver_roi,[]
3716,61.991,True,c5_radio,0.8749632239341736,0.9956,red,275,True,driver_roi,[]
3717,62.008,True,c5_radio,0.8749632239341736,0.9956,red,275,True,driver_roi,[]
3718,62.024,True,c5_radio,0.8699880242347717,0.9958,red,276,True,driver_roi,[]
3719,62.041,True,c5_radio,0.8699880242347717,0.9958,red,276,True,driver_roi,[]
3720,62.058,True,c5_radio,0.8580610752105713,0.996,red,277,True,driver_roi,[]
3721,62.075,True,c5_radio,0.8580610752105713,0.996,red,277,True,driver_roi,[]
3722,62.091,True,c5_radio,0.84471195936203,0.9961,red,278,True,driver_roi,[]
3723,62.108,True,c5_radio,0.84471195936203,0.9961,red,278,True,driver_roi,[]
3724,62.125,True,c5_radio,0.8164408802986145,0.9963,red,279,True,driver_roi,[]
3725,62.141,True,c5_radio,0.8164408802986145,0.9963,red,279,True,driver_roi,[]
3726,62.158,True,c5_radio,0.8019769787788391,0.9963,red,280,True,driver_roi,[]
3727,62.175,True,c5_radio,0.8019769787788391,0.9963,red,280,True,driver_roi,[]
3728,62.191,True,c5_radio,0.7753328680992126,0.9964,red,279,True,driver_roi,[]
3729,62.208,True,c5_radio,0.7753328680992126,0.9964,red,279,True,driver_roi,[]
3730,62.225,True,c5_radio,0.7461303472518921,0.9966,red,278,True,driver_roi,[]
3731,62.241,True,c5_radio,0.7461303472518921,0.9966,red,278,True,driver_roi,[]
3732,62.258,True,c5_radio,0.7159592509269714,0.9968,red,277,True,driver_roi,[]
3733,62.275,True,c5_radio,0.7159592509269714,0.9968,red,277,True,driver_roi,[]
3734,62.291,True,c5_radio,0.6872128248214722,0.9969,red,276,True,driver_roi,[]
3735,62.308,True,c5_radio,0.6872128248214722,0.9969,red,276,True,driver_roi,[]
3736,62.325,True,c5_radio,0.6744009256362915,0.9971,red,275,True,driver_roi,[]
3737,62.341,True,c5_radio,0.6744009256362915,0.9971,red,275,True,driver_roi,[]
3738,62.358,True,c5_radio,0.6577697396278381,0.9974,red,274,True,driver_roi,[]
3739,62.375,True,c5_radio,0.6577697396278381,0.9974,red,274,True,driver_roi,[]
3740,62.391,True,c5_radio,0.632103681564331,0.9976,red,273,True,driver_roi,[]
3741,62.408,True,c5_radio,0.632103681564331,0.9976,red,273,True,driver_roi,[]
3742,62.425,True,c5_radio,0.6124147176742554,0.9979,red,272,True,driver_roi,[]
3743,62.442,True,c5_radio,0.6124147176742554,0.9979,red,272,True,driver_roi,[]
3744,62.458,True,c5_radio,0.5955303311347961,0.9982,red,271,True,driver_roi,[]
3745,62.475,True,c5_radio,0.5955303311347961,0.9982,red,271,True,driver_roi,[]
3746,62.492,True,c5_radio,0.5755289196968079,0.9985,red,270,True,driver_roi,[]
3747,62.508,True,c5_radio,0.5755289196968079,0.9985,red,270,True,driver_roi,[]
3748,62.525,True,c5_radio,0.5512786507606506,0.9988,red,269,True,driver_roi,[]
3749,62.542,True,c5_radio,0.5512786507606506,0.9988,red,269,True,driver_roi,[]
3750,62.558,True,c5_radio,0.5228756070137024,0.9989,red,268,True,driver_roi,[]
3751,62.575,True,c5_radio,0.5228756070137024,0.9989,red,268,True,driver_roi,[]
3752,62.592,True,c5_radio,0.49512606859207153,0.9991,red,267,True,driver_roi,[]
3753,62.608,True,c5_radio,0.49512606859207153,0.9991,red,267,True,driver_roi,[]
3754,62.625,True,c5_radio,0.46916162967681885,0.9993,red,266,True,driver_roi,[]
3755,62.642,True,c5_radio,0.46916162967681885,0.9993,red,266,True,driver_roi,[]
3756,62.658,True,c5_radio,0.43987974524497986,0.9994,red,265,True,driver_roi,[]
3757,62.675,True,c5_radio,0.43987974524497986,0.9994,red,265,True,driver_roi,[]
3758,62.692,True,c5_radio,0.41206467151641846,0.9995,red,264,True,driver_roi,[]
3759,62.708,True,c5_radio,0.41206467151641846,0.9995,red,264,True,driver_roi,[]
3760,62.725,True,c5_radio,0.3831067383289337,0.9996,red,263,True,driver_roi,[]
3761,62.742,True,c5_radio,0.3831067383289337,0.9996,red,263,True,driver_roi,[]
3762,62.758,True,c5_radio,0.35472720861434937,0.9996,red,262,True,driver_roi,[]
3763,62.775,True,c5_radio,0.35472720861434937,0.9996,red,262,True,driver_roi,[]
3764,62.792,True,c9_talking,0.3347688913345337,0.9997,red,261,True,driver_roi,[]
3765,62.809,True,c9_talking,0.3347688913345337,0.9997,red,261,True,driver_roi,[]
3766,62.825,True,c9_talking,0.34489813446998596,0.9997,red,260,True,driver_roi,[]
3767,62.842,True,c9_talking,0.34489813446998596,0.9997,red,260,True,driver_roi,[]
3768,62.859,True,c9_talking,0.3468945324420929,0.9997,red,259,True,driver_roi,[]
3769,62.875,True,c9_talking,0.3468945324420929,0.9997,red,259,True,driver_roi,[]
3770,62.892,True,c9_talking,0.3422131836414337,0.9997,red,258,True,driver_roi,[]
3771,62.909,True,c9_talking,0.3422131836414337,0.9997,red,258,True,driver_roi,[]
3772,62.925,True,c9_talking,0.3384190499782562,0.9997,red,257,True,driver_roi,[]
3773,62.942,True,c9_talking,0.3384190499782562,0.9997,red,257,True,driver_roi,[]
3774,62.959,True,c9_talking,0.3434929847717285,0.9998,red,256,True,driver_roi,[]
3775,62.975,True,c9_talking,0.3434929847717285,0.9998,red,256,True,driver_roi,[]
3776,62.992,True,c9_talking,0.3433617353439331,0.9998,red,255,True,driver_roi,[]
3777,63.009,True,c9_talking,0.3433617353439331,0.9998,red,255,True,driver_roi,[]
3778,63.025,True,c9_talking,0.3407161831855774,0.9998,red,254,True,driver_roi,[]
3779,63.042,True,c9_talking,0.3407161831855774,0.9998,red,254,True,driver_roi,[]
3780,63.059,True,c9_talking,0.3435613214969635,0.9998,red,253,True,driver_roi,[]
3781,63.075,True,c9_talking,0.3435613214969635,0.9998,red,253,True,driver_roi,[]
3782,63.092,True,c9_talking,0.34650272130966187,0.9998,red,252,True,driver_roi,[]
3783,63.109,True,c9_talking,0.34650272130966187,0.9998,red,252,True,driver_roi,[]
3784,63.125,True,c9_talking,0.34883302450180054,0.9998,red,251,True,driver_roi,[]
3785,63.142,True,c9_talking,0.34883302450180054,0.9998,red,251,True,driver_roi,[]
3786,63.159,True,c9_talking,0.3506271243095398,0.9998,red,250,True,driver_roi,[]
3787,63.176,True,c9_talking,0.3506271243095398,0.9998,red,250,True,driver_roi,[]
3788,63.192,True,c9_talking,0.3534693717956543,0.9998,red,249,True,driver_roi,[]
3789,63.209,True,c9_talking,0.3534693717956543,0.9998,red,249,True,driver_roi,[]
3790,63.226,True,c9_talking,0.35875430703163147,0.9998,red,248,True,driver_roi,[]
3791,63.242,True,c9_talking,0.35875430703163147,0.9998,red,248,True,driver_roi,[]
3792,63.259,True,c9_talking,0.3649061322212219,0.9998,red,247,True,driver_roi,[]
3793,63.276,True,c9_talking,0.3649061322212219,0.9998,red,247,True,driver_roi,[]
3794,63.292,True,c9_talking,0.37282508611679077,0.9998,red,246,True,driver_roi,[]
3795,63.309,True,c9_talking,0.37282508611679077,0.9998,red,246,True,driver_roi,[]
3796,63.326,True,c9_talking,0.377681702375412,0.9998,red,245,True,driver_roi,[]
3797,63.342,True,c9_talking,0.377681702375412,0.9998,red,245,True,driver_roi,[]
3798,63.359,True,c9_talking,0.3813461661338806,0.9998,red,244,True,driver_roi,[]
3799,63.376,True,c9_talking,0.3813461661338806,0.9998,red,244,True,driver_roi,[]
3800,63.392,True,c9_talking,0.38634249567985535,0.9998,red,243,True,driver_roi,[]
3801,63.409,True,c9_talking,0.38634249567985535,0.9998,red,243,True,driver_roi,[]
3802,63.426,True,c9_talking,0.3796039819717407,0.9998,red,242,True,driver_roi,[]
3803,63.442,True,c9_talking,0.3796039819717407,0.9998,red,242,True,driver_roi,[]
3804,63.459,True,c9_talking,0.3721325993537903,0.9998,red,241,True,driver_roi,[]
3805,63.476,True,c9_talking,0.3721325993537903,0.9998,red,241,True,driver_roi,[]
3806,63.492,True,c8_makeup,0.3701806962490082,0.9999,red,240,True,driver_roi,[]
3807,63.509,True,c8_makeup,0.3701806962490082,0.9999,red,240,True,driver_roi,[]
3808,63.526,True,c8_makeup,0.3810696601867676,0.9998,red,239,True,driver_roi,[]
3809,63.543,True,c8_makeup,0.3810696601867676,0.9998,red,239,True,driver_roi,[]
3810,63.559,True,c8_makeup,0.3890174627304077,0.9998,red,238,True,driver_roi,[]
3811,63.576,True,c8_makeup,0.3890174627304077,0.9998,red,238,True,driver_roi,[]
3812,63.593,True,c8_makeup,0.39696604013442993,0.9998,red,237,True,driver_roi,[]
3813,63.609,True,c8_makeup,0.39696604013442993,0.9998,red,237,True,driver_roi,[]
3814,63.626,True,c8_makeup,0.4054170846939087,0.9998,red,236,True,driver_roi,[]
3815,63.643,True,c8_makeup,0.4054170846939087,0.9998,red,236,True,driver_roi,[]
3816,63.659,True,c8_makeup,0.4133857488632202,0.9998,red,235,True,driver_roi,[]
3817,63.676,True,c8_makeup,0.4133857488632202,0.9998,red,235,True,driver_roi,[]
3818,63.693,True,c8_makeup,0.4161928594112396,0.9998,red,234,True,driver_roi,[]
3819,63.709,True,c8_makeup,0.4161928594112396,0.9998,red,234,True,driver_roi,[]
3820,63.726,True,c8_makeup,0.41552862524986267,0.9998,red,233,True,driver_roi,[]
3821,63.743,True,c8_makeup,0.41552862524986267,0.9998,red,233,True,driver_roi,[]
3822,63.759,True,c8_makeup,0.4113789498806,0.9998,red,232,True,driver_roi,[]
3823,63.776,True,c8_makeup,0.4113789498806,0.9998,red,232,True,driver_roi,[]
3824,63.793,True,c8_makeup,0.40263959765434265,0.9998,red,231,True,driver_roi,[]
3825,63.809,True,c8_makeup,0.40263959765434265,0.9998,red,231,True,driver_roi,[]
3826,63.826,True,c8_makeup,0.392013281583786,0.9998,red,230,True,driver_roi,[]
3827,63.843,True,c8_makeup,0.392013281583786,0.9998,red,230,True,driver_roi,[]
3828,63.86,True,c8_makeup,0.3764525055885315,0.9998,red,229,True,driver_roi,[]
3829,63.876,True,c8_makeup,0.3764525055885315,0.9998,red,229,True,driver_roi,[]
3830,63.893,True,c8_makeup,0.3630719780921936,0.9998,red,228,True,driver_roi,[]
3831,63.91,True,c8_makeup,0.3630719780921936,0.9998,red,228,True,driver_roi,[]
3832,63.926,True,c8_makeup,0.34787628054618835,0.9998,red,227,True,driver_roi,[]
3833,63.943,True,c8_makeup,0.34787628054618835,0.9998,red,227,True,driver_roi,[]
3834,63.96,True,c8_makeup,0.33730459213256836,0.9998,red,226,True,driver_roi,[]
3835,63.976,True,c8_makeup,0.33730459213256836,0.9998,red,226,True,driver_roi,[]
3836,63.993,True,c8_makeup,0.32808247208595276,0.9998,red,225,True,driver_roi,[]
3837,64.01,True,c8_makeup,0.32808247208595276,0.9998,red,225,True,driver_roi,[]
3838,64.026,True,c8_makeup,0.32036688923835754,0.9998,red,224,True,driver_roi,[]
3839,64.043,True,c8_makeup,0.32036688923835754,0.9998,red,224,True,driver_roi,[]
3840,64.06,True,c8_makeup,0.3155781030654907,0.9998,red,223,True,driver_roi,[]
3841,64.076,True,c8_makeup,0.3155781030654907,0.9998,red,223,True,driver_roi,[]
3842,64.093,True,c8_makeup,0.30974045395851135,0.9998,red,222,True,driver_roi,[]
3843,64.11,True,c8_makeup,0.30974045395851135,0.9998,red,222,True,driver_roi,[]
3844,64.126,True,c8_makeup,0.30256184935569763,0.9998,red,221,True,driver_roi,[]
3845,64.143,True,c8_makeup,0.30256184935569763,0.9998,red,221,True,driver_roi,[]
3846,64.16,True,c8_makeup,0.28934207558631897,0.9998,red,220,True,driver_roi,[]
3847,64.176,True,c8_makeup,0.28934207558631897,0.9998,red,220,True,driver_roi,[]
3848,64.193,True,c7_reaching,0.2835904061794281,0.9998,red,219,True,driver_roi,[]
3849,64.21,True,c7_reaching,0.2835904061794281,0.9998,red,219,True,driver_roi,[]
3850,64.227,True,c7_reaching,0.2868407964706421,0.9998,red,218,True,driver_roi,[]
3851,64.243,True,c7_reaching,0.2868407964706421,0.9998,red,218,True,driver_roi,[]
3852,64.26,True,c7_reaching,0.2919280230998993,0.9998,red,217,True,driver_roi,[]
3853,64.277,True,c7_reaching,0.2919280230998993,0.9998,red,217,True,driver_roi,[]
3854,64.293,True,c7_reaching,0.29413044452667236,0.9998,red,216,True,driver_roi,[]
3855,64.31,True,c7_reaching,0.29413044452667236,0.9998,red,216,True,driver_roi,[]
3856,64.327,True,c7_reaching,0.2942184507846832,0.9998,red,215,True,driver_roi,[]
3857,64.343,True,c7_reaching,0.2942184507846832,0.9998,red,215,True,driver_roi,[]
3858,64.36,True,c7_reaching,0.2954447567462921,0.9998,red,214,True,driver_roi,[]
3859,64.377,True,c7_reaching,0.2954447567462921,0.9998,red,214,True,driver_roi,[]
3860,64.393,True,c7_reaching,0.2978729009628296,0.9998,red,213,True,driver_roi,[]
3861,64.41,True,c7_reaching,0.2978729009628296,0.9998,red,213,True,driver_roi,[]
3862,64.427,True,c7_reaching,0.3000607490539551,0.9998,red,212,True,driver_roi,[]
3863,64.443,True,c7_reaching,0.3000607490539551,0.9998,red,212,True,driver_roi,[]
3864,64.46,True,c7_reaching,0.29973354935646057,0.9998,red,211,True,driver_roi,[]
3865,64.477,True,c7_reaching,0.29973354935646057,0.9998,red,211,True,driver_roi,[]
3866,64.493,True,c7_reaching,0.30012691020965576,0.9998,red,210,True,driver_roi,[]
3867,64.51,True,c7_reaching,0.30012691020965576,0.9998,red,210,True,driver_roi,[]
3868,64.527,True,c7_reaching,0.2996504008769989,0.9998,red,209,True,driver_roi,[]
3869,64.543,True,c7_reaching,0.2996504008769989,0.9998,red,209,True,driver_roi,[]
3870,64.56,True,c7_reaching,0.29669350385665894,0.9998,red,208,True,driver_roi,[]
3871,64.577,True,c7_reaching,0.29669350385665894,0.9998,red,208,True,driver_roi,[]
3872,64.594,True,c7_reaching,0.29384538531303406,0.9998,red,207,True,driver_roi,[]
3873,64.61,True,c7_reaching,0.29384538531303406,0.9998,red,207,True,driver_roi,[]
3874,64.627,True,c7_reaching,0.2867874205112457,0.9998,red,206,True,driver_roi,[]
3875,64.644,True,c7_reaching,0.2867874205112457,0.9998,red,206,True,driver_roi,[]
3876,64.66,True,c7_reaching,0.2836599349975586,0.9998,red,205,True,driver_roi,[]
3877,64.677,True,c7_reaching,0.2836599349975586,0.9998,red,205,True,driver_roi,[]
3878,64.694,True,c9_talking,0.2854694426059723,0.9998,red,204,True,driver_roi,[]
3879,64.71,True,c9_talking,0.2854694426059723,0.9998,red,204,True,driver_roi,[]
3880,64.727,True,c9_talking,0.29177433252334595,0.9998,red,203,True,driver_roi,[]
3881,64.744,True,c9_talking,0.29177433252334595,0.9998,red,203,True,driver_roi,[]
3882,64.76,True,c9_talking,0.2939724028110504,0.9998,red,202,True,driver_roi,[]
3883,64.777,True,c9_talking,0.2939724028110504,0.9998,red,202,True,driver_roi,[]
3884,64.794,True,c9_talking,0.31054672598838806,0.9998,red,201,True,driver_roi,[]
3885,64.81,True,c9_talking,0.31054672598838806,0.9998,red,201,True,driver_roi,[]
3886,64.827,True,c9_talking,0.3294183611869812,0.9998,red,200,True,driver_roi,[]
3887,64.844,True,c9_talking,0.3294183611869812,0.9998,red,200,True,driver_roi,[]
3888,64.86,True,c9_talking,0.35365724563598633,0.9998,red,199,True,driver_roi,[]
3889,64.877,True,c9_talking,0.35365724563598633,0.9998,red,199,True,driver_roi,[]
3890,64.894,True,c9_talking,0.38118311762809753,0.9998,red,198,True,driver_roi,[]
3891,64.91,True,c9_talking,0.38118311762809753,0.9998,red,198,True,driver_roi,[]
3892,64.927,True,c9_talking,0.40759697556495667,0.9998,red,197,True,driver_roi,[]
3893,64.944,True,c9_talking,0.40759697556495667,0.9998,red,197,True,driver_roi,[]
3894,64.961,True,c9_talking,0.43457040190696716,0.9998,red,196,True,driver_roi,[]
3895,64.977,True,c9_talking,0.43457040190696716,0.9998,red,196,True,driver_roi,[]
3896,64.994,True,c9_talking,0.4593920409679413,0.9998,red,195,True,driver_roi,[]
3897,65.011,True,c9_talking,0.4593920409679413,0.9998,red,195,True,driver_roi,[]
3898,65.027,True,c9_talking,0.48395732045173645,0.9999,red,194,True,driver_roi,[]
3899,65.044,True,c9_talking,0.48395732045173645,0.9999,red,194,True,driver_roi,[]
3900,65.061,True,c9_talking,0.5086374282836914,0.9999,red,193,True,driver_roi,[]
3901,65.077,True,c9_talking,0.5086374282836914,0.9999,red,193,True,driver_roi,[]
3902,65.094,True,c9_talking,0.52945876121521,0.9999,red,192,True,driver_roi,[]
3903,65.111,True,c9_talking,0.52945876121521,0.9999,red,192,True,driver_roi,[]
3904,65.127,True,c9_talking,0.549062967300415,0.9999,red,191,True,driver_roi,[]
3905,65.144,True,c9_talking,0.549062967300415,0.9999,red,191,True,driver_roi,[]
3906,65.161,True,c9_talking,0.5707778334617615,0.9999,red,190,True,driver_roi,[]
3907,65.177,True,c9_talking,0.5707778334617615,0.9999,red,190,True,driver_roi,[]
3908,65.194,True,c9_talking,0.5912157893180847,0.9999,red,189,True,driver_roi,[]
3909,65.211,True,c9_talking,0.5912157893180847,0.9999,red,189,True,driver_roi,[]
3910,65.227,True,c9_talking,0.6112619042396545,0.9998,red,188,True,driver_roi,[]
3911,65.244,True,c9_talking,0.6112619042396545,0.9998,red,188,True,driver_roi,[]
3912,65.261,True,c9_talking,0.623741090297699,0.9998,red,187,True,driver_roi,[]
3913,65.277,True,c9_talking,0.623741090297699,0.9998,red,187,True,driver_roi,[]
3914,65.294,True,c9_talking,0.6319403052330017,0.9998,red,186,True,driver_roi,[]
3915,65.311,True,c9_talking,0.6319403052330017,0.9998,red,186,True,driver_roi,[]
3916,65.328,True,c9_talking,0.6287274956703186,0.9998,red,185,True,driver_roi,[]
3917,65.344,True,c9_talking,0.6287274956703186,0.9998,red,185,True,driver_roi,[]
3918,65.361,True,c9_talking,0.6224166750907898,0.9998,red,184,True,driver_roi,[]
3919,65.378,True,c9_talking,0.6224166750907898,0.9998,red,184,True,driver_roi,[]
3920,65.394,True,c9_talking,0.6323364973068237,0.9997,red,183,True,driver_roi,[]
3921,65.411,True,c9_talking,0.6323364973068237,0.9997,red,183,True,driver_roi,[]
3922,65.428,True,c9_talking,0.6288570165634155,0.9997,red,182,True,driver_roi,[]
3923,65.444,True,c9_talking,0.6288570165634155,0.9997,red,182,True,driver_roi,[]
3924,65.461,True,c9_talking,0.6209844946861267,0.9997,red,181,True,driver_roi,[]
3925,65.478,True,c9_talking,0.6209844946861267,0.9997,red,181,True,driver_roi,[]
3926,65.494,True,c9_talking,0.6136284470558167,0.9997,red,180,True,driver_roi,[]
3927,65.511,True,c9_talking,0.6136284470558167,0.9997,red,180,True,driver_roi,[]
3928,65.528,True,c9_talking,0.6009620428085327,0.9997,red,179,True,driver_roi,[]
3929,65.544,True,c9_talking,0.6009620428085327,0.9997,red,179,True,driver_roi,[]
3930,65.561,True,c9_talking,0.58678138256073,0.9997,red,178,True,driver_roi,[]
3931,65.578,True,c9_talking,0.58678138256073,0.9997,red,178,True,driver_roi,[]
3932,65.594,True,c9_talking,0.5751093029975891,0.9997,red,177,True,driver_roi,[]
3933,65.611,True,c9_talking,0.5751093029975891,0.9997,red,177,True,driver_roi,[]
3934,65.628,True,c9_talking,0.5730171799659729,0.9997,red,176,True,driver_roi,[]
3935,65.645,True,c9_talking,0.5730171799659729,0.9997,red,176,True,driver_roi,[]
3936,65.661,True,c9_talking,0.563599705696106,0.9996,red,175,True,driver_roi,[]
3937,65.678,True,c9_talking,0.563599705696106,0.9996,red,175,True,driver_roi,[]
3938,65.695,True,c9_talking,0.558069109916687,0.9995,red,174,True,driver_roi,[]
3939,65.711,True,c9_talking,0.558069109916687,0.9995,red,174,True,driver_roi,[]
3940,65.728,True,c9_talking,0.5455664396286011,0.9994,red,173,True,driver_roi,[]
3941,65.745,True,c9_talking,0.5455664396286011,0.9994,red,173,True,driver_roi,[]
3942,65.761,True,c9_talking,0.5355136394500732,0.9993,red,172,True,driver_roi,[]
3943,65.778,True,c9_talking,0.5355136394500732,0.9993,red,172,True,driver_roi,[]
3944,65.795,True,c9_talking,0.5104798674583435,0.9993,red,171,True,driver_roi,[]
3945,65.811,True,c9_talking,0.5104798674583435,0.9993,red,171,True,driver_roi,[]
3946,65.828,True,c9_talking,0.4841470718383789,0.9992,red,170,True,driver_roi,[]
3947,65.845,True,c9_talking,0.4841470718383789,0.9992,red,170,True,driver_roi,[]
3948,65.861,True,c9_talking,0.4537029564380646,0.9992,red,169,True,driver_roi,[]
3949,65.878,True,c9_talking,0.4537029564380646,0.9992,red,169,True,driver_roi,[]
3950,65.895,True,c9_talking,0.4217981696128845,0.9992,red,168,True,driver_roi,[]
3951,65.911,True,c9_talking,0.4217981696128845,0.9992,red,168,True,driver_roi,[]
3952,65.928,True,c9_talking,0.3901608884334564,0.9991,red,167,True,driver_roi,[]
3953,65.945,True,c9_talking,0.3901608884334564,0.9991,red,167,True,driver_roi,[]
3954,65.961,True,c9_talking,0.3577802777290344,0.9991,red,166,True,driver_roi,[]
3955,65.978,True,c9_talking,0.3577802777290344,0.9991,red,166,True,driver_roi,[]
3956,65.995,True,c9_talking,0.3260103762149811,0.9991,red,165,True,driver_roi,[]
3957,66.012,True,c9_talking,0.3260103762149811,0.9991,red,165,True,driver_roi,[]
3958,66.028,True,c8_makeup,0.3009107708930969,0.9991,red,164,True,driver_roi,[]
3959,66.045,True,c8_makeup,0.3009107708930969,0.9991,red,164,True,driver_roi,[]
3960,66.062,True,c8_makeup,0.3187052309513092,0.9991,red,163,True,driver_roi,[]
3961,66.078,True,c8_makeup,0.3187052309513092,0.9991,red,163,True,driver_roi,[]
3962,66.095,True,c8_makeup,0.3358861804008484,0.9991,red,162,True,driver_roi,[]
3963,66.112,True,c8_makeup,0.3358861804008484,0.9991,red,162,True,driver_roi,[]
3964,66.128,True,c8_makeup,0.3492867350578308,0.999,red,161,True,driver_roi,[]
3965,66.145,True,c8_makeup,0.3492867350578308,0.999,red,161,True,driver_roi,[]
3966,66.162,True,c8_makeup,0.36339977383613586,0.999,red,160,True,driver_roi,[]
3967,66.178,True,c8_makeup,0.36339977383613586,0.999,red,160,True,driver_roi,[]
3968,66.195,True,c8_makeup,0.38086065649986267,0.999,red,159,True,driver_roi,[]
3969,66.212,True,c8_makeup,0.38086065649986267,0.999,red,159,True,driver_roi,[]
3970,66.228,True,c8_makeup,0.3989071846008301,0.999,red,158,True,driver_roi,[]
3971,66.245,True,c8_makeup,0.3989071846008301,0.999,red,158,True,driver_roi,[]
3972,66.262,True,c8_makeup,0.41272661089897156,0.999,red,157,True,driver_roi,[]
3973,66.278,True,c8_makeup,0.41272661089897156,0.999,red,157,True,driver_roi,[]
3974,66.295,True,c8_makeup,0.42085614800453186,0.9989,red,156,True,driver_roi,[]
3975,66.312,True,c8_makeup,0.42085614800453186,0.9989,red,156,True,driver_roi,[]
3976,66.328,True,c8_makeup,0.4190554618835449,0.9989,red,155,True,driver_roi,[]
3977,66.345,True,c8_makeup,0.4190554618835449,0.9989,red,155,True,driver_roi,[]
3978,66.362,True,c8_makeup,0.4139050543308258,0.9989,red,154,True,driver_roi,[]
3979,66.379,True,c8_makeup,0.4139050543308258,0.9989,red,154,True,driver_roi,[]
3980,66.395,True,c8_makeup,0.4280063509941101,0.9989,red,153,True,driver_roi,[]
3981,66.412,True,c8_makeup,0.4280063509941101,0.9989,red,153,True,driver_roi,[]
3982,66.429,True,c8_makeup,0.43053489923477173,0.9989,red,152,True,driver_roi,[]
3983,66.445,True,c8_makeup,0.43053489923477173,0.9989,red,152,True,driver_roi,[]
3984,66.462,True,c8_makeup,0.435461163520813,0.9988,red,151,True,driver_roi,[]
3985,66.479,True,c8_makeup,0.435461163520813,0.9988,red,151,True,driver_roi,[]
3986,66.495,True,c8_makeup,0.4319009780883789,0.9987,red,150,True,driver_roi,[]
3987,66.512,True,c8_makeup,0.4319009780883789,0.9987,red,150,True,driver_roi,[]
3988,66.529,True,c5_radio,0.4253714382648468,0.9987,red,149,True,driver_roi,[]
3989,66.545,True,c5_radio,0.4253714382648468,0.9987,red,149,True,driver_roi,[]
3990,66.562,True,c5_radio,0.43002158403396606,0.9987,red,148,True,driver_roi,[]
3991,66.579,True,c5_radio,0.43002158403396606,0.9987,red,148,True,driver_roi,[]
3992,66.595,True,c5_radio,0.4342859089374542,0.9987,red,147,True,driver_roi,[]
3993,66.612,True,c5_radio,0.4342859089374542,0.9987,red,147,True,driver_roi,[]
3994,66.629,True,c8_makeup,0.45042458176612854,0.9987,red,146,True,driver_roi,[]
3995,66.645,True,c8_makeup,0.45042458176612854,0.9987,red,146,True,driver_roi,[]
3996,66.662,True,c8_makeup,0.4756746292114258,0.9988,red,145,True,driver_roi,[]
3997,66.679,True,c8_makeup,0.4756746292114258,0.9988,red,145,True,driver_roi,[]
3998,66.695,True,c8_makeup,0.48018625378608704,0.9988,red,144,True,driver_roi,[]
3999,66.712,True,c8_makeup,0.48018625378608704,0.9988,red,144,True,driver_roi,[]
4000,66.729,True,c8_makeup,0.47866886854171753,0.9989,red,143,True,driver_roi,[]
4001,66.746,True,c8_makeup,0.47866886854171753,0.9989,red,143,True,driver_roi,[]
4002,66.762,True,c8_makeup,0.4770297706127167,0.999,red,142,True,driver_roi,[]
4003,66.779,True,c8_makeup,0.4770297706127167,0.999,red,142,True,driver_roi,[]
4004,66.796,True,c8_makeup,0.4769212305545807,0.9991,red,141,True,driver_roi,[]
4005,66.812,True,c8_makeup,0.4769212305545807,0.9991,red,141,True,driver_roi,[]
4006,66.829,True,c8_makeup,0.475580632686615,0.9991,red,140,True,driver_roi,[]
4007,66.846,True,c8_makeup,0.475580632686615,0.9991,red,140,True,driver_roi,[]
4008,66.862,True,c5_radio,0.47398748993873596,0.9991,red,139,True,driver_roi,[]
4009,66.879,True,c5_radio,0.47398748993873596,0.9991,red,139,True,driver_roi,[]
4010,66.896,True,c5_radio,0.4854670464992523,0.9991,red,138,True,driver_roi,[]
4011,66.912,True,c5_radio,0.4854670464992523,0.9991,red,138,True,driver_roi,[]
4012,66.929,True,c5_radio,0.4964013695716858,0.9991,red,137,True,driver_roi,[]
4013,66.946,True,c5_radio,0.4964013695716858,0.9991,red,137,True,driver_roi,[]
4014,66.962,True,c5_radio,0.5051884055137634,0.9989,red,136,True,driver_roi,[]
4015,66.979,True,c5_radio,0.5051884055137634,0.9989,red,136,True,driver_roi,[]
4016,66.996,True,c5_radio,0.5019810199737549,0.9983,red,135,True,driver_roi,[]
4017,67.012,True,c5_radio,0.5019810199737549,0.9983,red,135,True,driver_roi,[]
4018,67.029,True,c5_radio,0.503186047077179,0.9973,red,134,True,driver_roi,[]
4019,67.046,True,c5_radio,0.503186047077179,0.9973,red,134,True,driver_roi,[]
4020,67.062,True,c5_radio,0.5000873804092407,0.9963,red,133,True,driver_roi,[]
4021,67.079,True,c5_radio,0.5000873804092407,0.9963,red,133,True,driver_roi,[]
4022,67.096,True,c5_radio,0.4950782060623169,0.9949,red,132,True,driver_roi,[]
4023,67.113,True,c5_radio,0.4950782060623169,0.9949,red,132,True,driver_roi,[]
4024,67.129,True,c5_radio,0.4952370226383209,0.9937,red,131,True,driver_roi,[]
4025,67.146,True,c5_radio,0.4952370226383209,0.9937,red,131,True,driver_roi,[]
4026,67.163,True,c5_radio,0.5056869983673096,0.9934,red,130,True,driver_roi,[]
4027,67.179,True,c5_radio,0.5056869983673096,0.9934,red,130,True,driver_roi,[]
4028,67.196,True,c5_radio,0.516912579536438,0.993,red,129,True,driver_roi,[]
4029,67.213,True,c5_radio,0.516912579536438,0.993,red,129,True,driver_roi,[]
4030,67.229,True,c5_radio,0.5295316576957703,0.9928,red,128,True,driver_roi,[]
4031,67.246,True,c5_radio,0.5295316576957703,0.9928,red,128,True,driver_roi,[]
4032,67.263,True,c5_radio,0.5458449125289917,0.9926,red,127,True,driver_roi,[]
4033,67.279,True,c5_radio,0.5458449125289917,0.9926,red,127,True,driver_roi,[]
4034,67.296,True,c5_radio,0.561915934085846,0.9925,red,126,True,driver_roi,[]
4035,67.313,True,c5_radio,0.561915934085846,0.9925,red,126,True,driver_roi,[]
4036,67.329,True,c5_radio,0.5713072419166565,0.9923,red,125,True,driver_roi,[]
4037,67.346,True,c5_radio,0.5713072419166565,0.9923,red,125,True,driver_roi,[]
4038,67.363,True,c5_radio,0.5831350088119507,0.992,red,124,True,driver_roi,[]
4039,67.379,True,c5_radio,0.5831350088119507,0.992,red,124,True,driver_roi,[]
4040,67.396,True,c5_radio,0.5965931415557861,0.9919,red,123,True,driver_roi,[]
4041,67.413,True,c5_radio,0.5965931415557861,0.9919,red,123,True,driver_roi,[]
4042,67.429,True,c5_radio,0.6097312569618225,0.9917,red,122,True,driver_roi,[]
4043,67.446,True,c5_radio,0.6097312569618225,0.9917,red,122,True,driver_roi,[]
4044,67.463,True,c5_radio,0.6183081269264221,0.9916,red,121,True,driver_roi,[]
4045,67.48,True,c5_radio,0.6183081269264221,0.9916,red,121,True,driver_roi,[]
4046,67.496,True,c5_radio,0.6249638795852661,0.9911,red,120,True,driver_roi,[]
4047,67.513,True,c5_radio,0.6249638795852661,0.9911,red,120,True,driver_roi,[]
4048,67.53,True,c5_radio,0.6284496784210205,0.99,red,119,True,driver_roi,[]
4049,67.546,True,c5_radio,0.6284496784210205,0.99,red,119,True,driver_roi,[]
4050,67.563,True,c5_radio,0.6367906928062439,0.9892,red,118,True,driver_roi,[]
4051,67.58,True,c5_radio,0.6367906928062439,0.9892,red,118,True,driver_roi,[]
4052,67.596,True,c5_radio,0.641823947429657,0.9885,red,117,True,driver_roi,[]
4053,67.613,True,c5_radio,0.641823947429657,0.9885,red,117,True,driver_roi,[]
4054,67.63,True,c5_radio,0.6472026705741882,0.9877,red,116,True,driver_roi,[]
4055,67.646,True,c5_radio,0.6472026705741882,0.9877,red,116,True,driver_roi,[]
4056,67.663,True,c5_radio,0.654273271560669,0.987,red,115,True,driver_roi,[]
4057,67.68,True,c5_radio,0.654273271560669,0.987,red,115,True,driver_roi,[]
4058,67.696,True,c5_radio,0.6423483490943909,0.9864,red,114,True,driver_roi,[]
4059,67.713,True,c5_radio,0.6423483490943909,0.9864,red,114,True,driver_roi,[]
4060,67.73,True,c5_radio,0.625313401222229,0.9854,red,113,True,driver_roi,[]
4061,67.746,True,c5_radio,0.625313401222229,0.9854,red,113,True,driver_roi,[]
4062,67.763,True,c5_radio,0.6013787984848022,0.9844,red,112,True,driver_roi,[]
4063,67.78,True,c5_radio,0.6013787984848022,0.9844,red,112,True,driver_roi,[]
4064,67.797,True,c5_radio,0.5763631463050842,0.9835,red,111,True,driver_roi,[]
4065,67.813,True,c5_radio,0.5763631463050842,0.9835,red,111,True,driver_roi,[]
4066,67.83,True,c5_radio,0.5508121252059937,0.9827,red,110,True,driver_roi,[]
4067,67.847,True,c5_radio,0.5508121252059937,0.9827,red,110,True,driver_roi,[]
4068,67.863,True,c5_radio,0.5266088843345642,0.9819,red,109,True,driver_roi,[]
4069,67.88,True,c5_radio,0.5266088843345642,0.9819,red,109,True,driver_roi,[]
4070,67.897,True,c5_radio,0.4989672005176544,0.9812,red,108,True,driver_roi,[]
4071,67.913,True,c5_radio,0.4989672005176544,0.9812,red,108,True,driver_roi,[]
4072,67.93,True,c5_radio,0.47545763850212097,0.9803,red,107,True,driver_roi,[]
4073,67.947,True,c5_radio,0.47545763850212097,0.9803,red,107,True,driver_roi,[]
4074,67.963,True,c9_talking,0.47054317593574524,0.9795,red,106,True,driver_roi,[]
4075,67.98,True,c9_talking,0.47054317593574524,0.9795,red,106,True,driver_roi,[]
4076,67.997,True,c9_talking,0.4862889051437378,0.9794,red,105,True,driver_roi,[]
4077,68.013,True,c9_talking,0.4862889051437378,0.9794,red,105,True,driver_roi,[]
4078,68.03,True,c9_talking,0.5031294226646423,0.9801,red,104,True,driver_roi,[]
4079,68.047,True,c9_talking,0.5031294226646423,0.9801,red,104,True,driver_roi,[]
4080,68.063,True,c9_talking,0.5133925676345825,0.9806,red,103,True,driver_roi,[]
4081,68.08,True,c9_talking,0.5133925676345825,0.9806,red,103,True,driver_roi,[]
4082,68.097,True,c9_talking,0.5219129323959351,0.9819,red,102,True,driver_roi,[]
4083,68.113,True,c9_talking,0.5219129323959351,0.9819,red,102,True,driver_roi,[]
4084,68.13,True,c9_talking,0.5363845229148865,0.9827,red,101,True,driver_roi,[]
4085,68.147,True,c9_talking,0.5363845229148865,0.9827,red,101,True,driver_roi,[]
4086,68.164,True,c9_talking,0.5554060339927673,0.9825,red,100,True,driver_roi,[]
4087,68.18,True,c9_talking,0.5554060339927673,0.9825,red,100,True,driver_roi,[]
4088,68.197,True,c9_talking,0.5695374608039856,0.9819,red,99,True,driver_roi,[]
4089,68.214,True,c9_talking,0.5695374608039856,0.9819,red,99,True,driver_roi,[]
4090,68.23,True,c9_talking,0.5838249921798706,0.9808,red,98,True,driver_roi,[]
4091,68.247,True,c9_talking,0.5838249921798706,0.9808,red,98,True,driver_roi,[]
4092,68.264,True,c9_talking,0.6002527475357056,0.9796,red,97,True,driver_roi,[]
4093,68.28,True,c9_talking,0.6002527475357056,0.9796,red,97,True,driver_roi,[]
4094,68.297,True,c9_talking,0.6172323226928711,0.9782,red,96,True,driver_roi,[]
4095,68.314,True,c9_talking,0.6172323226928711,0.9782,red,96,True,driver_roi,[]
4096,68.33,True,c9_talking,0.629372239112854,0.9769,red,95,True,driver_roi,[]
4097,68.347,True,c9_talking,0.629372239112854,0.9769,red,95,True,driver_roi,[]
4098,68.364,True,c9_talking,0.6447192430496216,0.9759,red,94,True,driver_roi,[]
4099,68.38,True,c9_talking,0.6447192430496216,0.9759,red,94,True,driver_roi,[]
4100,68.397,True,c9_talking,0.6623718738555908,0.9749,red,93,True,driver_roi,[]
4101,68.414,True,c9_talking,0.6623718738555908,0.9749,red,93,True,driver_roi,[]
4102,68.43,True,c9_talking,0.6818863153457642,0.9743,red,92,True,driver_roi,[]
4103,68.447,True,c9_talking,0.6818863153457642,0.9743,red,92,True,driver_roi,[]
4104,68.464,True,c9_talking,0.6971884369850159,0.9733,red,91,True,driver_roi,[]
4105,68.48,True,c9_talking,0.6971884369850159,0.9733,red,91,True,driver_roi,[]
4106,68.497,True,c9_talking,0.711592972278595,0.9729,red,90,True,driver_roi,[]
4107,68.514,True,c9_talking,0.711592972278595,0.9729,red,90,True,driver_roi,[]
4108,68.531,True,c9_talking,0.7215286493301392,0.9732,red,89,True,driver_roi,[]
4109,68.547,True,c9_talking,0.7215286493301392,0.9732,red,89,True,driver_roi,[]
4110,68.564,True,c9_talking,0.7302202582359314,0.9732,red,88,True,driver_roi,[]
4111,68.581,True,c9_talking,0.7302202582359314,0.9732,red,88,True,driver_roi,[]
4112,68.597,True,c9_talking,0.7346996665000916,0.9729,red,87,True,driver_roi,[]
4113,68.614,True,c9_talking,0.7346996665000916,0.9729,red,87,True,driver_roi,[]
4114,68.631,True,c9_talking,0.7413064241409302,0.9729,red,86,True,driver_roi,[]
4115,68.647,True,c9_talking,0.7413064241409302,0.9729,red,86,True,driver_roi,[]
4116,68.664,True,c9_talking,0.7454289197921753,0.9731,red,85,True,driver_roi,[]
4117,68.681,True,c9_talking,0.7454289197921753,0.9731,red,85,True,driver_roi,[]
4118,68.697,True,c9_talking,0.7479234933853149,0.9733,red,84,True,driver_roi,[]
4119,68.714,True,c9_talking,0.7479234933853149,0.9733,red,84,True,driver_roi,[]
4120,68.731,True,c9_talking,0.7496636509895325,0.9737,red,83,True,driver_roi,[]
4121,68.747,True,c9_talking,0.7496636509895325,0.9737,red,83,True,driver_roi,[]
4122,68.764,True,c9_talking,0.7542697191238403,0.9743,red,82,True,driver_roi,[]
4123,68.781,True,c9_talking,0.7542697191238403,0.9743,red,82,True,driver_roi,[]
4124,68.797,True,c9_talking,0.7580267786979675,0.9744,red,81,True,driver_roi,[]
4125,68.814,True,c9_talking,0.7580267786979675,0.9744,red,81,True,driver_roi,[]
4126,68.831,True,c9_talking,0.7607871890068054,0.9745,red,80,True,driver_roi,[]
4127,68.847,True,c9_talking,0.7607871890068054,0.9745,red,80,True,driver_roi,[]
4128,68.864,True,c9_talking,0.7657962441444397,0.9749,red,79,True,driver_roi,[]
4129,68.881,True,c9_talking,0.7657962441444397,0.9749,red,79,True,driver_roi,[]
4130,68.898,True,c9_talking,0.7671636343002319,0.9748,red,78,True,driver_roi,[]
4131,68.914,True,c9_talking,0.7671636343002319,0.9748,red,78,True,driver_roi,[]
4132,68.931,True,c9_talking,0.7723091840744019,0.9752,red,77,True,driver_roi,[]
4133,68.948,True,c9_talking,0.7723091840744019,0.9752,red,77,True,driver_roi,[]
4134,68.964,True,c9_talking,0.7741134166717529,0.9753,red,76,True,driver_roi,[]
4135,68.981,True,c9_talking,0.7741134166717529,0.9753,red,76,True,driver_roi,[]
4136,68.998,True,c9_talking,0.7726180553436279,0.9751,red,75,True,driver_roi,[]
4137,69.014,True,c9_talking,0.7726180553436279,0.9751,red,75,True,driver_roi,[]
4138,69.031,True,c9_talking,0.7714704275131226,0.9751,red,74,True,driver_roi,[]
4139,69.048,True,c9_talking,0.7714704275131226,0.9751,red,74,True,driver_roi,[]
4140,69.064,True,c9_talking,0.7696004509925842,0.975,red,73,True,driver_roi,[]
4141,69.081,True,c9_talking,0.7696004509925842,0.975,red,73,True,driver_roi,[]
4142,69.098,True,c9_talking,0.7664557695388794,0.9745,red,72,True,driver_roi,[]
4143,69.114,True,c9_talking,0.7664557695388794,0.9745,red,72,True,driver_roi,[]
4144,69.131,True,c9_talking,0.7653176784515381,0.974,red,71,True,driver_roi,[]
4145,69.148,True,c9_talking,0.7653176784515381,0.974,red,71,True,driver_roi,[]
4146,69.164,True,c9_talking,0.7651860117912292,0.9738,red,70,True,driver_roi,[]
4147,69.181,True,c9_talking,0.7651860117912292,0.9738,red,70,True,driver_roi,[]
4148,69.198,True,c9_talking,0.7686980962753296,0.9745,red,69,True,driver_roi,[]
4149,69.214,True,c9_talking,0.7686980962753296,0.9745,red,69,True,driver_roi,[]
4150,69.231,True,c9_talking,0.7712056040763855,0.9753,red,68,True,driver_roi,[]
4151,69.248,True,c9_talking,0.7712056040763855,0.9753,red,68,True,driver_roi,[]
4152,69.265,True,c9_talking,0.7732096314430237,0.9763,red,67,True,driver_roi,[]
4153,69.281,True,c9_talking,0.7732096314430237,0.9763,red,67,True,driver_roi,[]
4154,69.298,True,c9_talking,0.7788768410682678,0.9774,red,66,True,driver_roi,[]
4155,69.315,True,c9_talking,0.7788768410682678,0.9774,red,66,True,driver_roi,[]
4156,69.331,True,c9_talking,0.7830132246017456,0.9784,red,67,True,driver_roi,[]
4157,69.348,True,c9_talking,0.7830132246017456,0.9784,red,67,True,driver_roi,[]
4158,69.365,True,c9_talking,0.7862405776977539,0.9791,red,68,True,driver_roi,[]
4159,69.381,True,c9_talking,0.7862405776977539,0.9791,red,68,True,driver_roi,[]
4160,69.398,True,c9_talking,0.7857393026351929,0.9798,red,69,True,driver_roi,[]
4161,69.415,True,c9_talking,0.7857393026351929,0.9798,red,69,True,driver_roi,[]
4162,69.431,True,c9_talking,0.7861191034317017,0.9799,red,70,True,driver_roi,[]
4163,69.448,True,c9_talking,0.7861191034317017,0.9799,red,70,True,driver_roi,[]
4164,69.465,True,c9_talking,0.7871950268745422,0.9806,red,71,True,driver_roi,[]
4165,69.481,True,c9_talking,0.7871950268745422,0.9806,red,71,True,driver_roi,[]
4166,69.498,True,c9_talking,0.7889469861984253,0.9811,red,72,True,driver_roi,[]
4167,69.515,True,c9_talking,0.7889469861984253,0.9811,red,72,True,driver_roi,[]
4168,69.531,True,c9_talking,0.7888100743293762,0.9815,red,73,True,driver_roi,[]
4169,69.548,True,c9_talking,0.7888100743293762,0.9815,red,73,True,driver_roi,[]
4170,69.565,True,c9_talking,0.7912502884864807,0.982,red,74,True,driver_roi,[]
4171,69.582,True,c9_talking,0.7912502884864807,0.982,red,74,True,driver_roi,[]
4172,69.598,True,c9_talking,0.7905487418174744,0.9824,red,75,True,driver_roi,[]
4173,69.615,True,c9_talking,0.7905487418174744,0.9824,red,75,True,driver_roi,[]
4174,69.632,True,c9_talking,0.7889549136161804,0.9825,red,76,True,driver_roi,[]
4175,69.648,True,c9_talking,0.7889549136161804,0.9825,red,76,True,driver_roi,[]
4176,69.665,True,c9_talking,0.7833325266838074,0.9823,red,77,True,driver_roi,[]
4177,69.682,True,c9_talking,0.7833325266838074,0.9823,red,77,True,driver_roi,[]
4178,69.698,True,c9_talking,0.7795678377151489,0.982,red,76,True,driver_roi,[]
4179,69.715,True,c9_talking,0.7795678377151489,0.982,red,76,True,driver_roi,[]
4180,69.732,True,c9_talking,0.7707955837249756,0.982,red,75,True,driver_roi,[]
4181,69.748,True,c9_talking,0.7707955837249756,0.982,red,75,True,driver_roi,[]
4182,69.765,True,c9_talking,0.7527211308479309,0.982,red,74,True,driver_roi,[]
4183,69.782,True,c9_talking,0.7527211308479309,0.982,red,74,True,driver_roi,[]
4184,69.798,True,c9_talking,0.732071578502655,0.9823,red,73,True,driver_roi,[]
4185,69.815,True,c9_talking,0.732071578502655,0.9823,red,73,True,driver_roi,[]
4186,69.832,True,c9_talking,0.7143795490264893,0.9827,red,72,True,driver_roi,[]
4187,69.848,True,c9_talking,0.7143795490264893,0.9827,red,72,True,driver_roi,[]
4188,69.865,True,c9_talking,0.6982637643814087,0.9828,red,71,True,driver_roi,[]
4189,69.882,True,c9_talking,0.6982637643814087,0.9828,red,71,True,driver_roi,[]
4190,69.898,True,c9_talking,0.6861981153488159,0.9832,red,70,True,driver_roi,[]
4191,69.915,True,c9_talking,0.6861981153488159,0.9832,red,70,True,driver_roi,[]
4192,69.932,True,c9_talking,0.668386697769165,0.9831,red,69,True,driver_roi,[]
4193,69.949,True,c9_talking,0.668386697769165,0.9831,red,69,True,driver_roi,[]
4194,69.965,True,c9_talking,0.6539745330810547,0.9831,red,68,True,driver_roi,[]
4195,69.982,True,c9_talking,0.6539745330810547,0.9831,red,68,True,driver_roi,[]
4196,69.999,True,c9_talking,0.6434682607650757,0.9833,red,67,True,driver_roi,[]
4197,70.015,True,c9_talking,0.6434682607650757,0.9833,red,67,True,driver_roi,[]
4198,70.032,True,c9_talking,0.6373714208602905,0.9826,red,66,True,driver_roi,[]
4199,70.049,True,c9_talking,0.6373714208602905,0.9826,red,66,True,driver_roi,[]
4200,70.065,True,c9_talking,0.6243798732757568,0.9821,red,65,True,driver_roi,[]
4201,70.082,True,c9_talking,0.6243798732757568,0.9821,red,65,True,driver_roi,[]
4202,70.099,True,c9_talking,0.6095157265663147,0.9823,red,64,True,driver_roi,[]
4203,70.115,True,c9_talking,0.6095157265663147,0.9823,red,64,True,driver_roi,[]
4204,70.132,True,c9_talking,0.5938998460769653,0.9827,red,63,True,driver_roi,[]
4205,70.149,True,c9_talking,0.5938998460769653,0.9827,red,63,True,driver_roi,[]
4206,70.165,True,c9_talking,0.577172577381134,0.983,red,62,True,driver_roi,[]
4207,70.182,True,c9_talking,0.577172577381134,0.983,red,62,True,driver_roi,[]
4208,70.199,True,c9_talking,0.5594741106033325,0.9829,red,61,True,driver_roi,[]
4209,70.215,True,c9_talking,0.5594741106033325,0.9829,red,61,True,driver_roi,[]
4210,70.232,True,c9_talking,0.5460435152053833,0.9829,red,60,True,driver_roi,[]
4211,70.249,True,c9_talking,0.5460435152053833,0.9829,red,60,True,driver_roi,[]
4212,70.265,True,c9_talking,0.5344663858413696,0.9829,red,59,True,driver_roi,[]
4213,70.282,True,c9_talking,0.5344663858413696,0.9829,red,59,True,driver_roi,[]
4214,70.299,True,c9_talking,0.5189505219459534,0.9828,red,58,True,driver_roi,[]
4215,70.316,True,c9_talking,0.5189505219459534,0.9828,red,58,True,driver_roi,[]
4216,70.332,True,c9_talking,0.505206286907196,0.983,red,57,True,driver_roi,[]
4217,70.349,True,c9_talking,0.505206286907196,0.983,red,57,True,driver_roi,[]
4218,70.366,True,c9_talking,0.49420851469039917,0.9833,red,56,True,driver_roi,[]
4219,70.382,True,c9_talking,0.49420851469039917,0.9833,red,56,True,driver_roi,[]
4220,70.399,True,c9_talking,0.4838414490222931,0.9836,red,55,True,driver_roi,[]
4221,70.416,True,c9_talking,0.4838414490222931,0.9836,red,55,True,driver_roi,[]
4222,70.432,True,c9_talking,0.4713992476463318,0.984,red,54,True,driver_roi,[]
4223,70.449,True,c9_talking,0.4713992476463318,0.984,red,54,True,driver_roi,[]
4224,70.466,True,c5_radio,0.48603731393814087,0.9844,red,53,True,driver_roi,[]
4225,70.482,True,c5_radio,0.48603731393814087,0.9844,red,53,True,driver_roi,[]
4226,70.499,True,c5_radio,0.5088086724281311,0.9847,red,52,True,driver_roi,[]
4227,70.516,True,c5_radio,0.5088086724281311,0.9847,red,52,True,driver_roi,[]
4228,70.532,True,c5_radio,0.5322998762130737,0.9848,red,51,True,driver_roi,[]
4229,70.549,True,c5_radio,0.5322998762130737,0.9848,red,51,True,driver_roi,[]
4230,70.566,True,c5_radio,0.5522220730781555,0.9849,red,50,True,driver_roi,[]
4231,70.582,True,c5_radio,0.5522220730781555,0.9849,red,50,True,driver_roi,[]
4232,70.599,True,c5_radio,0.5688372850418091,0.9852,red,49,True,driver_roi,[]
4233,70.616,True,c5_radio,0.5688372850418091,0.9852,red,49,True,driver_roi,[]
4234,70.632,True,c5_radio,0.5839412808418274,0.9855,red,48,True,driver_roi,[]
4235,70.649,True,c5_radio,0.5839412808418274,0.9855,red,48,True,driver_roi,[]
4236,70.666,True,c5_radio,0.5936288833618164,0.9859,red,47,True,driver_roi,[]
4237,70.683,True,c5_radio,0.5936288833618164,0.9859,red,47,True,driver_roi,[]
4238,70.699,True,c5_radio,0.6079831719398499,0.9866,red,46,True,driver_roi,[]
4239,70.716,True,c5_radio,0.6079831719398499,0.9866,red,46,True,driver_roi,[]
4240,70.733,True,c5_radio,0.61644047498703,0.9871,red,45,True,driver_roi,[]
4241,70.749,True,c5_radio,0.61644047498703,0.9871,red,45,True,driver_roi,[]
4242,70.766,True,c5_radio,0.6232699751853943,0.9876,red,44,True,driver_roi,[]
4243,70.783,True,c5_radio,0.6232699751853943,0.9876,red,44,True,driver_roi,[]
4244,70.799,True,c5_radio,0.6308305263519287,0.988,red,43,True,driver_roi,[]
4245,70.816,True,c5_radio,0.6308305263519287,0.988,red,43,True,driver_roi,[]
4246,70.833,True,c5_radio,0.6400682926177979,0.9883,red,42,True,driver_roi,[]
4247,70.849,True,c5_radio,0.6400682926177979,0.9883,red,42,True,driver_roi,[]
4248,70.866,True,c5_radio,0.6524658799171448,0.9887,red,41,True,driver_roi,[]
4249,70.883,True,c5_radio,0.6524658799171448,0.9887,red,41,True,driver_roi,[]
4250,70.899,True,c5_radio,0.6686936616897583,0.9891,red,40,True,driver_roi,[]
4251,70.916,True,c5_radio,0.6686936616897583,0.9891,red,40,True,driver_roi,[]
4252,70.933,True,c5_radio,0.6817195415496826,0.9898,red,39,True,driver_roi,[]
4253,70.949,True,c5_radio,0.6817195415496826,0.9898,red,39,True,driver_roi,[]
4254,70.966,True,c5_radio,0.6957693696022034,0.9906,red,38,True,driver_roi,[]
4255,70.983,True,c5_radio,0.6957693696022034,0.9906,red,38,True,driver_roi,[]
4256,70.999,True,c5_radio,0.7138088345527649,0.9913,red,37,True,driver_roi,[]
4257,71.016,True,c5_radio,0.7138088345527649,0.9913,red,37,True,driver_roi,[]
4258,71.033,True,c5_radio,0.7376661896705627,0.9924,red,36,True,driver_roi,[]
4259,71.05,True,c5_radio,0.7376661896705627,0.9924,red,36,True,driver_roi,[]
4260,71.066,True,c5_radio,0.7541753053665161,0.9934,red,35,True,driver_roi,[]
4261,71.083,True,c5_radio,0.7541753053665161,0.9934,red,35,True,driver_roi,[]
4262,71.1,True,c5_radio,0.7661188840866089,0.9939,red,34,True,driver_roi,[]
4263,71.116,True,c5_radio,0.7661188840866089,0.9939,red,34,True,driver_roi,[]
4264,71.133,True,c5_radio,0.7784263491630554,0.9944,red,33,True,driver_roi,[]
4265,71.15,True,c5_radio,0.7784263491630554,0.9944,red,33,True,driver_roi,[]
4266,71.166,True,c5_radio,0.789315402507782,0.9949,red,34,True,driver_roi,[]
4267,71.183,True,c5_radio,0.789315402507782,0.9949,red,34,True,driver_roi,[]
4268,71.2,True,c5_radio,0.800835371017456,0.9953,red,35,True,driver_roi,[]
4269,71.216,True,c5_radio,0.800835371017456,0.9953,red,35,True,driver_roi,[]
4270,71.233,True,c5_radio,0.8161596059799194,0.9958,red,36,True,driver_roi,[]
4271,71.25,True,c5_radio,0.8161596059799194,0.9958,red,36,True,driver_roi,[]
4272,71.266,True,c5_radio,0.8327815532684326,0.9963,red,37,True,driver_roi,[]
4273,71.283,True,c5_radio,0.8327815532684326,0.9963,red,37,True,driver_roi,[]
4274,71.3,True,c5_radio,0.8475532531738281,0.9968,red,38,True,driver_roi,[]
4275,71.316,True,c5_radio,0.8475532531738281,0.9968,red,38,True,driver_roi,[]
4276,71.333,True,c5_radio,0.8629485964775085,0.9972,red,39,True,driver_roi,[]
4277,71.35,True,c5_radio,0.8629485964775085,0.9972,red,39,True,driver_roi,[]
4278,71.366,True,c5_radio,0.8792526125907898,0.9974,red,40,True,driver_roi,[]
4279,71.383,True,c5_radio,0.8792526125907898,0.9974,red,40,True,driver_roi,[]
4280,71.4,True,c5_radio,0.8954695463180542,0.9977,red,41,True,driver_roi,[]
4281,71.417,True,c5_radio,0.8954695463180542,0.9977,red,41,True,driver_roi,[]
4282,71.433,True,c5_radio,0.9101565480232239,0.9979,red,42,True,driver_roi,[]
4283,71.45,True,c5_radio,0.9101565480232239,0.9979,red,42,True,driver_roi,[]
4284,71.467,True,c5_radio,0.9203481078147888,0.9982,red,43,True,driver_roi,[]
4285,71.483,True,c5_radio,0.9203481078147888,0.9982,red,43,True,driver_roi,[]
4286,71.5,True,c5_radio,0.9254412055015564,0.9983,red,44,True,driver_roi,[]
4287,71.517,True,c5_radio,0.9254412055015564,0.9983,red,44,True,driver_roi,[]
4288,71.533,True,c5_radio,0.9289478659629822,0.9985,red,45,True,driver_roi,[]
4289,71.55,True,c5_radio,0.9289478659629822,0.9985,red,45,True,driver_roi,[]
4290,71.567,True,c5_radio,0.9360650181770325,0.9988,red,46,True,driver_roi,[]
4291,71.583,True,c5_radio,0.9360650181770325,0.9988,red,46,True,driver_roi,[]
4292,71.6,True,c5_radio,0.9440220594406128,0.9991,red,47,True,driver_roi,[]
4293,71.617,True,c5_radio,0.9440220594406128,0.9991,red,47,True,driver_roi,[]
4294,71.633,True,c5_radio,0.9522793292999268,0.9994,red,48,True,driver_roi,[]
4295,71.65,True,c5_radio,0.9522793292999268,0.9994,red,48,True,driver_roi,[]
4296,71.667,True,c5_radio,0.9604302048683167,0.9997,red,49,True,driver_roi,[]
4297,71.683,True,c5_radio,0.9604302048683167,0.9997,red,49,True,driver_roi,[]
4298,71.7,True,c5_radio,0.964931070804596,0.9998,red,50,True,driver_roi,[]
4299,71.717,True,c5_radio,0.964931070804596,0.9998,red,50,True,driver_roi,[]
4300,71.734,True,c5_radio,0.9690024256706238,0.9998,red,51,True,driver_roi,[]
4301,71.75,True,c5_radio,0.9690024256706238,0.9998,red,51,True,driver_roi,[]
4302,71.767,True,c5_radio,0.9719772934913635,0.9999,red,52,True,driver_roi,[]
4303,71.784,True,c5_radio,0.9719772934913635,0.9999,red,52,True,driver_roi,[]
4304,71.8,True,c5_radio,0.9724372625350952,0.9999,red,53,True,driver_roi,[]
4305,71.817,True,c5_radio,0.9724372625350952,0.9999,red,53,True,driver_roi,[]
4306,71.834,True,c5_radio,0.9726273417472839,0.9999,red,54,True,driver_roi,[]
4307,71.85,True,c5_radio,0.9726273417472839,0.9999,red,54,True,driver_roi,[]
4308,71.867,True,c5_radio,0.9726055264472961,0.9999,red,55,True,driver_roi,[]
4309,71.884,True,c5_radio,0.9726055264472961,0.9999,red,55,True,driver_roi,[]
4310,71.9,True,c5_radio,0.9724445939064026,0.9999,red,56,True,driver_roi,[]
4311,71.917,True,c5_radio,0.9724445939064026,0.9999,red,56,True,driver_roi,[]
4312,71.934,True,c5_radio,0.9726243615150452,0.9999,red,57,True,driver_roi,[]
4313,71.95,True,c5_radio,0.9726243615150452,0.9999,red,57,True,driver_roi,[]
4314,71.967,True,c5_radio,0.9730097651481628,0.9999,red,58,True,driver_roi,[]
4315,71.984,True,c5_radio,0.9730097651481628,0.9999,red,58,True,driver_roi,[]
4316,72.0,True,c5_radio,0.9736363887786865,0.9999,red,59,True,driver_roi,[]
4317,72.017,True,c5_radio,0.9736363887786865,0.9999,red,59,True,driver_roi,[]
4318,72.034,True,c5_radio,0.9747626781463623,0.9999,red,60,True,driver_roi,[]
4319,72.05,True,c5_radio,0.9747626781463623,0.9999,red,60,True,driver_roi,[]
4320,72.067,True,c5_radio,0.9777286648750305,0.9999,red,61,True,driver_roi,[]
4321,72.084,True,c5_radio,0.9777286648750305,0.9999,red,61,True,driver_roi,[]
4322,72.101,True,c5_radio,0.9801402688026428,0.9999,red,62,True,driver_roi,[]
4323,72.117,True,c5_radio,0.9801402688026428,0.9999,red,62,True,driver_roi,[]
4324,72.134,True,c5_radio,0.9814770221710205,0.9999,red,63,True,driver_roi,[]
4325,72.151,True,c5_radio,0.9814770221710205,0.9999,red,63,True,driver_roi,[]
4326,72.167,True,c5_radio,0.9807142019271851,0.9998,red,64,True,driver_roi,[]
4327,72.184,True,c5_radio,0.9807142019271851,0.9998,red,64,True,driver_roi,[]
4328,72.201,True,c5_radio,0.9767931699752808,0.9996,red,65,True,driver_roi,[]
4329,72.217,True,c5_radio,0.9767931699752808,0.9996,red,65,True,driver_roi,[]
4330,72.234,True,c5_radio,0.9556304216384888,0.9987,red,66,True,driver_roi,[]
4331,72.251,True,c5_radio,0.9556304216384888,0.9987,red,66,True,driver_roi,[]
4332,72.267,True,c5_radio,0.9322798252105713,0.9969,red,67,True,driver_roi,[]
4333,72.284,True,c5_radio,0.9322798252105713,0.9969,red,67,True,driver_roi,[]
4334,72.301,True,c5_radio,0.9129188060760498,0.9949,red,68,True,driver_roi,[]
4335,72.317,True,c5_radio,0.9129188060760498,0.9949,red,68,True,driver_roi,[]
4336,72.334,True,c5_radio,0.8977039456367493,0.9939,red,69,True,driver_roi,[]
4337,72.351,True,c5_radio,0.8977039456367493,0.9939,red,69,True,driver_roi,[]
4338,72.367,True,c5_radio,0.8934241533279419,0.9935,red,70,True,driver_roi,[]
4339,72.384,True,c5_radio,0.8934241533279419,0.9935,red,70,True,driver_roi,[]
4340,72.401,True,c5_radio,0.8849446177482605,0.9931,red,71,True,driver_roi,[]
4341,72.417,True,c5_radio,0.8849446177482605,0.9931,red,71,True,driver_roi,[]
4342,72.434,True,c5_radio,0.8788345456123352,0.9928,red,72,True,driver_roi,[]
4343,72.451,True,c5_radio,0.8788345456123352,0.9928,red,72,True,driver_roi,[]
4344,72.468,True,c5_radio,0.8687058091163635,0.9925,red,73,True,driver_roi,[]
4345,72.484,True,c5_radio,0.8687058091163635,0.9925,red,73,True,driver_roi,[]
4346,72.501,True,c5_radio,0.864033579826355,0.9924,red,74,True,driver_roi,[]
4347,72.518,True,c5_radio,0.864033579826355,0.9924,red,74,True,driver_roi,[]
4348,72.534,True,c5_radio,0.8519667983055115,0.9921,red,75,True,driver_roi,[]
4349,72.551,True,c5_radio,0.8519667983055115,0.9921,red,75,True,driver_roi,[]
4350,72.568,True,c5_radio,0.8365691900253296,0.9917,red,76,True,driver_roi,[]
4351,72.584,True,c5_radio,0.8365691900253296,0.9917,red,76,True,driver_roi,[]
4352,72.601,True,c5_radio,0.816096305847168,0.9913,red,77,True,driver_roi,[]
4353,72.618,True,c5_radio,0.816096305847168,0.9913,red,77,True,driver_roi,[]
4354,72.634,True,c5_radio,0.7973436713218689,0.9909,red,78,True,driver_roi,[]
4355,72.651,True,c5_radio,0.7973436713218689,0.9909,red,78,True,driver_roi,[]
4356,72.668,True,c5_radio,0.7790880799293518,0.9905,red,77,True,driver_roi,[]
4357,72.684,True,c5_radio,0.7790880799293518,0.9905,red,77,True,driver_roi,[]
4358,72.701,True,c5_radio,0.7636393308639526,0.99,red,76,True,driver_roi,[]
4359,72.718,True,c5_radio,0.7636393308639526,0.99,red,76,True,driver_roi,[]
4360,72.734,True,c5_radio,0.7523833513259888,0.9896,red,75,True,driver_roi,[]
4361,72.751,True,c5_radio,0.7523833513259888,0.9896,red,75,True,driver_roi,[]
4362,72.768,True,c5_radio,0.7348247766494751,0.9892,red,74,True,driver_roi,[]
4363,72.784,True,c5_radio,0.7348247766494751,0.9892,red,74,True,driver_roi,[]
4364,72.801,True,c5_radio,0.7243087291717529,0.9889,red,73,True,driver_roi,[]
4365,72.818,True,c5_radio,0.7243087291717529,0.9889,red,73,True,driver_roi,[]
4366,72.835,True,c5_radio,0.7185705900192261,0.9887,red,72,True,driver_roi,[]
4367,72.851,True,c5_radio,0.7185705900192261,0.9887,red,72,True,driver_roi,[]
4368,72.868,True,c5_radio,0.7125536203384399,0.9886,red,71,True,driver_roi,[]
4369,72.885,True,c5_radio,0.7125536203384399,0.9886,red,71,True,driver_roi,[]
4370,72.901,True,c5_radio,0.701833188533783,0.9884,red,70,True,driver_roi,[]
4371,72.918,True,c5_radio,0.701833188533783,0.9884,red,70,True,driver_roi,[]
4372,72.935,True,c5_radio,0.6941055655479431,0.9883,red,69,True,driver_roi,[]
4373,72.951,True,c5_radio,0.6941055655479431,0.9883,red,69,True,driver_roi,[]
4374,72.968,True,c5_radio,0.687856912612915,0.9881,red,68,True,driver_roi,[]
4375,72.985,True,c5_radio,0.687856912612915,0.9881,red,68,True,driver_roi,[]
4376,73.001,True,c5_radio,0.6819673180580139,0.9879,red,67,True,driver_roi,[]
4377,73.018,True,c5_radio,0.6819673180580139,0.9879,red,67,True,driver_roi,[]
4378,73.035,True,c5_radio,0.6723957657814026,0.9877,red,66,True,driver_roi,[]
4379,73.051,True,c5_radio,0.6723957657814026,0.9877,red,66,True,driver_roi,[]
4380,73.068,True,c5_radio,0.6646651029586792,0.9875,red,65,True,driver_roi,[]
4381,73.085,True,c5_radio,0.6646651029586792,0.9875,red,65,True,driver_roi,[]
4382,73.101,True,c5_radio,0.6576418280601501,0.9873,red,64,True,driver_roi,[]
4383,73.118,True,c5_radio,0.6576418280601501,0.9873,red,64,True,driver_roi,[]
4384,73.135,True,c5_radio,0.6510885953903198,0.9871,red,63,True,driver_roi,[]
4385,73.151,True,c5_radio,0.6510885953903198,0.9871,red,63,True,driver_roi,[]
4386,73.168,True,c5_radio,0.6435991525650024,0.987,red,62,True,driver_roi,[]
4387,73.185,True,c5_radio,0.6435991525650024,0.987,red,62,True,driver_roi,[]
4388,73.202,True,c5_radio,0.6401470899581909,0.9871,red,61,True,driver_roi,[]
4389,73.218,True,c5_radio,0.6401470899581909,0.9871,red,61,True,driver_roi,[]
4390,73.235,True,c5_radio,0.6537240743637085,0.9879,red,60,True,driver_roi,[]
4391,73.252,True,c5_radio,0.6537240743637085,0.9879,red,60,True,driver_roi,[]
4392,73.268,True,c5_radio,0.6705053448677063,0.9895,red,59,True,driver_roi,[]
4393,73.285,True,c5_radio,0.6705053448677063,0.9895,red,59,True,driver_roi,[]
4394,73.302,True,c5_radio,0.6802912354469299,0.9914,red,58,True,driver_roi,[]
4395,73.318,True,c5_radio,0.6802912354469299,0.9914,red,58,True,driver_roi,[]
4396,73.335,True,c5_radio,0.6855350136756897,0.9924,red,57,True,driver_roi,[]
4397,73.352,True,c5_radio,0.6855350136756897,0.9924,red,57,True,driver_roi,[]
4398,73.368,True,c5_radio,0.6842857599258423,0.9927,red,56,True,driver_roi,[]
4399,73.385,True,c5_radio,0.6842857599258423,0.9927,red,56,True,driver_roi,[]
4400,73.402,True,c5_radio,0.6864480972290039,0.9931,red,55,True,driver_roi,[]
4401,73.418,True,c5_radio,0.6864480972290039,0.9931,red,55,True,driver_roi,[]
4402,73.435,True,c5_radio,0.6868124008178711,0.9934,red,54,True,driver_roi,[]
4403,73.452,True,c5_radio,0.6868124008178711,0.9934,red,54,True,driver_roi,[]
4404,73.468,True,c5_radio,0.6917455792427063,0.9936,red,53,True,driver_roi,[]
4405,73.485,True,c5_radio,0.6917455792427063,0.9936,red,53,True,driver_roi,[]
4406,73.502,True,c5_radio,0.6930391192436218,0.9936,red,52,True,driver_roi,[]
4407,73.519,True,c5_radio,0.6930391192436218,0.9936,red,52,True,driver_roi,[]
4408,73.535,True,c5_radio,0.7008819580078125,0.9939,red,51,True,driver_roi,[]
4409,73.552,True,c5_radio,0.7008819580078125,0.9939,red,51,True,driver_roi,[]
4410,73.569,True,c5_radio,0.7108505368232727,0.9942,red,50,True,driver_roi,[]
4411,73.585,True,c5_radio,0.7108505368232727,0.9942,red,50,True,driver_roi,[]
4412,73.602,True,c5_radio,0.7243639826774597,0.9946,red,49,True,driver_roi,[]
4413,73.619,True,c5_radio,0.7243639826774597,0.9946,red,49,True,driver_roi,[]
4414,73.635,True,c5_radio,0.7365541458129883,0.995,red,48,True,driver_roi,[]
4415,73.652,True,c5_radio,0.7365541458129883,0.995,red,48,True,driver_roi,[]
4416,73.669,True,c5_radio,0.7473400831222534,0.9953,red,47,True,driver_roi,[]
4417,73.685,True,c5_radio,0.7473400831222534,0.9953,red,47,True,driver_roi,[]
4418,73.702,True,c5_radio,0.7549463510513306,0.9957,red,46,True,driver_roi,[]
4419,73.719,True,c5_radio,0.7549463510513306,0.9957,red,46,True,driver_roi,[]
4420,73.735,True,c5_radio,0.760869026184082,0.996,red,45,True,driver_roi,[]
4421,73.752,True,c5_radio,0.760869026184082,0.996,red,45,True,driver_roi,[]
4422,73.769,True,c5_radio,0.7731072902679443,0.9964,red,44,True,driver_roi,[]
4423,73.785,True,c5_radio,0.7731072902679443,0.9964,red,44,True,driver_roi,[]
4424,73.802,True,c5_radio,0.777093231678009,0.9966,red,43,True,driver_roi,[]
4425,73.819,True,c5_radio,0.777093231678009,0.9966,red,43,True,driver_roi,[]
4426,73.835,True,c5_radio,0.7746685743331909,0.9968,red,42,True,driver_roi,[]
4427,73.852,True,c5_radio,0.7746685743331909,0.9968,red,42,True,driver_roi,[]
4428,73.869,True,c5_radio,0.7739197015762329,0.9969,red,41,True,driver_roi,[]
4429,73.886,True,c5_radio,0.7739197015762329,0.9969,red,41,True,driver_roi,[]
4430,73.902,True,c5_radio,0.7781234383583069,0.997,red,40,True,driver_roi,[]
4431,73.919,True,c5_radio,0.7781234383583069,0.997,red,40,True,driver_roi,[]
4432,73.936,True,c5_radio,0.779670000076294,0.9971,red,39,True,driver_roi,[]
4433,73.952,True,c5_radio,0.779670000076294,0.9971,red,39,True,driver_roi,[]
4434,73.969,True,c5_radio,0.780743420124054,0.9973,red,40,True,driver_roi,[]
4435,73.986,True,c5_radio,0.780743420124054,0.9973,red,40,True,driver_roi,[]
4436,74.002,True,c5_radio,0.7793121337890625,0.9974,red,39,True,driver_roi,[]
4437,74.019,True,c5_radio,0.7793121337890625,0.9974,red,39,True,driver_roi,[]
4438,74.036,True,c5_radio,0.783754289150238,0.9976,red,40,True,driver_roi,[]
4439,74.052,True,c5_radio,0.783754289150238,0.9976,red,40,True,driver_roi,[]
4440,74.069,True,c5_radio,0.78643399477005,0.9978,red,41,True,driver_roi,[]
4441,74.086,True,c5_radio,0.78643399477005,0.9978,red,41,True,driver_roi,[]
4442,74.102,True,c5_radio,0.786401629447937,0.9979,red,42,True,driver_roi,[]
4443,74.119,True,c5_radio,0.786401629447937,0.9979,red,42,True,driver_roi,[]
4444,74.136,True,c5_radio,0.7865816354751587,0.998,red,43,True,driver_roi,[]
4445,74.152,True,c5_radio,0.7865816354751587,0.998,red,43,True,driver_roi,[]
4446,74.169,True,c5_radio,0.7896494269371033,0.9982,red,44,True,driver_roi,[]
4447,74.186,True,c5_radio,0.7896494269371033,0.9982,red,44,True,driver_roi,[]
4448,74.202,True,c5_radio,0.792089581489563,0.9983,red,45,True,driver_roi,[]
4449,74.219,True,c5_radio,0.792089581489563,0.9983,red,45,True,driver_roi,[]
4450,74.236,True,c5_radio,0.7945331335067749,0.9984,red,46,True,driver_roi,[]
4451,74.253,True,c5_radio,0.7945331335067749,0.9984,red,46,True,driver_roi,[]
4452,74.269,True,c5_radio,0.7929621338844299,0.9984,red,47,True,driver_roi,[]
4453,74.286,True,c5_radio,0.7929621338844299,0.9984,red,47,True,driver_roi,[]
4454,74.303,True,c5_radio,0.7909031510353088,0.9985,red,48,True,driver_roi,[]
4455,74.319,True,c5_radio,0.7909031510353088,0.9985,red,48,True,driver_roi,[]
4456,74.336,True,c5_radio,0.7882130146026611,0.9984,red,49,True,driver_roi,[]
4457,74.353,True,c5_radio,0.7882130146026611,0.9984,red,49,True,driver_roi,[]
4458,74.369,True,c5_radio,0.7770459651947021,0.9984,red,48,True,driver_roi,[]
4459,74.386,True,c5_radio,0.7770459651947021,0.9984,red,48,True,driver_roi,[]
4460,74.403,True,c5_radio,0.7686203122138977,0.9984,red,47,True,driver_roi,[]
4461,74.419,True,c5_radio,0.7686203122138977,0.9984,red,47,True,driver_roi,[]
4462,74.436,True,c5_radio,0.759407103061676,0.9983,red,46,True,driver_roi,[]
4463,74.453,True,c5_radio,0.759407103061676,0.9983,red,46,True,driver_roi,[]
4464,74.469,True,c5_radio,0.7523324489593506,0.9982,red,45,True,driver_roi,[]
4465,74.486,True,c5_radio,0.7523324489593506,0.9982,red,45,True,driver_roi,[]
4466,74.503,True,c5_radio,0.7412793636322021,0.998,red,44,True,driver_roi,[]
4467,74.519,True,c5_radio,0.7412793636322021,0.998,red,44,True,driver_roi,[]
4468,74.536,True,c5_radio,0.7332843542098999,0.9979,red,43,True,driver_roi,[]
4469,74.553,True,c5_radio,0.7332843542098999,0.9979,red,43,True,driver_roi,[]
4470,74.569,True,c5_radio,0.7278152704238892,0.9978,red,42,True,driver_roi,[]
4471,74.586,True,c5_radio,0.7278152704238892,0.9978,red,42,True,driver_roi,[]
4472,74.603,True,c5_radio,0.7225789427757263,0.9976,red,41,True,driver_roi,[]
4473,74.62,True,c5_radio,0.7225789427757263,0.9976,red,41,True,driver_roi,[]
4474,74.636,True,c5_radio,0.7170220017433167,0.9973,red,40,True,driver_roi,[]
4475,74.653,True,c5_radio,0.7170220017433167,0.9973,red,40,True,driver_roi,[]
4476,74.67,True,c5_radio,0.7126197814941406,0.9971,red,39,True,driver_roi,[]
4477,74.686,True,c5_radio,0.7126197814941406,0.9971,red,39,True,driver_roi,[]
4478,74.703,True,c5_radio,0.7079398036003113,0.9969,red,38,True,driver_roi,[]
4479,74.72,True,c5_radio,0.7079398036003113,0.9969,red,38,True,driver_roi,[]
4480,74.736,True,c5_radio,0.7024515867233276,0.9966,red,37,True,driver_roi,[]
4481,74.753,True,c5_radio,0.7024515867233276,0.9966,red,37,True,driver_roi,[]
4482,74.77,True,c5_radio,0.6995388865470886,0.9964,red,36,True,driver_roi,[]
4483,74.786,True,c5_radio,0.6995388865470886,0.9964,red,36,True,driver_roi,[]
4484,74.803,True,c5_radio,0.698939323425293,0.9961,red,35,True,driver_roi,[]
4485,74.82,True,c5_radio,0.698939323425293,0.9961,red,35,True,driver_roi,[]
4486,74.836,True,c5_radio,0.6998035311698914,0.9958,red,34,True,driver_roi,[]
4487,74.853,True,c5_radio,0.6998035311698914,0.9958,red,34,True,driver_roi,[]
4488,74.87,True,c5_radio,0.702048122882843,0.9957,red,33,True,driver_roi,[]
4489,74.886,True,c5_radio,0.702048122882843,0.9957,red,33,True,driver_roi,[]
4490,74.903,True,c5_radio,0.705051839351654,0.9956,red,32,True,driver_roi,[]
4491,74.92,True,c5_radio,0.705051839351654,0.9956,red,32,True,driver_roi,[]
4492,74.936,True,c5_radio,0.7080280184745789,0.9956,red,31,True,driver_roi,[]
4493,74.953,True,c5_radio,0.7080280184745789,0.9956,red,31,True,driver_roi,[]
4494,74.97,True,c5_radio,0.7104325890541077,0.9955,red,30,True,driver_roi,[]
4495,74.987,True,c5_radio,0.7104325890541077,0.9955,red,30,True,driver_roi,[]
4496,75.003,True,c5_radio,0.7155638337135315,0.9955,red,29,True,driver_roi,[]
4497,75.02,True,c5_radio,0.7155638337135315,0.9955,red,29,True,driver_roi,[]
4498,75.037,True,c5_radio,0.7180178165435791,0.9954,red,28,True,driver_roi,[]
4499,75.053,True,c5_radio,0.7180178165435791,0.9954,red,28,True,driver_roi,[]
4500,75.07,True,c5_radio,0.7206478714942932,0.9953,red,27,True,driver_roi,[]
4501,75.087,True,c5_radio,0.7206478714942932,0.9953,red,27,True,driver_roi,[]
4502,75.103,True,c5_radio,0.724768877029419,0.9952,red,26,True,driver_roi,[]
4503,75.12,True,c5_radio,0.724768877029419,0.9952,red,26,True,driver_roi,[]
4504,75.137,True,c5_radio,0.72874915599823,0.995,red,25,True,driver_roi,[]
4505,75.153,True,c5_radio,0.72874915599823,0.995,red,25,True,driver_roi,[]
4506,75.17,True,c5_radio,0.729331910610199,0.9947,red,24,True,driver_roi,[]
4507,75.187,True,c5_radio,0.729331910610199,0.9947,red,24,True,driver_roi,[]
4508,75.203,True,c5_radio,0.7265413999557495,0.9798,red,23,False,driver_roi,[]
4509,75.22,True,c5_radio,0.7265413999557495,0.9798,red,23,False,driver_roi,[]
4510,75.237,True,c5_radio,0.7180598974227905,0.965,red,22,False,driver_roi,[]
4511,75.253,True,c5_radio,0.7180598974227905,0.965,red,22,False,driver_roi,[]
4512,75.27,True,c5_radio,0.7115764021873474,0.9502,red,21,False,driver_roi,[]
4513,75.287,True,c5_radio,0.7115764021873474,0.9502,red,21,False,driver_roi,[]
4514,75.304,True,c5_radio,0.7141234278678894,0.9355,red,20,False,driver_roi,[]
4515,75.32,True,c5_radio,0.7141234278678894,0.9355,red,20,False,driver_roi,[]
4516,75.337,True,c5_radio,0.7187172174453735,0.9208,red,19,False,driver_roi,[]
4517,75.354,True,c5_radio,0.7187172174453735,0.9208,red,19,False,driver_roi,[]
4518,75.37,True,c5_radio,0.7293124794960022,0.9061,red,18,False,driver_roi,[]
4519,75.387,True,c5_radio,0.7293124794960022,0.9061,red,18,False,driver_roi,[]
4520,75.404,True,c5_radio,0.7406113743782043,0.8916,orange,17,False,driver_roi,[]
4521,75.42,True,c5_radio,0.7406113743782043,0.8916,orange,17,False,driver_roi,[]
4522,75.437,True,c5_radio,0.7522315382957458,0.877,orange,16,False,driver_roi,[]
4523,75.454,True,c5_radio,0.7522315382957458,0.877,orange,16,False,driver_roi,[]
4524,75.47,True,c5_radio,0.763362467288971,0.8626,orange,15,False,driver_roi,[]
4525,75.487,True,c5_radio,0.763362467288971,0.8626,orange,15,False,driver_roi,[]
4526,75.504,True,c5_radio,0.7761499285697937,0.8481,orange,14,False,driver_roi,[]
4527,75.52,True,c5_radio,0.7761499285697937,0.8481,orange,14,False,driver_roi,[]
4528,75.537,True,c5_radio,0.7841108441352844,0.8628,orange,15,False,driver_roi,[]
4529,75.554,True,c5_radio,0.7841108441352844,0.8628,orange,15,False,driver_roi,[]
4530,75.57,True,c5_radio,0.788144052028656,0.8774,orange,16,False,driver_roi,[]
4531,75.587,True,c5_radio,0.788144052028656,0.8774,orange,16,False,driver_roi,[]
4532,75.604,True,c5_radio,0.7968975901603699,0.892,orange,17,False,driver_roi,[]
4533,75.62,True,c5_radio,0.7968975901603699,0.892,orange,17,False,driver_roi,[]
4534,75.637,True,c5_radio,0.806918740272522,0.9069,red,18,False,driver_roi,[]
4535,75.654,True,c5_radio,0.806918740272522,0.9069,red,18,False,driver_roi,[]
4536,75.671,True,c5_radio,0.8166797757148743,0.9217,red,19,False,driver_roi,[]
4537,75.687,True,c5_radio,0.8166797757148743,0.9217,red,19,False,driver_roi,[]
4538,75.704,True,c5_radio,0.8266633749008179,0.9365,red,20,False,driver_roi,[]
4539,75.721,True,c5_radio,0.8266633749008179,0.9365,red,20,False,driver_roi,[]
4540,75.737,True,c5_radio,0.8339306116104126,0.9512,red,21,False,driver_roi,[]
4541,75.754,True,c5_radio,0.8339306116104126,0.9512,red,21,False,driver_roi,[]
4542,75.771,True,c5_radio,0.8322493433952332,0.9658,red,22,False,driver_roi,[]
4543,75.787,True,c5_radio,0.8322493433952332,0.9658,red,22,False,driver_roi,[]
4544,75.804,True,c5_radio,0.8278776407241821,0.9802,red,23,False,driver_roi,[]
4545,75.821,True,c5_radio,0.8278776407241821,0.9802,red,23,False,driver_roi,[]
4546,75.837,True,c5_radio,0.8285192847251892,0.9949,red,24,True,driver_roi,[]
4547,75.854,True,c5_radio,0.8285192847251892,0.9949,red,24,True,driver_roi,[]
4548,75.871,True,c5_radio,0.8212046027183533,0.9948,red,25,True,driver_roi,[]
4549,75.887,True,c5_radio,0.8212046027183533,0.9948,red,25,True,driver_roi,[]
4550,75.904,True,c5_radio,0.8117724061012268,0.9947,red,26,True,driver_roi,[]
4551,75.921,True,c5_radio,0.8117724061012268,0.9947,red,26,True,driver_roi,[]
4552,75.937,True,c5_radio,0.8048371076583862,0.9946,red,27,True,driver_roi,[]
4553,75.954,True,c5_radio,0.8048371076583862,0.9946,red,27,True,driver_roi,[]
4554,75.971,True,c5_radio,0.7980821132659912,0.9946,red,28,True,driver_roi,[]
4555,75.987,True,c5_radio,0.7980821132659912,0.9946,red,28,True,driver_roi,[]
4556,76.004,True,c5_radio,0.7900460958480835,0.9945,red,29,True,driver_roi,[]
4557,76.021,True,c5_radio,0.7900460958480835,0.9945,red,29,True,driver_roi,[]
4558,76.038,True,c5_radio,0.7815454006195068,0.9945,red,30,True,driver_roi,[]
4559,76.054,True,c5_radio,0.7815454006195068,0.9945,red,30,True,driver_roi,[]
4560,76.071,True,c5_radio,0.7706652283668518,0.9946,red,29,True,driver_roi,[]
4561,76.088,True,c5_radio,0.7706652283668518,0.9946,red,29,True,driver_roi,[]
4562,76.104,True,c5_radio,0.7609049677848816,0.9946,red,28,True,driver_roi,[]
4563,76.121,True,c5_radio,0.7609049677848816,0.9946,red,28,True,driver_roi,[]
4564,76.138,True,c5_radio,0.7493650913238525,0.9947,red,27,True,driver_roi,[]
4565,76.154,True,c5_radio,0.7493650913238525,0.9947,red,27,True,driver_roi,[]
4566,76.171,True,c5_radio,0.7441197633743286,0.9947,red,26,True,driver_roi,[]
4567,76.188,True,c5_radio,0.7441197633743286,0.9947,red,26,True,driver_roi,[]
4568,76.204,True,c5_radio,0.7372709512710571,0.9946,red,25,True,driver_roi,[]
4569,76.221,True,c5_radio,0.7372709512710571,0.9946,red,25,True,driver_roi,[]
4570,76.238,True,c5_radio,0.7428721189498901,0.9948,red,24,True,driver_roi,[]
4571,76.254,True,c5_radio,0.7428721189498901,0.9948,red,24,True,driver_roi,[]
4572,76.271,True,c5_radio,0.7514089941978455,0.9804,red,23,False,driver_roi,[]
4573,76.288,True,c5_radio,0.7514089941978455,0.9804,red,23,False,driver_roi,[]
4574,76.304,True,c5_radio,0.7547858357429504,0.9659,red,22,False,driver_roi,[]
4575,76.321,True,c5_radio,0.7547858357429504,0.9659,red,22,False,driver_roi,[]
4576,76.338,True,c5_radio,0.7578232884407043,0.9514,red,21,False,driver_roi,[]
4577,76.354,True,c5_radio,0.7578232884407043,0.9514,red,21,False,driver_roi,[]
4578,76.371,True,c5_radio,0.7606819868087769,0.937,red,20,False,driver_roi,[]
4579,76.388,True,c5_radio,0.7606819868087769,0.937,red,20,False,driver_roi,[]
4580,76.405,True,c5_radio,0.7607358694076538,0.9224,red,19,False,driver_roi,[]
4581,76.421,True,c5_radio,0.7607358694076538,0.9224,red,19,False,driver_roi,[]
4582,76.438,True,c5_radio,0.7594626545906067,0.9078,red,18,False,driver_roi,[]
4583,76.455,True,c5_radio,0.7594626545906067,0.9078,red,18,False,driver_roi,[]
4584,76.471,True,c5_radio,0.7561143040657043,0.8931,orange,17,False,driver_roi,[]
4585,76.488,True,c5_radio,0.7561143040657043,0.8931,orange,17,False,driver_roi,[]
4586,76.505,True,c5_radio,0.7549692988395691,0.8783,orange,16,False,driver_roi,[]
4587,76.521,True,c5_radio,0.7549692988395691,0.8783,orange,16,False,driver_roi,[]
4588,76.538,True,c5_radio,0.7542780041694641,0.8632,orange,15,False,driver_roi,[]
4589,76.555,True,c5_radio,0.7542780041694641,0.8632,orange,15,False,driver_roi,[]
4590,76.571,True,c5_radio,0.7586135864257812,0.8485,orange,14,False,driver_roi,[]
4591,76.588,True,c5_radio,0.7586135864257812,0.8485,orange,14,False,driver_roi,[]
4592,76.605,True,c5_radio,0.7605079412460327,0.8339,orange,13,False,driver_roi,[]
4593,76.621,True,c5_radio,0.7605079412460327,0.8339,orange,13,False,driver_roi,[]
4594,76.638,True,c5_radio,0.7618105411529541,0.8193,orange,12,False,driver_roi,[]
4595,76.655,True,c5_radio,0.7618105411529541,0.8193,orange,12,False,driver_roi,[]
4596,76.671,True,c5_radio,0.761259138584137,0.8046,orange,11,False,driver_roi,[]
4597,76.688,True,c5_radio,0.761259138584137,0.8046,orange,11,False,driver_roi,[]
4598,76.705,True,c5_radio,0.761516809463501,0.7901,orange,10,False,driver_roi,[]
4599,76.721,True,c5_radio,0.761516809463501,0.7901,orange,10,False,driver_roi,[]
4600,76.738,True,c5_radio,0.7631971836090088,0.7756,orange,9,False,driver_roi,[]
4601,76.755,True,c5_radio,0.7631971836090088,0.7756,orange,9,False,driver_roi,[]
4602,76.772,True,c5_radio,0.7722793221473694,0.7614,orange,8,False,driver_roi,[]
4603,76.788,True,c5_radio,0.7722793221473694,0.7614,orange,8,False,driver_roi,[]
4604,76.805,True,c5_radio,0.7819909453392029,0.7764,orange,9,False,driver_roi,[]
4605,76.822,True,c5_radio,0.7819909453392029,0.7764,orange,9,False,driver_roi,[]
4606,76.838,True,c5_radio,0.783953070640564,0.7912,orange,10,False,driver_roi,[]
4607,76.855,True,c5_radio,0.783953070640564,0.7912,orange,10,False,driver_roi,[]
4608,76.872,True,c5_radio,0.786088764667511,0.806,orange,11,False,driver_roi,[]
4609,76.888,True,c5_radio,0.786088764667511,0.806,orange,11,False,driver_roi,[]
4610,76.905,True,c5_radio,0.7833711504936218,0.8207,orange,12,False,driver_roi,[]
4611,76.922,True,c5_radio,0.7833711504936218,0.8207,orange,12,False,driver_roi,[]
4612,76.938,True,c5_radio,0.7745732069015503,0.8063,orange,11,False,driver_roi,[]
4613,76.955,True,c5_radio,0.7745732069015503,0.8063,orange,11,False,driver_roi,[]
4614,76.972,True,c5_radio,0.7677980065345764,0.7918,orange,10,False,driver_roi,[]
4615,76.988,True,c5_radio,0.7677980065345764,0.7918,orange,10,False,driver_roi,[]
4616,77.005,True,c5_radio,0.7628723382949829,0.7774,orange,9,False,driver_roi,[]
4617,77.022,True,c5_radio,0.7628723382949829,0.7774,orange,9,False,driver_roi,[]
4618,77.038,True,c5_radio,0.7620652318000793,0.7629,orange,8,False,driver_roi,[]
4619,77.055,True,c5_radio,0.7620652318000793,0.7629,orange,8,False,driver_roi,[]
4620,77.072,True,c5_radio,0.764895498752594,0.7484,orange,7,False,driver_roi,[]
4621,77.088,True,c5_radio,0.764895498752594,0.7484,orange,7,False,driver_roi,[]
4622,77.105,True,c5_radio,0.7671260237693787,0.734,orange,6,False,driver_roi,[]
4623,77.122,True,c5_radio,0.7671260237693787,0.734,orange,6,False,driver_roi,[]
4624,77.139,True,c5_radio,0.7788435816764832,0.7196,orange,5,False,driver_roi,[]
4625,77.155,True,c5_radio,0.7788435816764832,0.7196,orange,5,False,driver_roi,[]
4626,77.172,True,c5_radio,0.7884492874145508,0.7344,orange,6,False,driver_roi,[]
4627,77.189,True,c5_radio,0.7884492874145508,0.7344,orange,6,False,driver_roi,[]
4628,77.205,True,c5_radio,0.8029650449752808,0.7495,orange,7,False,driver_roi,[]
4629,77.222,True,c5_radio,0.8029650449752808,0.7495,orange,7,False,driver_roi,[]
4630,77.239,True,c5_radio,0.8114611506462097,0.7642,orange,8,False,driver_roi,[]
4631,77.255,True,c5_radio,0.8114611506462097,0.7642,orange,8,False,driver_roi,[]
4632,77.272,True,c5_radio,0.8178844451904297,0.7789,orange,9,False,driver_roi,[]
4633,77.289,True,c5_radio,0.8178844451904297,0.7789,orange,9,False,driver_roi,[]
4634,77.305,True,c5_radio,0.8236633539199829,0.7935,orange,10,False,driver_roi,[]
4635,77.322,True,c5_radio,0.8236633539199829,0.7935,orange,10,False,driver_roi,[]
4636,77.339,True,c5_radio,0.8288360238075256,0.8082,orange,11,False,driver_roi,[]
4637,77.355,True,c5_radio,0.8288360238075256,0.8082,orange,11,False,driver_roi,[]
4638,77.372,True,c5_radio,0.8319628834724426,0.8228,orange,12,False,driver_roi,[]
4639,77.389,True,c5_radio,0.8319628834724426,0.8228,orange,12,False,driver_roi,[]
4640,77.405,True,c5_radio,0.8344917297363281,0.8375,orange,13,False,driver_roi,[]
4641,77.422,True,c5_radio,0.8344917297363281,0.8375,orange,13,False,driver_roi,[]
4642,77.439,True,c5_radio,0.8380563259124756,0.8522,orange,14,False,driver_roi,[]
4643,77.456,True,c5_radio,0.8380563259124756,0.8522,orange,14,False,driver_roi,[]
4644,77.472,True,c5_radio,0.8430820107460022,0.8669,orange,15,False,driver_roi,[]
4645,77.489,True,c5_radio,0.8430820107460022,0.8669,orange,15,False,driver_roi,[]
4646,77.506,True,c5_radio,0.846686065196991,0.8817,orange,16,False,driver_roi,[]
4647,77.522,True,c5_radio,0.846686065196991,0.8817,orange,16,False,driver_roi,[]
4648,77.539,True,c5_radio,0.8522430658340454,0.8969,orange,17,False,driver_roi,[]
4649,77.556,True,c5_radio,0.8522430658340454,0.8969,orange,17,False,driver_roi,[]
4650,77.572,True,c5_radio,0.8542474508285522,0.9117,red,18,False,driver_roi,[]
4651,77.589,True,c5_radio,0.8542474508285522,0.9117,red,18,False,driver_roi,[]
4652,77.606,True,c5_radio,0.8546556830406189,0.9265,red,19,False,driver_roi,[]
4653,77.622,True,c5_radio,0.8546556830406189,0.9265,red,19,False,driver_roi,[]
4654,77.639,True,c5_radio,0.8531667590141296,0.9411,red,20,False,driver_roi,[]
4655,77.656,True,c5_radio,0.8531667590141296,0.9411,red,20,False,driver_roi,[]
4656,77.672,True,c5_radio,0.8520179390907288,0.9559,red,21,False,driver_roi,[]
4657,77.689,True,c5_radio,0.8520179390907288,0.9559,red,21,False,driver_roi,[]
4658,77.706,True,c5_radio,0.8478760123252869,0.9706,red,22,False,driver_roi,[]
4659,77.722,True,c5_radio,0.8478760123252869,0.9706,red,22,False,driver_roi,[]
4660,77.739,True,c5_radio,0.8479792475700378,0.9852,red,23,False,driver_roi,[]
4661,77.756,True,c5_radio,0.8479792475700378,0.9852,red,23,False,driver_roi,[]
4662,77.772,True,c5_radio,0.8482401371002197,0.9998,red,24,True,driver_roi,[]
4663,77.789,True,c5_radio,0.8482401371002197,0.9998,red,24,True,driver_roi,[]
4664,77.806,True,c5_radio,0.848801851272583,0.9998,red,25,True,driver_roi,[]
4665,77.823,True,c5_radio,0.848801851272583,0.9998,red,25,True,driver_roi,[]
4666,77.839,True,c5_radio,0.8514219522476196,0.9998,red,26,True,driver_roi,[]
4667,77.856,True,c5_radio,0.8514219522476196,0.9998,red,26,True,driver_roi,[]
4668,77.873,True,c5_radio,0.8577305674552917,0.9998,red,27,True,driver_roi,[]
4669,77.889,True,c5_radio,0.8577305674552917,0.9998,red,27,True,driver_roi,[]
4670,77.906,True,c5_radio,0.8703333735466003,0.9998,red,28,True,driver_roi,[]
4671,77.923,True,c5_radio,0.8703333735466003,0.9998,red,28,True,driver_roi,[]
4672,77.939,True,c5_radio,0.8857426047325134,0.9999,red,29,True,driver_roi,[]
4673,77.956,True,c5_radio,0.8857426047325134,0.9999,red,29,True,driver_roi,[]
4674,77.973,True,c5_radio,0.9003008604049683,0.9999,red,30,True,driver_roi,[]
4675,77.989,True,c5_radio,0.9003008604049683,0.9999,red,30,True,driver_roi,[]
4676,78.006,True,c5_radio,0.9136294722557068,0.9999,red,31,True,driver_roi,[]
4677,78.023,True,c5_radio,0.9136294722557068,0.9999,red,31,True,driver_roi,[]
4678,78.039,True,c5_radio,0.9236793518066406,0.9999,red,32,True,driver_roi,[]
4679,78.056,True,c5_radio,0.9236793518066406,0.9999,red,32,True,driver_roi,[]
4680,78.073,True,c5_radio,0.9291712641716003,0.9999,red,33,True,driver_roi,[]
4681,78.089,True,c5_radio,0.9291712641716003,0.9999,red,33,True,driver_roi,[]
4682,78.106,True,c5_radio,0.9292402267456055,1.0,red,34,True,driver_roi,[]
4683,78.123,True,c5_radio,0.9292402267456055,1.0,red,34,True,driver_roi,[]
4684,78.139,True,c5_radio,0.9111581444740295,1.0,red,35,True,driver_roi,[]
4685,78.156,True,c5_radio,0.9111581444740295,1.0,red,35,True,driver_roi,[]
4686,78.173,True,c5_radio,0.889573335647583,1.0,red,36,True,driver_roi,[]
4687,78.19,True,c5_radio,0.889573335647583,1.0,red,36,True,driver_roi,[]
4688,78.206,True,c5_radio,0.8643819689750671,1.0,red,37,True,driver_roi,[]
4689,78.223,True,c5_radio,0.8643819689750671,1.0,red,37,True,driver_roi,[]
4690,78.24,True,c5_radio,0.8385471701622009,1.0,red,38,True,driver_roi,[]
4691,78.256,True,c5_radio,0.8385471701622009,1.0,red,38,True,driver_roi,[]
4692,78.273,True,c5_radio,0.8163380026817322,1.0,red,39,True,driver_roi,[]
4693,78.29,True,c5_radio,0.8163380026817322,1.0,red,39,True,driver_roi,[]
4694,78.306,True,c5_radio,0.7966897487640381,1.0,red,40,True,driver_roi,[]
4695,78.323,True,c5_radio,0.7966897487640381,1.0,red,40,True,driver_roi,[]
4696,78.34,True,c5_radio,0.772041916847229,1.0,red,39,True,driver_roi,[]
4697,78.356,True,c5_radio,0.772041916847229,1.0,red,39,True,driver_roi,[]
4698,78.373,True,c5_radio,0.7481120824813843,1.0,red,38,True,driver_roi,[]
4699,78.39,True,c5_radio,0.7481120824813843,1.0,red,38,True,driver_roi,[]
4700,78.406,True,c5_radio,0.7253921627998352,1.0,red,37,True,driver_roi,[]
4701,78.423,True,c5_radio,0.7253921627998352,1.0,red,37,True,driver_roi,[]
4702,78.44,True,c5_radio,0.7123275995254517,1.0,red,36,True,driver_roi,[]
4703,78.456,True,c5_radio,0.7123275995254517,1.0,red,36,True,driver_roi,[]
4704,78.473,True,c5_radio,0.7002493739128113,1.0,red,35,True,driver_roi,[]
4705,78.49,True,c5_radio,0.7002493739128113,1.0,red,35,True,driver_roi,[]
4706,78.506,True,c5_radio,0.6894465684890747,1.0,red,34,True,driver_roi,[]
4707,78.523,True,c5_radio,0.6894465684890747,1.0,red,34,True,driver_roi,[]
4708,78.54,True,c5_radio,0.6820802688598633,1.0,red,33,True,driver_roi,[]
4709,78.557,True,c5_radio,0.6820802688598633,1.0,red,33,True,driver_roi,[]
4710,78.573,True,c5_radio,0.6719079613685608,1.0,red,32,True,driver_roi,[]
4711,78.59,True,c5_radio,0.6719079613685608,1.0,red,32,True,driver_roi,[]
4712,78.607,True,c5_radio,0.6589815616607666,1.0,red,31,True,driver_roi,[]
4713,78.623,True,c5_radio,0.6589815616607666,1.0,red,31,True,driver_roi,[]
4714,78.64,True,c5_radio,0.6523510813713074,1.0,red,30,True,driver_roi,[]
4715,78.657,True,c5_radio,0.6523510813713074,1.0,red,30,True,driver_roi,[]
4716,78.673,True,c5_radio,0.653662383556366,1.0,red,29,True,driver_roi,[]
4717,78.69,True,c5_radio,0.653662383556366,1.0,red,29,True,driver_roi,[]
4718,78.707,True,c5_radio,0.6587064266204834,1.0,red,28,True,driver_roi,[]
4719,78.723,True,c5_radio,0.6587064266204834,1.0,red,28,True,driver_roi,[]
4720,78.74,True,c5_radio,0.6589643955230713,1.0,red,27,True,driver_roi,[]
4721,78.757,True,c5_radio,0.6589643955230713,1.0,red,27,True,driver_roi,[]
4722,78.773,True,c5_radio,0.6467224359512329,1.0,red,26,True,driver_roi,[]
4723,78.79,True,c5_radio,0.6467224359512329,1.0,red,26,True,driver_roi,[]
4724,78.807,True,c5_radio,0.6252148747444153,0.9999,red,25,True,driver_roi,[]
4725,78.823,True,c5_radio,0.6252148747444153,0.9999,red,25,True,driver_roi,[]
4726,78.84,True,c5_radio,0.595641553401947,0.9999,red,24,True,driver_roi,[]
4727,78.857,True,c5_radio,0.595641553401947,0.9999,red,24,True,driver_roi,[]
4728,78.873,True,c5_radio,0.5674450993537903,0.9854,red,23,False,driver_roi,[]
4729,78.89,True,c5_radio,0.5674450993537903,0.9854,red,23,False,driver_roi,[]
4730,78.907,True,c5_radio,0.5375292301177979,0.9708,red,22,False,driver_roi,[]
4731,78.924,True,c5_radio,0.5375292301177979,0.9708,red,22,False,driver_roi,[]
4732,78.94,True,c5_radio,0.5081083178520203,0.9562,red,21,False,driver_roi,[]
4733,78.957,True,c5_radio,0.5081083178520203,0.9562,red,21,False,driver_roi,[]
4734,78.974,True,c5_radio,0.4771222174167633,0.9416,red,20,False,driver_roi,[]
4735,78.99,True,c5_radio,0.4771222174167633,0.9416,red,20,False,driver_roi,[]
4736,79.007,True,c8_makeup,0.49505800008773804,0.927,red,19,False,driver_roi,[]
4737,79.024,True,c8_makeup,0.49505800008773804,0.927,red,19,False,driver_roi,[]
4738,79.04,True,c8_makeup,0.5201917290687561,0.9124,red,18,False,driver_roi,[]
4739,79.057,True,c8_makeup,0.5201917290687561,0.9124,red,18,False,driver_roi,[]
4740,79.074,True,c8_makeup,0.5348924994468689,0.8978,orange,17,False,driver_roi,[]
4741,79.09,True,c8_makeup,0.5348924994468689,0.8978,orange,17,False,driver_roi,[]
4742,79.107,True,c8_makeup,0.541095495223999,0.8832,orange,16,False,driver_roi,[]
4743,79.124,True,c8_makeup,0.541095495223999,0.8832,orange,16,False,driver_roi,[]
4744,79.14,True,c8_makeup,0.5325259566307068,0.8686,orange,15,False,driver_roi,[]
4745,79.157,True,c8_makeup,0.5325259566307068,0.8686,orange,15,False,driver_roi,[]
4746,79.174,True,c8_makeup,0.5238617062568665,0.854,orange,14,False,driver_roi,[]
4747,79.19,True,c8_makeup,0.5238617062568665,0.854,orange,14,False,driver_roi,[]
4748,79.207,True,c8_makeup,0.517297089099884,0.8394,orange,13,False,driver_roi,[]
4749,79.224,True,c8_makeup,0.517297089099884,0.8394,orange,13,False,driver_roi,[]
4750,79.241,True,c8_makeup,0.5137047171592712,0.8248,orange,12,False,driver_roi,[]
4751,79.257,True,c8_makeup,0.5137047171592712,0.8248,orange,12,False,driver_roi,[]
4752,79.274,True,c8_makeup,0.5192986726760864,0.8102,orange,11,False,driver_roi,[]
4753,79.291,True,c8_makeup,0.5192986726760864,0.8102,orange,11,False,driver_roi,[]
4754,79.307,True,c8_makeup,0.5262195467948914,0.7955,orange,10,False,driver_roi,[]
4755,79.324,True,c8_makeup,0.5262195467948914,0.7955,orange,10,False,driver_roi,[]
4756,79.341,True,c8_makeup,0.5280424952507019,0.7809,orange,9,False,driver_roi,[]
4757,79.357,True,c8_makeup,0.5280424952507019,0.7809,orange,9,False,driver_roi,[]
4758,79.374,True,c8_makeup,0.5306511521339417,0.7663,orange,8,False,driver_roi,[]
4759,79.391,True,c8_makeup,0.5306511521339417,0.7663,orange,8,False,driver_roi,[]
4760,79.407,True,c8_makeup,0.5308199524879456,0.7517,orange,7,False,driver_roi,[]
4761,79.424,True,c8_makeup,0.5308199524879456,0.7517,orange,7,False,driver_roi,[]
4762,79.441,True,c8_makeup,0.5372241139411926,0.7371,orange,6,False,driver_roi,[]
4763,79.457,True,c8_makeup,0.5372241139411926,0.7371,orange,6,False,driver_roi,[]
4764,79.474,True,c8_makeup,0.5417050123214722,0.7225,orange,5,False,driver_roi,[]
4765,79.491,True,c8_makeup,0.5417050123214722,0.7225,orange,5,False,driver_roi,[]
4766,79.507,True,c8_makeup,0.5431665182113647,0.7079,orange,4,False,driver_roi,[]
4767,79.524,True,c8_makeup,0.5431665182113647,0.7079,orange,4,False,driver_roi,[]
4768,79.541,True,c8_makeup,0.5492314100265503,0.6933,yellow,3,False,driver_roi,[]
4769,79.557,True,c8_makeup,0.5492314100265503,0.6933,yellow,3,False,driver_roi,[]
4770,79.574,True,c8_makeup,0.5503190159797668,0.6787,yellow,2,False,driver_roi,[]
4771,79.591,True,c8_makeup,0.5503190159797668,0.6787,yellow,2,False,driver_roi,[]
4772,79.608,True,c8_makeup,0.5462292432785034,0.6641,yellow,1,False,driver_roi,[]
4773,79.624,True,c8_makeup,0.5462292432785034,0.6641,yellow,1,False,driver_roi,[]
4774,79.641,True,c8_makeup,0.5454015731811523,0.6495,yellow,0,False,driver_roi,[]
4775,79.658,True,c8_makeup,0.5454015731811523,0.6495,yellow,0,False,driver_roi,[]
4776,79.674,True,c8_makeup,0.5486010909080505,0.6495,yellow,0,False,driver_roi,[]
4777,79.691,True,c8_makeup,0.5486010909080505,0.6495,yellow,0,False,driver_roi,[]
4778,79.708,True,c8_makeup,0.5545327663421631,0.6495,yellow,0,False,driver_roi,[]
4779,79.724,True,c8_makeup,0.5545327663421631,0.6495,yellow,0,False,driver_roi,[]
4780,79.741,True,c8_makeup,0.561121940612793,0.6495,yellow,0,False,driver_roi,[]
4781,79.758,True,c8_makeup,0.561121940612793,0.6495,yellow,0,False,driver_roi,[]
4782,79.774,True,c8_makeup,0.5558522939682007,0.6495,yellow,0,False,driver_roi,[]
4783,79.791,True,c8_makeup,0.5558522939682007,0.6495,yellow,0,False,driver_roi,[]
4784,79.808,True,c8_makeup,0.5441001653671265,0.6495,yellow,0,False,driver_roi,[]
4785,79.824,True,c8_makeup,0.5441001653671265,0.6495,yellow,0,False,driver_roi,[]
4786,79.841,True,c8_makeup,0.5197466015815735,0.6495,yellow,0,False,driver_roi,[]
4787,79.858,True,c8_makeup,0.5197466015815735,0.6495,yellow,0,False,driver_roi,[]
4788,79.874,True,c8_makeup,0.495578408241272,0.6495,yellow,0,False,driver_roi,[]
4789,79.891,True,c8_makeup,0.495578408241272,0.6495,yellow,0,False,driver_roi,[]
4790,79.908,True,c8_makeup,0.47415924072265625,0.6495,yellow,0,False,driver_roi,[]
4791,79.924,True,c8_makeup,0.47415924072265625,0.6495,yellow,0,False,driver_roi,[]
4792,79.941,True,c8_makeup,0.45449861884117126,0.6495,yellow,0,False,driver_roi,[]
4793,79.958,True,c8_makeup,0.45449861884117126,0.6495,yellow,0,False,driver_roi,[]
4794,79.975,True,c7_reaching,0.4635195732116699,0.6495,yellow,0,False,driver_roi,[]
4795,79.991,True,c7_reaching,0.4635195732116699,0.6495,yellow,0,False,driver_roi,[]
4796,80.008,True,c7_reaching,0.48926177620887756,0.6495,yellow,0,False,driver_roi,[]
4797,80.025,True,c7_reaching,0.48926177620887756,0.6495,yellow,0,False,driver_roi,[]
4798,80.041,True,c7_reaching,0.51051265001297,0.6495,yellow,0,False,driver_roi,[]
4799,80.058,True,c7_reaching,0.51051265001297,0.6495,yellow,0,False,driver_roi,[]
4800,80.075,True,c7_reaching,0.5283161401748657,0.6495,yellow,0,False,driver_roi,[]
4801,80.091,True,c7_reaching,0.5283161401748657,0.6495,yellow,0,False,driver_roi,[]
4802,80.108,True,c7_reaching,0.5448489785194397,0.6495,yellow,0,False,driver_roi,[]
4803,80.125,True,c7_reaching,0.5448489785194397,0.6495,yellow,0,False,driver_roi,[]
4804,80.141,True,c7_reaching,0.560218095779419,0.6495,yellow,0,False,driver_roi,[]
4805,80.158,True,c7_reaching,0.560218095779419,0.6495,yellow,0,False,driver_roi,[]
4806,80.175,True,c7_reaching,0.5746557712554932,0.6495,yellow,0,False,driver_roi,[]
4807,80.191,True,c7_reaching,0.5746557712554932,0.6495,yellow,0,False,driver_roi,[]
4808,80.208,True,c7_reaching,0.5934997797012329,0.6496,yellow,0,False,driver_roi,[]
4809,80.225,True,c7_reaching,0.5934997797012329,0.6496,yellow,0,False,driver_roi,[]
4810,80.241,True,c7_reaching,0.6136357188224792,0.6496,yellow,0,False,driver_roi,[]
4811,80.258,True,c7_reaching,0.6136357188224792,0.6496,yellow,0,False,driver_roi,[]
4812,80.275,True,c7_reaching,0.6368222832679749,0.6496,yellow,0,False,driver_roi,[]
4813,80.291,True,c7_reaching,0.6368222832679749,0.6496,yellow,0,False,driver_roi,[]
4814,80.308,True,c7_reaching,0.6578273773193359,0.6497,yellow,0,False,driver_roi,[]
4815,80.325,True,c7_reaching,0.6578273773193359,0.6497,yellow,0,False,driver_roi,[]
4816,80.342,True,c7_reaching,0.6708387136459351,0.6497,yellow,0,False,driver_roi,[]
4817,80.358,True,c7_reaching,0.6708387136459351,0.6497,yellow,0,False,driver_roi,[]
4818,80.375,True,c7_reaching,0.6830574870109558,0.6497,yellow,0,False,driver_roi,[]
4819,80.392,True,c7_reaching,0.6830574870109558,0.6497,yellow,0,False,driver_roi,[]
4820,80.408,True,c7_reaching,0.6860169172286987,0.6497,yellow,0,False,driver_roi,[]
4821,80.425,True,c7_reaching,0.6860169172286987,0.6497,yellow,0,False,driver_roi,[]
4822,80.442,True,c7_reaching,0.68961501121521,0.6498,yellow,0,False,driver_roi,[]
4823,80.458,True,c7_reaching,0.68961501121521,0.6498,yellow,0,False,driver_roi,[]
4824,80.475,True,c7_reaching,0.6900120377540588,0.6498,yellow,0,False,driver_roi,[]
4825,80.492,True,c7_reaching,0.6900120377540588,0.6498,yellow,0,False,driver_roi,[]
4826,80.508,True,c7_reaching,0.6846691966056824,0.6498,yellow,0,False,driver_roi,[]
4827,80.525,True,c7_reaching,0.6846691966056824,0.6498,yellow,0,False,driver_roi,[]
4828,80.542,True,c7_reaching,0.6771997809410095,0.6498,yellow,0,False,driver_roi,[]
4829,80.558,True,c7_reaching,0.6771997809410095,0.6498,yellow,0,False,driver_roi,[]
4830,80.575,True,c7_reaching,0.6713587045669556,0.6498,yellow,0,False,driver_roi,[]
4831,80.592,True,c7_reaching,0.6713587045669556,0.6498,yellow,0,False,driver_roi,[]
4832,80.608,True,c7_reaching,0.6571139097213745,0.6498,yellow,0,False,driver_roi,[]
4833,80.625,True,c7_reaching,0.6571139097213745,0.6498,yellow,0,False,driver_roi,[]
4834,80.642,True,c7_reaching,0.6423154473304749,0.6498,yellow,0,False,driver_roi,[]
4835,80.658,True,c7_reaching,0.6423154473304749,0.6498,yellow,0,False,driver_roi,[]
4836,80.675,True,c7_reaching,0.6258270144462585,0.6498,yellow,0,False,driver_roi,[]
4837,80.692,True,c7_reaching,0.6258270144462585,0.6498,yellow,0,False,driver_roi,[]
4838,80.709,True,c7_reaching,0.610899031162262,0.6498,yellow,0,False,driver_roi,[]
4839,80.725,True,c7_reaching,0.610899031162262,0.6498,yellow,0,False,driver_roi,[]
4840,80.742,True,c7_reaching,0.5955329537391663,0.6498,yellow,0,False,driver_roi,[]
4841,80.759,True,c7_reaching,0.5955329537391663,0.6498,yellow,0,False,driver_roi,[]
4842,80.775,True,c7_reaching,0.5749189257621765,0.6498,yellow,0,False,driver_roi,[]
4843,80.792,True,c7_reaching,0.5749189257621765,0.6498,yellow,0,False,driver_roi,[]
4844,80.809,True,c7_reaching,0.5545853972434998,0.6498,yellow,0,False,driver_roi,[]
4845,80.825,True,c7_reaching,0.5545853972434998,0.6498,yellow,0,False,driver_roi,[]
4846,80.842,True,c7_reaching,0.539489209651947,0.6498,yellow,0,False,driver_roi,[]
4847,80.859,True,c7_reaching,0.539489209651947,0.6498,yellow,0,False,driver_roi,[]
4848,80.875,True,c7_reaching,0.5261742472648621,0.6498,yellow,0,False,driver_roi,[]
4849,80.892,True,c7_reaching,0.5261742472648621,0.6498,yellow,0,False,driver_roi,[]
4850,80.909,True,c7_reaching,0.5127307772636414,0.6498,yellow,0,False,driver_roi,[]
4851,80.925,True,c7_reaching,0.5127307772636414,0.6498,yellow,0,False,driver_roi,[]
4852,80.942,True,c7_reaching,0.4979396462440491,0.6498,yellow,0,False,driver_roi,[]
4853,80.959,True,c7_reaching,0.4979396462440491,0.6498,yellow,0,False,driver_roi,[]
4854,80.975,True,c8_makeup,0.49021297693252563,0.6498,yellow,0,False,driver_roi,[]
4855,80.992,True,c8_makeup,0.49021297693252563,0.6498,yellow,0,False,driver_roi,[]
4856,81.009,True,c8_makeup,0.4983155429363251,0.6498,yellow,0,False,driver_roi,[]
4857,81.025,True,c8_makeup,0.4983155429363251,0.6498,yellow,0,False,driver_roi,[]
4858,81.042,True,c8_makeup,0.5036693811416626,0.6498,yellow,0,False,driver_roi,[]
4859,81.059,True,c8_makeup,0.5036693811416626,0.6498,yellow,0,False,driver_roi,[]
4860,81.076,True,c8_makeup,0.5067784190177917,0.6498,yellow,0,False,driver_roi,[]
4861,81.092,True,c8_makeup,0.5067784190177917,0.6498,yellow,0,False,driver_roi,[]
4862,81.109,True,c8_makeup,0.5130966901779175,0.6498,yellow,0,False,driver_roi,[]
4863,81.126,True,c8_makeup,0.5130966901779175,0.6498,yellow,0,False,driver_roi,[]
4864,81.142,True,c8_makeup,0.5180087089538574,0.6498,yellow,0,False,driver_roi,[]
4865,81.159,True,c8_makeup,0.5180087089538574,0.6498,yellow,0,False,driver_roi,[]
4866,81.176,True,c8_makeup,0.5222896337509155,0.6498,yellow,0,False,driver_roi,[]
4867,81.192,True,c8_makeup,0.5222896337509155,0.6498,yellow,0,False,driver_roi,[]
4868,81.209,True,c8_makeup,0.5328994989395142,0.6498,yellow,0,False,driver_roi,[]
4869,81.226,True,c8_makeup,0.5328994989395142,0.6498,yellow,0,False,driver_roi,[]
4870,81.242,True,c8_makeup,0.54710853099823,0.6498,yellow,0,False,driver_roi,[]
4871,81.259,True,c8_makeup,0.54710853099823,0.6498,yellow,0,False,driver_roi,[]
4872,81.276,True,c8_makeup,0.5603734850883484,0.6498,yellow,0,False,driver_roi,[]
4873,81.292,True,c8_makeup,0.5603734850883484,0.6498,yellow,0,False,driver_roi,[]
4874,81.309,True,c8_makeup,0.5728257298469543,0.6498,yellow,0,False,driver_roi,[]
4875,81.326,True,c8_makeup,0.5728257298469543,0.6498,yellow,0,False,driver_roi,[]
4876,81.342,True,c8_makeup,0.5783721804618835,0.6498,yellow,0,False,driver_roi,[]
4877,81.359,True,c8_makeup,0.5783721804618835,0.6498,yellow,0,False,driver_roi,[]
4878,81.376,True,c8_makeup,0.5853005647659302,0.6498,yellow,0,False,driver_roi,[]
4879,81.393,True,c8_makeup,0.5853005647659302,0.6498,yellow,0,False,driver_roi,[]
4880,81.409,True,c8_makeup,0.5859134197235107,0.6498,yellow,0,False,driver_roi,[]
4881,81.426,True,c8_makeup,0.5859134197235107,0.6498,yellow,0,False,driver_roi,[]
4882,81.443,True,c8_makeup,0.5845078825950623,0.6498,yellow,0,False,driver_roi,[]
4883,81.459,True,c8_makeup,0.5845078825950623,0.6498,yellow,0,False,driver_roi,[]
4884,81.476,True,c8_makeup,0.5863087773323059,0.6498,yellow,0,False,driver_roi,[]
4885,81.493,True,c8_makeup,0.5863087773323059,0.6498,yellow,0,False,driver_roi,[]
4886,81.509,True,c8_makeup,0.5877288579940796,0.6498,yellow,0,False,driver_roi,[]
4887,81.526,True,c8_makeup,0.5877288579940796,0.6498,yellow,0,False,driver_roi,[]
4888,81.543,True,c8_makeup,0.5839427709579468,0.6498,yellow,0,False,driver_roi,[]
4889,81.559,True,c8_makeup,0.5839427709579468,0.6498,yellow,0,False,driver_roi,[]
4890,81.576,True,c8_makeup,0.5835781693458557,0.6498,yellow,0,False,driver_roi,[]
4891,81.593,True,c8_makeup,0.5835781693458557,0.6498,yellow,0,False,driver_roi,[]
4892,81.609,True,c8_makeup,0.578141450881958,0.6498,yellow,0,False,driver_roi,[]
4893,81.626,True,c8_makeup,0.578141450881958,0.6498,yellow,0,False,driver_roi,[]
4894,81.643,True,c8_makeup,0.5688876509666443,0.6499,yellow,0,False,driver_roi,[]
4895,81.659,True,c8_makeup,0.5688876509666443,0.6499,yellow,0,False,driver_roi,[]
4896,81.676,True,c8_makeup,0.5644315481185913,0.6499,yellow,0,False,driver_roi,[]
4897,81.693,True,c8_makeup,0.5644315481185913,0.6499,yellow,0,False,driver_roi,[]
4898,81.709,True,c8_makeup,0.5603501200675964,0.6499,yellow,0,False,driver_roi,[]
4899,81.726,True,c8_makeup,0.5603501200675964,0.6499,yellow,0,False,driver_roi,[]
4900,81.743,True,c8_makeup,0.5565825700759888,0.6499,yellow,0,False,driver_roi,[]
4901,81.76,True,c8_makeup,0.5565825700759888,0.6499,yellow,0,False,driver_roi,[]
4902,81.776,True,c8_makeup,0.5494040846824646,0.6498,yellow,0,False,driver_roi,[]
4903,81.793,True,c8_makeup,0.5494040846824646,0.6498,yellow,0,False,driver_roi,[]
4904,81.81,True,c8_makeup,0.5424205660820007,0.6498,yellow,0,False,driver_roi,[]
4905,81.826,True,c8_makeup,0.5424205660820007,0.6498,yellow,0,False,driver_roi,[]
4906,81.843,True,c8_makeup,0.542097270488739,0.6498,yellow,0,False,driver_roi,[]
4907,81.86,True,c8_makeup,0.542097270488739,0.6498,yellow,0,False,driver_roi,[]
4908,81.876,True,c8_makeup,0.5432677865028381,0.6498,yellow,0,False,driver_roi,[]
4909,81.893,True,c8_makeup,0.5432677865028381,0.6498,yellow,0,False,driver_roi,[]
4910,81.91,True,c8_makeup,0.5423617959022522,0.6498,yellow,0,False,driver_roi,[]
4911,81.926,True,c8_makeup,0.5423617959022522,0.6498,yellow,0,False,driver_roi,[]
4912,81.943,True,c8_makeup,0.5418561100959778,0.6498,yellow,0,False,driver_roi,[]
4913,81.96,True,c8_makeup,0.5418561100959778,0.6498,yellow,0,False,driver_roi,[]
4914,81.976,True,c8_makeup,0.5470539331436157,0.6498,yellow,0,False,driver_roi,[]
4915,81.993,True,c8_makeup,0.5470539331436157,0.6498,yellow,0,False,driver_roi,[]
4916,82.01,True,c8_makeup,0.5498476028442383,0.6498,yellow,0,False,driver_roi,[]
4917,82.026,True,c8_makeup,0.5498476028442383,0.6498,yellow,0,False,driver_roi,[]
4918,82.043,True,c8_makeup,0.5527521371841431,0.6498,yellow,0,False,driver_roi,[]
4919,82.06,True,c8_makeup,0.5527521371841431,0.6498,yellow,0,False,driver_roi,[]
4920,82.076,True,c8_makeup,0.5569155812263489,0.6498,yellow,0,False,driver_roi,[]
4921,82.093,True,c8_makeup,0.5569155812263489,0.6498,yellow,0,False,driver_roi,[]
4922,82.11,True,c8_makeup,0.5584519505500793,0.6498,yellow,0,False,driver_roi,[]
4923,82.127,True,c8_makeup,0.5584519505500793,0.6498,yellow,0,False,driver_roi,[]
4924,82.143,True,c8_makeup,0.5609341263771057,0.6498,yellow,0,False,driver_roi,[]
4925,82.16,True,c8_makeup,0.5609341263771057,0.6498,yellow,0,False,driver_roi,[]
4926,82.177,True,c8_makeup,0.5642787218093872,0.6498,yellow,0,False,driver_roi,[]
4927,82.193,True,c8_makeup,0.5642787218093872,0.6498,yellow,0,False,driver_roi,[]
4928,82.21,True,c8_makeup,0.5695472955703735,0.6498,yellow,0,False,driver_roi,[]
4929,82.227,True,c8_makeup,0.5695472955703735,0.6498,yellow,0,False,driver_roi,[]
4930,82.243,True,c8_makeup,0.5742750763893127,0.6498,yellow,0,False,driver_roi,[]
4931,82.26,True,c8_makeup,0.5742750763893127,0.6498,yellow,0,False,driver_roi,[]
4932,82.277,True,c8_makeup,0.5764933228492737,0.6498,yellow,0,False,driver_roi,[]
4933,82.293,True,c8_makeup,0.5764933228492737,0.6498,yellow,0,False,driver_roi,[]
4934,82.31,True,c8_makeup,0.5703327655792236,0.6497,yellow,0,False,driver_roi,[]
4935,82.327,True,c8_makeup,0.5703327655792236,0.6497,yellow,0,False,driver_roi,[]
4936,82.343,True,c8_makeup,0.5615139007568359,0.6496,yellow,0,False,driver_roi,[]
4937,82.36,True,c8_makeup,0.5615139007568359,0.6496,yellow,0,False,driver_roi,[]
4938,82.377,True,c8_makeup,0.5433598756790161,0.6496,yellow,0,False,driver_roi,[]
4939,82.393,True,c8_makeup,0.5433598756790161,0.6496,yellow,0,False,driver_roi,[]
4940,82.41,True,c8_makeup,0.526408314704895,0.6496,yellow,0,False,driver_roi,[]
4941,82.427,True,c8_makeup,0.526408314704895,0.6496,yellow,0,False,driver_roi,[]
4942,82.443,True,c8_makeup,0.5184603333473206,0.6495,yellow,0,False,driver_roi,[]
4943,82.46,True,c8_makeup,0.5184603333473206,0.6495,yellow,0,False,driver_roi,[]
4944,82.477,True,c8_makeup,0.5079668760299683,0.6495,yellow,0,False,driver_roi,[]
4945,82.494,True,c8_makeup,0.5079668760299683,0.6495,yellow,0,False,driver_roi,[]
4946,82.51,True,c8_makeup,0.4921730160713196,0.6495,yellow,0,False,driver_roi,[]
4947,82.527,True,c8_makeup,0.4921730160713196,0.6495,yellow,0,False,driver_roi,[]
4948,82.544,True,c8_makeup,0.4783477485179901,0.6495,yellow,0,False,driver_roi,[]
4949,82.56,True,c8_makeup,0.4783477485179901,0.6495,yellow,0,False,driver_roi,[]
4950,82.577,True,c8_makeup,0.46583351492881775,0.6495,yellow,0,False,driver_roi,[]
4951,82.594,True,c8_makeup,0.46583351492881775,0.6495,yellow,0,False,driver_roi,[]
4952,82.61,True,c8_makeup,0.4557897448539734,0.6495,yellow,0,False,driver_roi,[]
4953,82.627,True,c8_makeup,0.4557897448539734,0.6495,yellow,0,False,driver_roi,[]
4954,82.644,True,c8_makeup,0.4499689042568207,0.6495,yellow,0,False,driver_roi,[]
4955,82.66,True,c8_makeup,0.4499689042568207,0.6495,yellow,0,False,driver_roi,[]
4956,82.677,True,c8_makeup,0.4490671753883362,0.6494,yellow,0,False,driver_roi,[]
4957,82.694,True,c8_makeup,0.4490671753883362,0.6494,yellow,0,False,driver_roi,[]
4958,82.71,True,c8_makeup,0.44108739495277405,0.6493,yellow,0,False,driver_roi,[]
4959,82.727,True,c8_makeup,0.44108739495277405,0.6493,yellow,0,False,driver_roi,[]
4960,82.744,True,c8_makeup,0.4401415288448334,0.649,yellow,0,False,driver_roi,[]
4961,82.76,True,c8_makeup,0.4401415288448334,0.649,yellow,0,False,driver_roi,[]
4962,82.777,True,c8_makeup,0.43490979075431824,0.6487,yellow,0,False,driver_roi,[]
4963,82.794,True,c8_makeup,0.43490979075431824,0.6487,yellow,0,False,driver_roi,[]
4964,82.81,True,c8_makeup,0.44703778624534607,0.6486,yellow,0,False,driver_roi,[]
4965,82.827,True,c8_makeup,0.44703778624534607,0.6486,yellow,0,False,driver_roi,[]
4966,82.844,True,c8_makeup,0.4529210031032562,0.6486,yellow,0,False,driver_roi,[]
4967,82.861,True,c8_makeup,0.4529210031032562,0.6486,yellow,0,False,driver_roi,[]
4968,82.877,True,c8_makeup,0.46047893166542053,0.6485,yellow,0,False,driver_roi,[]
4969,82.894,True,c8_makeup,0.46047893166542053,0.6485,yellow,0,False,driver_roi,[]
4970,82.911,True,c8_makeup,0.4635419547557831,0.6484,yellow,0,False,driver_roi,[]
4971,82.927,True,c8_makeup,0.4635419547557831,0.6484,yellow,0,False,driver_roi,[]
4972,82.944,True,c8_makeup,0.4590100347995758,0.6484,yellow,0,False,driver_roi,[]
4973,82.961,True,c8_makeup,0.4590100347995758,0.6484,yellow,0,False,driver_roi,[]
4974,82.977,True,c8_makeup,0.4480682909488678,0.6484,yellow,0,False,driver_roi,[]
4975,82.994,True,c8_makeup,0.4480682909488678,0.6484,yellow,0,False,driver_roi,[]
4976,83.011,True,c8_makeup,0.45839768648147583,0.6484,yellow,0,False,driver_roi,[]
4977,83.027,True,c8_makeup,0.45839768648147583,0.6484,yellow,0,False,driver_roi,[]
4978,83.044,True,c8_makeup,0.4575110077857971,0.6483,yellow,0,False,driver_roi,[]
4979,83.061,True,c8_makeup,0.4575110077857971,0.6483,yellow,0,False,driver_roi,[]
4980,83.077,True,c8_makeup,0.4533424973487854,0.6483,yellow,0,False,driver_roi,[]
4981,83.094,True,c8_makeup,0.4533424973487854,0.6483,yellow,0,False,driver_roi,[]
4982,83.111,True,c8_makeup,0.4396969974040985,0.6483,yellow,0,False,driver_roi,[]
4983,83.127,True,c8_makeup,0.4396969974040985,0.6483,yellow,0,False,driver_roi,[]
4984,83.144,True,c8_makeup,0.4203222393989563,0.6483,yellow,0,False,driver_roi,[]
4985,83.161,True,c8_makeup,0.4203222393989563,0.6483,yellow,0,False,driver_roi,[]
4986,83.178,True,c8_makeup,0.40401023626327515,0.6478,yellow,0,False,driver_roi,[]
4987,83.194,True,c8_makeup,0.40401023626327515,0.6478,yellow,0,False,driver_roi,[]
4988,83.211,True,c8_makeup,0.3833981454372406,0.6468,yellow,0,False,driver_roi,[]
4989,83.228,True,c8_makeup,0.3833981454372406,0.6468,yellow,0,False,driver_roi,[]
4990,83.244,True,c8_makeup,0.3603554964065552,0.6458,yellow,0,False,driver_roi,[]
4991,83.261,True,c8_makeup,0.3603554964065552,0.6458,yellow,0,False,driver_roi,[]
4992,83.278,True,c8_makeup,0.3418668508529663,0.6449,yellow,0,False,driver_roi,[]
4993,83.294,True,c8_makeup,0.3418668508529663,0.6449,yellow,0,False,driver_roi,[]
4994,83.311,True,c8_makeup,0.32864484190940857,0.6447,yellow,0,False,driver_roi,[]
4995,83.328,True,c8_makeup,0.32864484190940857,0.6447,yellow,0,False,driver_roi,[]
4996,83.344,True,c8_makeup,0.31935760378837585,0.6428,yellow,0,False,driver_roi,[]
4997,83.361,True,c8_makeup,0.31935760378837585,0.6428,yellow,0,False,driver_roi,[]
4998,83.378,True,c8_makeup,0.3171871602535248,0.6398,yellow,0,False,driver_roi,[]
4999,83.394,True,c8_makeup,0.3171871602535248,0.6398,yellow,0,False,driver_roi,[]
5000,83.411,True,c8_makeup,0.31496813893318176,0.6373,yellow,0,False,driver_roi,[]
5001,83.428,True,c8_makeup,0.31496813893318176,0.6373,yellow,0,False,driver_roi,[]
5002,83.444,True,c8_makeup,0.3095113933086395,0.6351,yellow,0,False,driver_roi,[]
5003,83.461,True,c8_makeup,0.3095113933086395,0.6351,yellow,0,False,driver_roi,[]
5004,83.478,True,c8_makeup,0.3027009665966034,0.6314,yellow,0,False,driver_roi,[]
5005,83.494,True,c8_makeup,0.3027009665966034,0.6314,yellow,0,False,driver_roi,[]
5006,83.511,True,c5_radio,0.31485387682914734,0.6275,yellow,0,False,driver_roi,[]
5007,83.528,True,c5_radio,0.31485387682914734,0.6275,yellow,0,False,driver_roi,[]
5008,83.545,True,c5_radio,0.3361251652240753,0.6238,yellow,0,False,driver_roi,[]
5009,83.561,True,c5_radio,0.3361251652240753,0.6238,yellow,0,False,driver_roi,[]
5010,83.578,True,c5_radio,0.3572605848312378,0.6196,yellow,0,False,driver_roi,[]
5011,83.595,True,c5_radio,0.3572605848312378,0.6196,yellow,0,False,driver_roi,[]
5012,83.611,True,c5_radio,0.3754163086414337,0.616,yellow,0,False,driver_roi,[]
5013,83.628,True,c5_radio,0.3754163086414337,0.616,yellow,0,False,driver_roi,[]
5014,83.645,True,c5_radio,0.3899892568588257,0.6122,yellow,0,False,driver_roi,[]
5015,83.661,True,c5_radio,0.3899892568588257,0.6122,yellow,0,False,driver_roi,[]
5016,83.678,True,c5_radio,0.4008636772632599,0.609,yellow,0,False,driver_roi,[]
5017,83.695,True,c5_radio,0.4008636772632599,0.609,yellow,0,False,driver_roi,[]
5018,83.711,True,c5_radio,0.4021417200565338,0.6075,yellow,0,False,driver_roi,[]
5019,83.728,True,c5_radio,0.4021417200565338,0.6075,yellow,0,False,driver_roi,[]
5020,83.745,True,c5_radio,0.41551539301872253,0.607,yellow,0,False,driver_roi,[]
5021,83.761,True,c5_radio,0.41551539301872253,0.607,yellow,0,False,driver_roi,[]
5022,83.778,True,c5_radio,0.43282997608184814,0.6065,yellow,0,False,driver_roi,[]
5023,83.795,True,c5_radio,0.43282997608184814,0.6065,yellow,0,False,driver_roi,[]
5024,83.811,True,c5_radio,0.46114271879196167,0.606,yellow,0,False,driver_roi,[]
5025,83.828,True,c5_radio,0.46114271879196167,0.606,yellow,0,False,driver_roi,[]
5026,83.845,True,c5_radio,0.49124711751937866,0.6056,yellow,0,False,driver_roi,[]
5027,83.861,True,c5_radio,0.49124711751937866,0.6056,yellow,0,False,driver_roi,[]
5028,83.878,True,c5_radio,0.5191900730133057,0.6048,yellow,0,False,driver_roi,[]
5029,83.895,True,c5_radio,0.5191900730133057,0.6048,yellow,0,False,driver_roi,[]
5030,83.912,True,c5_radio,0.5423132181167603,0.603,yellow,0,False,driver_roi,[]
5031,83.928,True,c5_radio,0.5423132181167603,0.603,yellow,0,False,driver_roi,[]
5032,83.945,True,c5_radio,0.569803774356842,0.6018,yellow,0,False,driver_roi,[]
5033,83.962,True,c5_radio,0.569803774356842,0.6018,yellow,0,False,driver_roi,[]
5034,83.978,True,c5_radio,0.5990790724754333,0.6011,yellow,0,False,driver_roi,[]
5035,83.995,True,c5_radio,0.5990790724754333,0.6011,yellow,0,False,driver_roi,[]
5036,84.012,True,c5_radio,0.6267182230949402,0.6003,yellow,0,False,driver_roi,[]
5037,84.028,True,c5_radio,0.6267182230949402,0.6003,yellow,0,False,driver_roi,[]
5038,84.045,True,c5_radio,0.6526800394058228,0.5993,yellow,0,False,driver_roi,[]
5039,84.062,True,c5_radio,0.6526800394058228,0.5993,yellow,0,False,driver_roi,[]
5040,84.078,True,c5_radio,0.6707348227500916,0.5985,yellow,0,False,driver_roi,[]
5041,84.095,True,c5_radio,0.6707348227500916,0.5985,yellow,0,False,driver_roi,[]
5042,84.112,True,c5_radio,0.6703399419784546,0.5975,yellow,0,False,driver_roi,[]
5043,84.128,True,c5_radio,0.6703399419784546,0.5975,yellow,0,False,driver_roi,[]
5044,84.145,True,c5_radio,0.6605554819107056,0.5961,yellow,0,False,driver_roi,[]
5045,84.162,True,c5_radio,0.6605554819107056,0.5961,yellow,0,False,driver_roi,[]
5046,84.178,True,c5_radio,0.6658996939659119,0.5951,yellow,0,False,driver_roi,[]
5047,84.195,True,c5_radio,0.6658996939659119,0.5951,yellow,0,False,driver_roi,[]
5048,84.212,True,c5_radio,0.6685117483139038,0.5939,yellow,0,False,driver_roi,[]
5049,84.228,True,c5_radio,0.6685117483139038,0.5939,yellow,0,False,driver_roi,[]
5050,84.245,True,c5_radio,0.6716412901878357,0.5938,yellow,0,False,driver_roi,[]
5051,84.262,True,c5_radio,0.6716412901878357,0.5938,yellow,0,False,driver_roi,[]
5052,84.279,True,c5_radio,0.6781426668167114,0.5941,yellow,0,False,driver_roi,[]
5053,84.295,True,c5_radio,0.6781426668167114,0.5941,yellow,0,False,driver_roi,[]
5054,84.312,True,c5_radio,0.6765041947364807,0.5937,yellow,0,False,driver_roi,[]
5055,84.329,True,c5_radio,0.6765041947364807,0.5937,yellow,0,False,driver_roi,[]
5056,84.345,True,c5_radio,0.6841270923614502,0.5951,yellow,0,False,driver_roi,[]
5057,84.362,True,c5_radio,0.6841270923614502,0.5951,yellow,0,False,driver_roi,[]
5058,84.379,True,c5_radio,0.6945465207099915,0.5973,yellow,0,False,driver_roi,[]
5059,84.395,True,c5_radio,0.6945465207099915,0.5973,yellow,0,False,driver_roi,[]
5060,84.412,True,c5_radio,0.7101061344146729,0.5991,yellow,0,False,driver_roi,[]
5061,84.429,True,c5_radio,0.7101061344146729,0.5991,yellow,0,False,driver_roi,[]
5062,84.445,True,c5_radio,0.7263391613960266,0.6005,yellow,0,False,driver_roi,[]
5063,84.462,True,c5_radio,0.7263391613960266,0.6005,yellow,0,False,driver_roi,[]
5064,84.479,True,c5_radio,0.7360738515853882,0.6036,yellow,0,False,driver_roi,[]
5065,84.495,True,c5_radio,0.7360738515853882,0.6036,yellow,0,False,driver_roi,[]
5066,84.512,True,c5_radio,0.7426883578300476,0.6069,yellow,0,False,driver_roi,[]
5067,84.529,True,c5_radio,0.7426883578300476,0.6069,yellow,0,False,driver_roi,[]
5068,84.545,True,c5_radio,0.7468544244766235,0.6099,yellow,0,False,driver_roi,[]
5069,84.562,True,c5_radio,0.7468544244766235,0.6099,yellow,0,False,driver_roi,[]
5070,84.579,True,c5_radio,0.7519093751907349,0.6135,yellow,0,False,driver_roi,[]
5071,84.595,True,c5_radio,0.7519093751907349,0.6135,yellow,0,False,driver_roi,[]
5072,84.612,True,c5_radio,0.7593547701835632,0.6167,yellow,0,False,driver_roi,[]
5073,84.629,True,c5_radio,0.7593547701835632,0.6167,yellow,0,False,driver_roi,[]
5074,84.646,True,c5_radio,0.7701835036277771,0.6203,yellow,0,False,driver_roi,[]
5075,84.662,True,c5_radio,0.7701835036277771,0.6203,yellow,0,False,driver_roi,[]
5076,84.679,True,c5_radio,0.7831514477729797,0.6379,yellow,1,False,driver_roi,[]
5077,84.696,True,c5_radio,0.7831514477729797,0.6379,yellow,1,False,driver_roi,[]
5078,84.712,True,c5_radio,0.7974499464035034,0.6539,yellow,2,False,driver_roi,[]
5079,84.729,True,c5_radio,0.7974499464035034,0.6539,yellow,2,False,driver_roi,[]
5080,84.746,True,c5_radio,0.803454577922821,0.669,yellow,3,False,driver_roi,[]
5081,84.762,True,c5_radio,0.803454577922821,0.669,yellow,3,False,driver_roi,[]
5082,84.779,True,c5_radio,0.8061120510101318,0.6841,yellow,4,False,driver_roi,[]
5083,84.796,True,c5_radio,0.8061120510101318,0.6841,yellow,4,False,driver_roi,[]
5084,84.812,True,c5_radio,0.8019179105758667,0.6978,yellow,5,False,driver_roi,[]
5085,84.829,True,c5_radio,0.8019179105758667,0.6978,yellow,5,False,driver_roi,[]
5086,84.846,True,c5_radio,0.7966731190681458,0.7109,orange,6,False,driver_roi,[]
5087,84.862,True,c5_radio,0.7966731190681458,0.7109,orange,6,False,driver_roi,[]
5088,84.879,True,c5_radio,0.7907613515853882,0.7235,orange,7,False,driver_roi,[]
5089,84.896,True,c5_radio,0.7907613515853882,0.7235,orange,7,False,driver_roi,[]
5090,84.912,True,c5_radio,0.787872314453125,0.7351,orange,8,False,driver_roi,[]
5091,84.929,True,c5_radio,0.787872314453125,0.7351,orange,8,False,driver_roi,[]
5092,84.946,True,c5_radio,0.7789044976234436,0.717,orange,7,False,driver_roi,[]
5093,84.963,True,c5_radio,0.7789044976234436,0.717,orange,7,False,driver_roi,[]
5094,84.979,True,c5_radio,0.7666696906089783,0.6987,yellow,6,False,driver_roi,[]
5095,84.996,True,c5_radio,0.7666696906089783,0.6987,yellow,6,False,driver_roi,[]
5096,85.013,True,c5_radio,0.7565853595733643,0.6809,yellow,5,False,driver_roi,[]
5097,85.029,True,c5_radio,0.7565853595733643,0.6809,yellow,5,False,driver_roi,[]
5098,85.046,True,c5_radio,0.749897837638855,0.664,yellow,4,False,driver_roi,[]
5099,85.063,True,c5_radio,0.749897837638855,0.664,yellow,4,False,driver_roi,[]
5100,85.079,True,c5_radio,0.742253303527832,0.6468,yellow,3,False,driver_roi,[]
5101,85.096,True,c5_radio,0.742253303527832,0.6468,yellow,3,False,driver_roi,[]
5102,85.113,True,c5_radio,0.7438806295394897,0.6312,yellow,2,False,driver_roi,[]
5103,85.129,True,c5_radio,0.7438806295394897,0.6312,yellow,2,False,driver_roi,[]
5104,85.146,True,c5_radio,0.750503420829773,0.6167,yellow,1,False,driver_roi,[]
5105,85.163,True,c5_radio,0.750503420829773,0.6167,yellow,1,False,driver_roi,[]
5106,85.179,True,c5_radio,0.7562934160232544,0.6019,yellow,0,False,driver_roi,[]
5107,85.196,True,c5_radio,0.7562934160232544,0.6019,yellow,0,False,driver_roi,[]
5108,85.213,True,c5_radio,0.7637473344802856,0.6031,yellow,0,False,driver_roi,[]
5109,85.229,True,c5_radio,0.7637473344802856,0.6031,yellow,0,False,driver_roi,[]
5110,85.246,True,c5_radio,0.7653554081916809,0.603,yellow,0,False,driver_roi,[]
5111,85.263,True,c5_radio,0.7653554081916809,0.603,yellow,0,False,driver_roi,[]
5112,85.279,True,c5_radio,0.7630659341812134,0.6027,yellow,0,False,driver_roi,[]
5113,85.296,True,c5_radio,0.7630659341812134,0.6027,yellow,0,False,driver_roi,[]
5114,85.313,True,c5_radio,0.7624775767326355,0.6027,yellow,0,False,driver_roi,[]
5115,85.33,True,c5_radio,0.7624775767326355,0.6027,yellow,0,False,driver_roi,[]
5116,85.346,True,c5_radio,0.760254979133606,0.6026,yellow,0,False,driver_roi,[]
5117,85.363,True,c5_radio,0.760254979133606,0.6026,yellow,0,False,driver_roi,[]
5118,85.38,True,c5_radio,0.7603137493133545,0.603,yellow,0,False,driver_roi,[]
5119,85.396,True,c5_radio,0.7603137493133545,0.603,yellow,0,False,driver_roi,[]
5120,85.413,True,c5_radio,0.7594696879386902,0.6028,yellow,0,False,driver_roi,[]
5121,85.43,True,c5_radio,0.7594696879386902,0.6028,yellow,0,False,driver_roi,[]
5122,85.446,True,c5_radio,0.7604569792747498,0.6029,yellow,0,False,driver_roi,[]
5123,85.463,True,c5_radio,0.7604569792747498,0.6029,yellow,0,False,driver_roi,[]
5124,85.48,True,c5_radio,0.7608320116996765,0.6032,yellow,0,False,driver_roi,[]
5125,85.496,True,c5_radio,0.7608320116996765,0.6032,yellow,0,False,driver_roi,[]
5126,85.513,True,c5_radio,0.7626537680625916,0.6036,yellow,0,False,driver_roi,[]
5127,85.53,True,c5_radio,0.7626537680625916,0.6036,yellow,0,False,driver_roi,[]
5128,85.546,True,c5_radio,0.7676199674606323,0.6041,yellow,0,False,driver_roi,[]
5129,85.563,True,c5_radio,0.7676199674606323,0.6041,yellow,0,False,driver_roi,[]
5130,85.58,True,c5_radio,0.7711959481239319,0.6045,yellow,0,False,driver_roi,[]
5131,85.596,True,c5_radio,0.7711959481239319,0.6045,yellow,0,False,driver_roi,[]
5132,85.613,True,c5_radio,0.775196373462677,0.6047,yellow,0,False,driver_roi,[]
5133,85.63,True,c5_radio,0.775196373462677,0.6047,yellow,0,False,driver_roi,[]
5134,85.646,True,c5_radio,0.778211236000061,0.6047,yellow,0,False,driver_roi,[]
5135,85.663,True,c5_radio,0.778211236000061,0.6047,yellow,0,False,driver_roi,[]
5136,85.68,True,c5_radio,0.7813623547554016,0.6192,yellow,1,False,driver_roi,[]
5137,85.697,True,c5_radio,0.7813623547554016,0.6192,yellow,1,False,driver_roi,[]
5138,85.713,True,c5_radio,0.783657431602478,0.6337,yellow,2,False,driver_roi,[]
5139,85.73,True,c5_radio,0.783657431602478,0.6337,yellow,2,False,driver_roi,[]
5140,85.747,True,c5_radio,0.7857329249382019,0.6483,yellow,3,False,driver_roi,[]
5141,85.763,True,c5_radio,0.7857329249382019,0.6483,yellow,3,False,driver_roi,[]
5142,85.78,True,c5_radio,0.7875695824623108,0.663,yellow,4,False,driver_roi,[]
5143,85.797,True,c5_radio,0.7875695824623108,0.663,yellow,4,False,driver_roi,[]
5144,85.813,True,c5_radio,0.793035089969635,0.6788,yellow,5,False,driver_roi,[]
5145,85.83,True,c5_radio,0.793035089969635,0.6788,yellow,5,False,driver_roi,[]
5146,85.847,True,c5_radio,0.7964630722999573,0.695,yellow,6,False,driver_roi,[]
5147,85.863,True,c5_radio,0.7964630722999573,0.695,yellow,6,False,driver_roi,[]
5148,85.88,True,c5_radio,0.80319744348526,0.7117,orange,7,False,driver_roi,[]
5149,85.897,True,c5_radio,0.80319744348526,0.7117,orange,7,False,driver_roi,[]
5150,85.913,True,c5_radio,0.8103179335594177,0.7304,orange,8,False,driver_roi,[]
5151,85.93,True,c5_radio,0.8103179335594177,0.7304,orange,8,False,driver_roi,[]
5152,85.947,True,c5_radio,0.8205147981643677,0.749,orange,9,False,driver_roi,[]
5153,85.963,True,c5_radio,0.8205147981643677,0.749,orange,9,False,driver_roi,[]
5154,85.98,True,c5_radio,0.833984375,0.7675,orange,10,False,driver_roi,[]
5155,85.997,True,c5_radio,0.833984375,0.7675,orange,10,False,driver_roi,[]
5156,86.013,True,c5_radio,0.8469220995903015,0.7856,orange,11,False,driver_roi,[]
5157,86.03,True,c5_radio,0.8469220995903015,0.7856,orange,11,False,driver_roi,[]
5158,86.047,True,c5_radio,0.8581332564353943,0.803,orange,12,False,driver_roi,[]
5159,86.064,True,c5_radio,0.8581332564353943,0.803,orange,12,False,driver_roi,[]
5160,86.08,True,c5_radio,0.8705214858055115,0.8205,orange,13,False,driver_roi,[]
5161,86.097,True,c5_radio,0.8705214858055115,0.8205,orange,13,False,driver_roi,[]
5162,86.114,True,c5_radio,0.8771236538887024,0.8365,orange,14,False,driver_roi,[]
5163,86.13,True,c5_radio,0.8771236538887024,0.8365,orange,14,False,driver_roi,[]
5164,86.147,True,c5_radio,0.8814327120780945,0.852,orange,15,False,driver_roi,[]
5165,86.164,True,c5_radio,0.8814327120780945,0.852,orange,15,False,driver_roi,[]
5166,86.18,True,c5_radio,0.884072482585907,0.8676,orange,16,False,driver_roi,[]
5167,86.197,True,c5_radio,0.884072482585907,0.8676,orange,16,False,driver_roi,[]
5168,86.214,True,c5_radio,0.8858787417411804,0.8828,orange,17,False,driver_roi,[]
5169,86.23,True,c5_radio,0.8858787417411804,0.8828,orange,17,False,driver_roi,[]
5170,86.247,True,c5_radio,0.888048529624939,0.898,orange,18,False,driver_roi,[]
5171,86.264,True,c5_radio,0.888048529624939,0.898,orange,18,False,driver_roi,[]
5172,86.28,True,c5_radio,0.8891492486000061,0.9127,red,19,False,driver_roi,[]
5173,86.297,True,c5_radio,0.8891492486000061,0.9127,red,19,False,driver_roi,[]
5174,86.314,True,c5_radio,0.8918869495391846,0.9275,red,20,False,driver_roi,[]
5175,86.33,True,c5_radio,0.8918869495391846,0.9275,red,20,False,driver_roi,[]
5176,86.347,True,c5_radio,0.8938747644424438,0.9421,red,21,False,driver_roi,[]
5177,86.364,True,c5_radio,0.8938747644424438,0.9421,red,21,False,driver_roi,[]
5178,86.38,True,c5_radio,0.8949787616729736,0.9564,red,22,False,driver_roi,[]
5179,86.397,True,c5_radio,0.8949787616729736,0.9564,red,22,False,driver_roi,[]
5180,86.414,True,c5_radio,0.8977414965629578,0.9714,red,23,False,driver_roi,[]
5181,86.431,True,c5_radio,0.8977414965629578,0.9714,red,23,False,driver_roi,[]
5182,86.447,True,c5_radio,0.8985859155654907,0.9861,red,24,True,driver_roi,[]
5183,86.464,True,c5_radio,0.8985859155654907,0.9861,red,24,True,driver_roi,[]
5184,86.481,True,c5_radio,0.9005705714225769,0.9861,red,25,True,driver_roi,[]
5185,86.497,True,c5_radio,0.9005705714225769,0.9861,red,25,True,driver_roi,[]
5186,86.514,True,c5_radio,0.9018917083740234,0.9861,red,26,True,driver_roi,[]
5187,86.531,True,c5_radio,0.9018917083740234,0.9861,red,26,True,driver_roi,[]
5188,86.547,True,c5_radio,0.9023377895355225,0.986,red,27,True,driver_roi,[]
5189,86.564,True,c5_radio,0.9023377895355225,0.986,red,27,True,driver_roi,[]
5190,86.581,True,c5_radio,0.903120219707489,0.986,red,28,True,driver_roi,[]
5191,86.597,True,c5_radio,0.903120219707489,0.986,red,28,True,driver_roi,[]
5192,86.614,True,c5_radio,0.9027763605117798,0.986,red,29,True,driver_roi,[]
5193,86.631,True,c5_radio,0.9027763605117798,0.986,red,29,True,driver_roi,[]
5194,86.647,True,c5_radio,0.9025017023086548,0.9859,red,30,True,driver_roi,[]
5195,86.664,True,c5_radio,0.9025017023086548,0.9859,red,30,True,driver_roi,[]
5196,86.681,True,c5_radio,0.902239978313446,0.9859,red,31,True,driver_roi,[]
5197,86.697,True,c5_radio,0.902239978313446,0.9859,red,31,True,driver_roi,[]
5198,86.714,True,c5_radio,0.9023727774620056,0.9858,red,32,True,driver_roi,[]
5199,86.731,True,c5_radio,0.9023727774620056,0.9858,red,32,True,driver_roi,[]
5200,86.747,True,c5_radio,0.9027175307273865,0.9856,red,33,True,driver_roi,[]
5201,86.764,True,c5_radio,0.9027175307273865,0.9856,red,33,True,driver_roi,[]
5202,86.781,True,c5_radio,0.9024779200553894,0.9853,red,34,True,driver_roi,[]
5203,86.798,True,c5_radio,0.9024779200553894,0.9853,red,34,True,driver_roi,[]
5204,86.814,True,c5_radio,0.9031345844268799,0.9852,red,35,True,driver_roi,[]
5205,86.831,True,c5_radio,0.9031345844268799,0.9852,red,35,True,driver_roi,[]
5206,86.848,True,c5_radio,0.9055476784706116,0.9852,red,36,True,driver_roi,[]
5207,86.864,True,c5_radio,0.9055476784706116,0.9852,red,36,True,driver_roi,[]
5208,86.881,True,c5_radio,0.9078797698020935,0.9856,red,37,True,driver_roi,[]
5209,86.898,True,c5_radio,0.9078797698020935,0.9856,red,37,True,driver_roi,[]
5210,86.914,True,c5_radio,0.9105424880981445,0.986,red,38,True,driver_roi,[]
5211,86.931,True,c5_radio,0.9105424880981445,0.986,red,38,True,driver_roi,[]
5212,86.948,True,c5_radio,0.9123722910881042,0.9863,red,39,True,driver_roi,[]
5213,86.964,True,c5_radio,0.9123722910881042,0.9863,red,39,True,driver_roi,[]
5214,86.981,True,c5_radio,0.9133613109588623,0.9865,red,40,True,driver_roi,[]
5215,86.998,True,c5_radio,0.9133613109588623,0.9865,red,40,True,driver_roi,[]
5216,87.014,True,c5_radio,0.9141088128089905,0.9868,red,41,True,driver_roi,[]
5217,87.031,True,c5_radio,0.9141088128089905,0.9868,red,41,True,driver_roi,[]
5218,87.048,True,c5_radio,0.9137579798698425,0.9871,red,42,True,driver_roi,[]
5219,87.064,True,c5_radio,0.9137579798698425,0.9871,red,42,True,driver_roi,[]
5220,87.081,True,c5_radio,0.9129937887191772,0.9872,red,43,True,driver_roi,[]
5221,87.098,True,c5_radio,0.9129937887191772,0.9872,red,43,True,driver_roi,[]
5222,87.115,True,c5_radio,0.9131976962089539,0.9875,red,44,True,driver_roi,[]
5223,87.131,True,c5_radio,0.9131976962089539,0.9875,red,44,True,driver_roi,[]
5224,87.148,True,c5_radio,0.9135725498199463,0.9878,red,45,True,driver_roi,[]
5225,87.165,True,c5_radio,0.9135725498199463,0.9878,red,45,True,driver_roi,[]
5226,87.181,True,c5_radio,0.9140075445175171,0.988,red,46,True,driver_roi,[]
5227,87.198,True,c5_radio,0.9140075445175171,0.988,red,46,True,driver_roi,[]
5228,87.215,True,c5_radio,0.9147676229476929,0.9881,red,47,True,driver_roi,[]
5229,87.231,True,c5_radio,0.9147676229476929,0.9881,red,47,True,driver_roi,[]
5230,87.248,True,c5_radio,0.9170453548431396,0.9884,red,48,True,driver_roi,[]
5231,87.265,True,c5_radio,0.9170453548431396,0.9884,red,48,True,driver_roi,[]
5232,87.281,True,c5_radio,0.9194287657737732,0.9888,red,49,True,driver_roi,[]
5233,87.298,True,c5_radio,0.9194287657737732,0.9888,red,49,True,driver_roi,[]
5234,87.315,True,c5_radio,0.9198952913284302,0.989,red,50,True,driver_roi,[]
5235,87.331,True,c5_radio,0.9198952913284302,0.989,red,50,True,driver_roi,[]
5236,87.348,True,c5_radio,0.9213945269584656,0.9894,red,51,True,driver_roi,[]
5237,87.365,True,c5_radio,0.9213945269584656,0.9894,red,51,True,driver_roi,[]
5238,87.381,True,c5_radio,0.9234234094619751,0.9898,red,52,True,driver_roi,[]
5239,87.398,True,c5_radio,0.9234234094619751,0.9898,red,52,True,driver_roi,[]
5240,87.415,True,c5_radio,0.9254993200302124,0.9901,red,53,True,driver_roi,[]
5241,87.431,True,c5_radio,0.9254993200302124,0.9901,red,53,True,driver_roi,[]
5242,87.448,True,c5_radio,0.9277635216712952,0.9903,red,54,True,driver_roi,[]
5243,87.465,True,c5_radio,0.9277635216712952,0.9903,red,54,True,driver_roi,[]
5244,87.482,True,c5_radio,0.9296255707740784,0.9905,red,55,True,driver_roi,[]
5245,87.498,True,c5_radio,0.9296255707740784,0.9905,red,55,True,driver_roi,[]
5246,87.515,True,c5_radio,0.9305457472801208,0.9905,red,56,True,driver_roi,[]
5247,87.532,True,c5_radio,0.9305457472801208,0.9905,red,56,True,driver_roi,[]
5248,87.548,True,c5_radio,0.9309739470481873,0.9905,red,57,True,driver_roi,[]
5249,87.565,True,c5_radio,0.9309739470481873,0.9905,red,57,True,driver_roi,[]
5250,87.582,True,c5_radio,0.9303726553916931,0.9906,red,58,True,driver_roi,[]
5251,87.598,True,c5_radio,0.9303726553916931,0.9906,red,58,True,driver_roi,[]
5252,87.615,True,c5_radio,0.9315087199211121,0.9907,red,59,True,driver_roi,[]
5253,87.632,True,c5_radio,0.9315087199211121,0.9907,red,59,True,driver_roi,[]
5254,87.648,True,c5_radio,0.9330964684486389,0.9909,red,60,True,driver_roi,[]
5255,87.665,True,c5_radio,0.9330964684486389,0.9909,red,60,True,driver_roi,[]
5256,87.682,True,c5_radio,0.9348577857017517,0.991,red,61,True,driver_roi,[]
5257,87.698,True,c5_radio,0.9348577857017517,0.991,red,61,True,driver_roi,[]
5258,87.715,True,c5_radio,0.9367325305938721,0.9913,red,62,True,driver_roi,[]
5259,87.732,True,c5_radio,0.9367325305938721,0.9913,red,62,True,driver_roi,[]
5260,87.748,True,c5_radio,0.9380785226821899,0.9916,red,63,True,driver_roi,[]
5261,87.765,True,c5_radio,0.9380785226821899,0.9916,red,63,True,driver_roi,[]
5262,87.782,True,c5_radio,0.9395260214805603,0.992,red,64,True,driver_roi,[]
5263,87.798,True,c5_radio,0.9395260214805603,0.992,red,64,True,driver_roi,[]
5264,87.815,True,c5_radio,0.9406760334968567,0.9922,red,65,True,driver_roi,[]
5265,87.832,True,c5_radio,0.9406760334968567,0.9922,red,65,True,driver_roi,[]
5266,87.849,True,c5_radio,0.9408214092254639,0.9924,red,66,True,driver_roi,[]
5267,87.865,True,c5_radio,0.9408214092254639,0.9924,red,66,True,driver_roi,[]
5268,87.882,True,c5_radio,0.9398921132087708,0.9925,red,67,True,driver_roi,[]
5269,87.899,True,c5_radio,0.9398921132087708,0.9925,red,67,True,driver_roi,[]
5270,87.915,True,c5_radio,0.9390852451324463,0.9927,red,68,True,driver_roi,[]
5271,87.932,True,c5_radio,0.9390852451324463,0.9927,red,68,True,driver_roi,[]
5272,87.949,True,c5_radio,0.9399673342704773,0.9929,red,69,True,driver_roi,[]
5273,87.965,True,c5_radio,0.9399673342704773,0.9929,red,69,True,driver_roi,[]
5274,87.982,True,c5_radio,0.9396013021469116,0.993,red,70,True,driver_roi,[]
5275,87.999,True,c5_radio,0.9396013021469116,0.993,red,70,True,driver_roi,[]
5276,88.015,True,c5_radio,0.94032883644104,0.9931,red,71,True,driver_roi,[]
5277,88.032,True,c5_radio,0.94032883644104,0.9931,red,71,True,driver_roi,[]
5278,88.049,True,c5_radio,0.9411605000495911,0.9932,red,72,True,driver_roi,[]
5279,88.065,True,c5_radio,0.9411605000495911,0.9932,red,72,True,driver_roi,[]
5280,88.082,True,c5_radio,0.9394350647926331,0.9932,red,73,True,driver_roi,[]
5281,88.099,True,c5_radio,0.9394350647926331,0.9932,red,73,True,driver_roi,[]
5282,88.115,True,c5_radio,0.9369316101074219,0.9929,red,74,True,driver_roi,[]
5283,88.132,True,c5_radio,0.9369316101074219,0.9929,red,74,True,driver_roi,[]
5284,88.149,True,c5_radio,0.9357327818870544,0.9929,red,75,True,driver_roi,[]
5285,88.165,True,c5_radio,0.9357327818870544,0.9929,red,75,True,driver_roi,[]
5286,88.182,True,c5_radio,0.9343475103378296,0.9929,red,76,True,driver_roi,[]
5287,88.199,True,c5_radio,0.9343475103378296,0.9929,red,76,True,driver_roi,[]
5288,88.216,True,c5_radio,0.9326967597007751,0.9929,red,77,True,driver_roi,[]
5289,88.232,True,c5_radio,0.9326967597007751,0.9929,red,77,True,driver_roi,[]
5290,88.249,True,c5_radio,0.9295476675033569,0.9927,red,78,True,driver_roi,[]
5291,88.266,True,c5_radio,0.9295476675033569,0.9927,red,78,True,driver_roi,[]
5292,88.282,True,c5_radio,0.9280908107757568,0.9926,red,79,True,driver_roi,[]
5293,88.299,True,c5_radio,0.9280908107757568,0.9926,red,79,True,driver_roi,[]
5294,88.316,True,c5_radio,0.9257838129997253,0.9925,red,80,True,driver_roi,[]
5295,88.332,True,c5_radio,0.9257838129997253,0.9925,red,80,True,driver_roi,[]
5296,88.349,True,c5_radio,0.9257209300994873,0.9924,red,81,True,driver_roi,[]
5297,88.366,True,c5_radio,0.9257209300994873,0.9924,red,81,True,driver_roi,[]
5298,88.382,True,c5_radio,0.9215977191925049,0.9922,red,82,True,driver_roi,[]
5299,88.399,True,c5_radio,0.9215977191925049,0.9922,red,82,True,driver_roi,[]
5300,88.416,True,c5_radio,0.9172638058662415,0.9918,red,83,True,driver_roi,[]
5301,88.432,True,c5_radio,0.9172638058662415,0.9918,red,83,True,driver_roi,[]
5302,88.449,True,c5_radio,0.907237708568573,0.9913,red,84,True,driver_roi,[]
5303,88.466,True,c5_radio,0.907237708568573,0.9913,red,84,True,driver_roi,[]
5304,88.482,True,c5_radio,0.8970314264297485,0.9903,red,85,True,driver_roi,[]
5305,88.499,True,c5_radio,0.8970314264297485,0.9903,red,85,True,driver_roi,[]
5306,88.516,True,c5_radio,0.893806517124176,0.9901,red,86,True,driver_roi,[]
5307,88.532,True,c5_radio,0.893806517124176,0.9901,red,86,True,driver_roi,[]
5308,88.549,True,c5_radio,0.8915240168571472,0.99,red,87,True,driver_roi,[]
5309,88.566,True,c5_radio,0.8915240168571472,0.99,red,87,True,driver_roi,[]
5310,88.583,True,c5_radio,0.89040607213974,0.99,red,88,True,driver_roi,[]
5311,88.599,True,c5_radio,0.89040607213974,0.99,red,88,True,driver_roi,[]
5312,88.616,True,c5_radio,0.8902939558029175,0.9901,red,89,True,driver_roi,[]
5313,88.633,True,c5_radio,0.8902939558029175,0.9901,red,89,True,driver_roi,[]
5314,88.649,True,c5_radio,0.8907771706581116,0.9902,red,90,True,driver_roi,[]
5315,88.666,True,c5_radio,0.8907771706581116,0.9902,red,90,True,driver_roi,[]
5316,88.683,True,c5_radio,0.8908058404922485,0.9902,red,91,True,driver_roi,[]
5317,88.699,True,c5_radio,0.8908058404922485,0.9902,red,91,True,driver_roi,[]
5318,88.716,True,c5_radio,0.8907466530799866,0.9903,red,92,True,driver_roi,[]
5319,88.733,True,c5_radio,0.8907466530799866,0.9903,red,92,True,driver_roi,[]
5320,88.749,True,c5_radio,0.8902796506881714,0.9903,red,93,True,driver_roi,[]
5321,88.766,True,c5_radio,0.8902796506881714,0.9903,red,93,True,driver_roi,[]
5322,88.783,True,c5_radio,0.8893507719039917,0.9901,red,94,True,driver_roi,[]
5323,88.799,True,c5_radio,0.8893507719039917,0.9901,red,94,True,driver_roi,[]
5324,88.816,True,c5_radio,0.8869582414627075,0.9896,red,95,True,driver_roi,[]
5325,88.833,True,c5_radio,0.8869582414627075,0.9896,red,95,True,driver_roi,[]
5326,88.849,True,c5_radio,0.8877849578857422,0.9896,red,96,True,driver_roi,[]
5327,88.866,True,c5_radio,0.8877849578857422,0.9896,red,96,True,driver_roi,[]
5328,88.883,True,c5_radio,0.8893880844116211,0.9897,red,97,True,driver_roi,[]
5329,88.9,True,c5_radio,0.8893880844116211,0.9897,red,97,True,driver_roi,[]
5330,88.916,True,c5_radio,0.8914117217063904,0.9898,red,98,True,driver_roi,[]
5331,88.933,True,c5_radio,0.8914117217063904,0.9898,red,98,True,driver_roi,[]
5332,88.95,True,c5_radio,0.892102062702179,0.99,red,99,True,driver_roi,[]
5333,88.966,True,c5_radio,0.892102062702179,0.99,red,99,True,driver_roi,[]
5334,88.983,True,c5_radio,0.8921758532524109,0.9901,red,100,True,driver_roi,[]
5335,89.0,True,c5_radio,0.8921758532524109,0.9901,red,100,True,driver_roi,[]
5336,89.016,True,c5_radio,0.8926954865455627,0.9902,red,101,True,driver_roi,[]
5337,89.033,True,c5_radio,0.8926954865455627,0.9902,red,101,True,driver_roi,[]
5338,89.05,True,c5_radio,0.8939106464385986,0.9904,red,102,True,driver_roi,[]
5339,89.066,True,c5_radio,0.8939106464385986,0.9904,red,102,True,driver_roi,[]
5340,89.083,True,c5_radio,0.8980892896652222,0.9906,red,103,True,driver_roi,[]
5341,89.1,True,c5_radio,0.8980892896652222,0.9906,red,103,True,driver_roi,[]
5342,89.116,True,c5_radio,0.9019468426704407,0.9911,red,104,True,driver_roi,[]
5343,89.133,True,c5_radio,0.9019468426704407,0.9911,red,104,True,driver_roi,[]
5344,89.15,True,c5_radio,0.9045625925064087,0.9913,red,105,True,driver_roi,[]
5345,89.166,True,c5_radio,0.9045625925064087,0.9913,red,105,True,driver_roi,[]
5346,89.183,True,c5_radio,0.9081742763519287,0.9917,red,106,True,driver_roi,[]
5347,89.2,True,c5_radio,0.9081742763519287,0.9917,red,106,True,driver_roi,[]
5348,89.216,True,c5_radio,0.9108273386955261,0.992,red,107,True,driver_roi,[]
5349,89.233,True,c5_radio,0.9108273386955261,0.992,red,107,True,driver_roi,[]
5350,89.25,True,c5_radio,0.9138890504837036,0.9926,red,108,True,driver_roi,[]
5351,89.267,True,c5_radio,0.9138890504837036,0.9926,red,108,True,driver_roi,[]
5352,89.283,True,c5_radio,0.9160757660865784,0.9929,red,109,True,driver_roi,[]
5353,89.3,True,c5_radio,0.9160757660865784,0.9929,red,109,True,driver_roi,[]
5354,89.317,True,c5_radio,0.9199596643447876,0.9933,red,110,True,driver_roi,[]
5355,89.333,True,c5_radio,0.9199596643447876,0.9933,red,110,True,driver_roi,[]
5356,89.35,True,c5_radio,0.9220036268234253,0.9937,red,111,True,driver_roi,[]
5357,89.367,True,c5_radio,0.9220036268234253,0.9937,red,111,True,driver_roi,[]
5358,89.383,True,c5_radio,0.9277037382125854,0.9942,red,112,True,driver_roi,[]
5359,89.4,True,c5_radio,0.9277037382125854,0.9942,red,112,True,driver_roi,[]
5360,89.417,True,c5_radio,0.9325824975967407,0.9947,red,113,True,driver_roi,[]
