frame_idx,time_sec,face_detected,state,confidence,risk_score,risk_level,danger_counter,warning,input_mode,attention_boxes
0,0.0,True,c3_texting_left,0.8187870979309082,0.6246,yellow,1,False,driver_roi,[]
1,0.017,True,c3_texting_left,0.8187870979309082,0.6246,yellow,1,False,driver_roi,[]
2,0.033,True,c3_texting_left,0.8144192695617676,0.6443,yellow,2,False,driver_roi,[]
3,0.05,True,c3_texting_left,0.8144192695617676,0.6443,yellow,2,False,driver_roi,[]
4,0.067,True,c3_texting_left,0.8328903317451477,0.6696,orange,3,False,driver_roi,[]
5,0.083,True,c3_texting_left,0.8328903317451477,0.6696,orange,3,False,driver_roi,[]
6,0.1,True,c3_texting_left,0.8499513268470764,0.6944,orange,4,False,driver_roi,[]
7,0.117,True,c3_texting_left,0.8499513268470764,0.6944,orange,4,False,driver_roi,[]
8,0.133,True,c3_texting_left,0.8569818735122681,0.7173,orange,5,False,driver_roi,[]
9,0.15,True,c3_texting_left,0.8569818735122681,0.7173,orange,5,False,driver_roi,[]
10,0.167,True,c3_texting_left,0.8706145882606506,0.7401,orange,6,False,driver_roi,[]
11,0.184,True,c3_texting_left,0.8706145882606506,0.7401,orange,6,False,driver_roi,[]
12,0.2,True,c3_texting_left,0.8740282654762268,0.7603,orange,7,False,driver_roi,[]
13,0.217,True,c3_texting_left,0.8740282654762268,0.7603,orange,7,False,driver_roi,[]
14,0.234,True,c3_texting_left,0.8811301589012146,0.7816,orange,8,False,driver_roi,[]
15,0.25,True,c3_texting_left,0.8811301589012146,0.7816,orange,8,False,driver_roi,[]
16,0.267,True,c3_texting_left,0.8897674083709717,0.8028,orange,9,False,driver_roi,[]
17,0.284,True,c3_texting_left,0.8897674083709717,0.8028,orange,9,False,driver_roi,[]
18,0.3,True,c3_texting_left,0.8964084386825562,0.8239,orange,10,False,driver_roi,[]
19,0.317,True,c3_texting_left,0.8964084386825562,0.8239,orange,10,False,driver_roi,[]
20,0.334,True,c3_texting_left,0.9018682241439819,0.8444,orange,11,False,driver_roi,[]
21,0.35,True,c3_texting_left,0.9018682241439819,0.8444,orange,11,False,driver_roi,[]
22,0.367,True,c3_texting_left,0.9039973616600037,0.8641,red,12,False,driver_roi,[]
23,0.384,True,c3_texting_left,0.9039973616600037,0.8641,red,12,False,driver_roi,[]
24,0.4,True,c3_texting_left,0.9062163233757019,0.8844,red,13,False,driver_roi,[]
25,0.417,True,c3_texting_left,0.9062163233757019,0.8844,red,13,False,driver_roi,[]
26,0.434,True,c3_texting_left,0.9026480317115784,0.9028,red,14,False,driver_roi,[]
27,0.45,True,c3_texting_left,0.9026480317115784,0.9028,red,14,False,driver_roi,[]
28,0.467,True,c3_texting_left,0.8967732191085815,0.9208,red,15,False,driver_roi,[]
29,0.484,True,c3_texting_left,0.8967732191085815,0.9208,red,15,False,driver_roi,[]
30,0.5,True,c3_texting_left,0.8956122398376465,0.9402,red,16,False,driver_roi,[]
31,0.517,True,c3_texting_left,0.8956122398376465,0.9402,red,16,False,driver_roi,[]
32,0.534,True,c3_texting_left,0.8896000981330872,0.9591,red,17,False,driver_roi,[]
33,0.551,True,c3_texting_left,0.8896000981330872,0.9591,red,17,False,driver_roi,[]
34,0.567,True,c3_texting_left,0.874646782875061,0.9767,red,18,True,driver_roi,[]
35,0.584,True,c3_texting_left,0.874646782875061,0.9767,red,18,True,driver_roi,[]
36,0.601,True,c3_texting_left,0.8526679873466492,0.975,red,19,True,driver_roi,[]
37,0.617,True,c3_texting_left,0.8526679873466492,0.975,red,19,True,driver_roi,[]
38,0.634,True,c3_texting_left,0.8395905494689941,0.9735,red,20,True,driver_roi,[]
39,0.651,True,c3_texting_left,0.8395905494689941,0.9735,red,20,True,driver_roi,[]
40,0.667,True,c3_texting_left,0.8238648176193237,0.9723,red,21,True,driver_roi,[]
41,0.684,True,c3_texting_left,0.8238648176193237,0.9723,red,21,True,driver_roi,[]
42,0.701,True,c3_texting_left,0.8072549104690552,0.9708,red,22,True,driver_roi,[]
43,0.717,True,c3_texting_left,0.8072549104690552,0.9708,red,22,True,driver_roi,[]
44,0.734,True,c3_texting_left,0.7901219129562378,0.9687,red,23,True,driver_roi,[]
45,0.751,True,c3_texting_left,0.7901219129562378,0.9687,red,23,True,driver_roi,[]
46,0.767,True,c3_texting_left,0.7800725698471069,0.9675,red,24,True,driver_roi,[]
47,0.784,True,c3_texting_left,0.7800725698471069,0.9675,red,24,True,driver_roi,[]
48,0.801,True,c3_texting_left,0.775429368019104,0.9669,red,25,True,driver_roi,[]
49,0.817,True,c3_texting_left,0.775429368019104,0.9669,red,25,True,driver_roi,[]
50,0.834,True,c3_texting_left,0.7649999856948853,0.9655,red,26,True,driver_roi,[]
51,0.851,True,c3_texting_left,0.7649999856948853,0.9655,red,26,True,driver_roi,[]
52,0.867,True,c3_texting_left,0.7375775575637817,0.9625,red,27,True,driver_roi,[]
53,0.884,True,c3_texting_left,0.7375775575637817,0.9625,red,27,True,driver_roi,[]
54,0.901,True,c3_texting_left,0.7229312062263489,0.9586,red,28,True,driver_roi,[]
55,0.918,True,c3_texting_left,0.7229312062263489,0.9586,red,28,True,driver_roi,[]
56,0.934,True,c3_texting_left,0.702718198299408,0.9545,red,29,True,driver_roi,[]
57,0.951,True,c3_texting_left,0.702718198299408,0.9545,red,29,True,driver_roi,[]
58,0.968,True,c3_texting_left,0.6820657849311829,0.9499,red,28,True,driver_roi,[]
59,0.984,True,c3_texting_left,0.6820657849311829,0.9499,red,28,True,driver_roi,[]
60,1.001,True,c3_texting_left,0.6695126295089722,0.9477,red,27,True,driver_roi,[]
61,1.018,True,c3_texting_left,0.6695126295089722,0.9477,red,27,True,driver_roi,[]
62,1.034,True,c3_texting_left,0.6480810046195984,0.9452,red,26,True,driver_roi,[]
63,1.051,True,c3_texting_left,0.6480810046195984,0.9452,red,26,True,driver_roi,[]
64,1.068,True,c3_texting_left,0.6260035634040833,0.9416,red,25,True,driver_roi,[]
65,1.084,True,c3_texting_left,0.6260035634040833,0.9416,red,25,True,driver_roi,[]
66,1.101,True,c3_texting_left,0.607435405254364,0.9367,red,24,True,driver_roi,[]
67,1.118,True,c3_texting_left,0.607435405254364,0.9367,red,24,True,driver_roi,[]
68,1.134,True,c3_texting_left,0.5861225724220276,0.9309,red,23,True,driver_roi,[]
69,1.151,True,c3_texting_left,0.5861225724220276,0.9309,red,23,True,driver_roi,[]
70,1.168,True,c3_texting_left,0.5795959234237671,0.9291,red,22,True,driver_roi,[]
71,1.184,True,c3_texting_left,0.5795959234237671,0.9291,red,22,True,driver_roi,[]
72,1.201,True,c3_texting_left,0.5694624781608582,0.9266,red,21,True,driver_roi,[]
73,1.218,True,c3_texting_left,0.5694624781608582,0.9266,red,21,True,driver_roi,[]
74,1.234,True,c3_texting_left,0.5602707266807556,0.9233,red,20,True,driver_roi,[]
75,1.251,True,c3_texting_left,0.5602707266807556,0.9233,red,20,True,driver_roi,[]
76,1.268,True,c3_texting_left,0.5595209002494812,0.9189,red,19,True,driver_roi,[]
77,1.285,True,c3_texting_left,0.5595209002494812,0.9189,red,19,True,driver_roi,[]
78,1.301,True,c3_texting_left,0.5523208975791931,0.9152,red,18,True,driver_roi,[]
79,1.318,True,c3_texting_left,0.5523208975791931,0.9152,red,18,True,driver_roi,[]
80,1.335,True,c3_texting_left,0.551053524017334,0.892,red,17,False,driver_roi,[]
81,1.351,True,c3_texting_left,0.551053524017334,0.892,red,17,False,driver_roi,[]
82,1.368,True,c3_texting_left,0.5486369729042053,0.8698,red,16,False,driver_roi,[]
83,1.385,True,c3_texting_left,0.5486369729042053,0.8698,red,16,False,driver_roi,[]
84,1.401,True,c3_texting_left,0.5491021871566772,0.8469,orange,15,False,driver_roi,[]
85,1.418,True,c3_texting_left,0.5491021871566772,0.8469,orange,15,False,driver_roi,[]
86,1.435,True,c3_texting_left,0.5347286462783813,0.821,orange,14,False,driver_roi,[]
87,1.451,True,c3_texting_left,0.5347286462783813,0.821,orange,14,False,driver_roi,[]
88,1.468,True,c3_texting_left,0.5164580345153809,0.7947,orange,13,False,driver_roi,[]
89,1.485,True,c3_texting_left,0.5164580345153809,0.7947,orange,13,False,driver_roi,[]
90,1.501,True,c3_texting_left,0.5066043138504028,0.7698,orange,12,False,driver_roi,[]
91,1.518,True,c3_texting_left,0.5066043138504028,0.7698,orange,12,False,driver_roi,[]
92,1.535,True,c3_texting_left,0.5238679051399231,0.7495,orange,11,False,driver_roi,[]
93,1.551,True,c3_texting_left,0.5238679051399231,0.7495,orange,11,False,driver_roi,[]
94,1.568,True,c3_texting_left,0.53248131275177,0.7322,orange,10,False,driver_roi,[]
95,1.585,True,c3_texting_left,0.53248131275177,0.7322,orange,10,False,driver_roi,[]
96,1.601,True,c3_texting_left,0.5388498306274414,0.7136,orange,9,False,driver_roi,[]
97,1.618,True,c3_texting_left,0.5388498306274414,0.7136,orange,9,False,driver_roi,[]
98,1.635,True,c3_texting_left,0.5306824445724487,0.6907,orange,8,False,driver_roi,[]
99,1.652,True,c3_texting_left,0.5306824445724487,0.6907,orange,8,False,driver_roi,[]
100,1.668,True,c3_texting_left,0.5187138319015503,0.6671,orange,7,False,driver_roi,[]
101,1.685,True,c3_texting_left,0.5187138319015503,0.6671,orange,7,False,driver_roi,[]
102,1.702,True,c3_texting_left,0.5259221792221069,0.6474,yellow,6,False,driver_roi,[]
103,1.718,True,c3_texting_left,0.5259221792221069,0.6474,yellow,6,False,driver_roi,[]
104,1.735,True,c3_texting_left,0.5353206396102905,0.6283,yellow,5,False,driver_roi,[]
105,1.752,True,c3_texting_left,0.5353206396102905,0.6283,yellow,5,False,driver_roi,[]
106,1.768,True,c3_texting_left,0.5475165843963623,0.6126,yellow,4,False,driver_roi,[]
107,1.785,True,c3_texting_left,0.5475165843963623,0.6126,yellow,4,False,driver_roi,[]
108,1.802,True,c3_texting_left,0.5629786252975464,0.5983,yellow,3,False,driver_roi,[]
109,1.818,True,c3_texting_left,0.5629786252975464,0.5983,yellow,3,False,driver_roi,[]
110,1.835,True,c3_texting_left,0.5598978400230408,0.5793,yellow,2,False,driver_roi,[]
111,1.852,True,c3_texting_left,0.5598978400230408,0.5793,yellow,2,False,driver_roi,[]
112,1.868,True,c3_texting_left,0.5539845824241638,0.5609,yellow,1,False,driver_roi,[]
113,1.885,True,c3_texting_left,0.5539845824241638,0.5609,yellow,1,False,driver_roi,[]
114,1.902,True,c3_texting_left,0.5616945028305054,0.5451,yellow,0,False,driver_roi,[]
115,1.918,True,c3_texting_left,0.5616945028305054,0.5451,yellow,0,False,driver_roi,[]
116,1.935,True,c3_texting_left,0.5759080648422241,0.5503,yellow,0,False,driver_roi,[]
117,1.952,True,c3_texting_left,0.5759080648422241,0.5503,yellow,0,False,driver_roi,[]
118,1.969,True,c3_texting_left,0.5930931568145752,0.5558,yellow,0,False,driver_roi,[]
119,1.985,True,c3_texting_left,0.5930931568145752,0.5558,yellow,0,False,driver_roi,[]
120,2.002,True,c3_texting_left,0.6086702346801758,0.5617,yellow,0,False,driver_roi,[]
121,2.019,True,c3_texting_left,0.6086702346801758,0.5617,yellow,0,False,driver_roi,[]
122,2.035,True,c3_texting_left,0.6257719993591309,0.5669,yellow,0,False,driver_roi,[]
123,2.052,True,c3_texting_left,0.6257719993591309,0.5669,yellow,0,False,driver_roi,[]
124,2.069,True,c3_texting_left,0.6390476822853088,0.5729,yellow,0,False,driver_roi,[]
125,2.085,True,c3_texting_left,0.6390476822853088,0.5729,yellow,0,False,driver_roi,[]
126,2.102,True,c3_texting_left,0.6521318554878235,0.5793,yellow,0,False,driver_roi,[]
127,2.119,True,c3_texting_left,0.6521318554878235,0.5793,yellow,0,False,driver_roi,[]
128,2.135,True,c3_texting_left,0.6596041321754456,0.5845,yellow,0,False,driver_roi,[]
129,2.152,True,c3_texting_left,0.6596041321754456,0.5845,yellow,0,False,driver_roi,[]
130,2.169,True,c3_texting_left,0.6567355394363403,0.5873,yellow,0,False,driver_roi,[]
131,2.185,True,c3_texting_left,0.6567355394363403,0.5873,yellow,0,False,driver_roi,[]
132,2.202,True,c3_texting_left,0.6442927122116089,0.586,yellow,0,False,driver_roi,[]
133,2.219,True,c3_texting_left,0.6442927122116089,0.586,yellow,0,False,driver_roi,[]
134,2.235,True,c3_texting_left,0.6256681680679321,0.5825,yellow,0,False,driver_roi,[]
135,2.252,True,c3_texting_left,0.6256681680679321,0.5825,yellow,0,False,driver_roi,[]
136,2.269,True,c3_texting_left,0.6185342073440552,0.5801,yellow,0,False,driver_roi,[]
137,2.285,True,c3_texting_left,0.6185342073440552,0.5801,yellow,0,False,driver_roi,[]
138,2.302,True,c3_texting_left,0.6304150819778442,0.5835,yellow,0,False,driver_roi,[]
139,2.319,True,c3_texting_left,0.6304150819778442,0.5835,yellow,0,False,driver_roi,[]
140,2.336,True,c3_texting_left,0.6327670812606812,0.5843,yellow,0,False,driver_roi,[]
141,2.352,True,c3_texting_left,0.6327670812606812,0.5843,yellow,0,False,driver_roi,[]
142,2.369,True,c3_texting_left,0.6235309839248657,0.5818,yellow,0,False,driver_roi,[]
143,2.386,True,c3_texting_left,0.6235309839248657,0.5818,yellow,0,False,driver_roi,[]
144,2.402,True,c3_texting_left,0.6156529784202576,0.5799,yellow,0,False,driver_roi,[]
145,2.419,True,c3_texting_left,0.6156529784202576,0.5799,yellow,0,False,driver_roi,[]
146,2.436,True,c3_texting_left,0.5975200533866882,0.575,yellow,0,False,driver_roi,[]
147,2.452,True,c3_texting_left,0.5975200533866882,0.575,yellow,0,False,driver_roi,[]
148,2.469,True,c3_texting_left,0.5774272680282593,0.5695,yellow,0,False,driver_roi,[]
149,2.486,True,c3_texting_left,0.5774272680282593,0.5695,yellow,0,False,driver_roi,[]
150,2.502,True,c3_texting_left,0.5648657083511353,0.5669,yellow,0,False,driver_roi,[]
151,2.519,True,c3_texting_left,0.5648657083511353,0.5669,yellow,0,False,driver_roi,[]
152,2.536,True,c3_texting_left,0.5628502368927002,0.5645,yellow,0,False,driver_roi,[]
153,2.552,True,c3_texting_left,0.5628502368927002,0.5645,yellow,0,False,driver_roi,[]
154,2.569,True,c3_texting_left,0.5548936724662781,0.5626,yellow,0,False,driver_roi,[]
155,2.586,True,c3_texting_left,0.5548936724662781,0.5626,yellow,0,False,driver_roi,[]
156,2.602,True,c3_texting_left,0.5458436608314514,0.5618,yellow,0,False,driver_roi,[]
157,2.619,True,c3_texting_left,0.5458436608314514,0.5618,yellow,0,False,driver_roi,[]
158,2.636,True,c3_texting_left,0.5279474854469299,0.5587,yellow,0,False,driver_roi,[]
159,2.652,True,c3_texting_left,0.5279474854469299,0.5587,yellow,0,False,driver_roi,[]
160,2.669,True,c3_texting_left,0.5040868520736694,0.5557,yellow,0,False,driver_roi,[]
161,2.686,True,c3_texting_left,0.5040868520736694,0.5557,yellow,0,False,driver_roi,[]
162,2.703,True,c3_texting_left,0.4783024787902832,0.5497,yellow,0,False,driver_roi,[]
163,2.719,True,c3_texting_left,0.4783024787902832,0.5497,yellow,0,False,driver_roi,[]
164,2.736,True,c3_texting_left,0.44454893469810486,0.5406,yellow,0,False,driver_roi,[]
165,2.753,True,c3_texting_left,0.44454893469810486,0.5406,yellow,0,False,driver_roi,[]
166,2.769,True,c3_texting_left,0.4172132611274719,0.5324,yellow,0,False,driver_roi,[]
167,2.786,True,c3_texting_left,0.4172132611274719,0.5324,yellow,0,False,driver_roi,[]
168,2.803,True,c3_texting_left,0.39313584566116333,0.5196,yellow,0,False,driver_roi,[]
169,2.819,True,c3_texting_left,0.39313584566116333,0.5196,yellow,0,False,driver_roi,[]
170,2.836,True,c3_texting_left,0.37760207056999207,0.5111,yellow,0,False,driver_roi,[]
171,2.853,True,c3_texting_left,0.37760207056999207,0.5111,yellow,0,False,driver_roi,[]
172,2.869,True,c3_texting_left,0.3610694110393524,0.5051,yellow,0,False,driver_roi,[]
173,2.886,True,c3_texting_left,0.3610694110393524,0.5051,yellow,0,False,driver_roi,[]
174,2.903,True,c3_texting_left,0.34336450695991516,0.4997,yellow,0,False,driver_roi,[]
175,2.919,True,c3_texting_left,0.34336450695991516,0.4997,yellow,0,False,driver_roi,[]
176,2.936,True,c3_texting_left,0.3229049742221832,0.4948,yellow,0,False,driver_roi,[]
177,2.953,True,c3_texting_left,0.3229049742221832,0.4948,yellow,0,False,driver_roi,[]
178,2.969,True,c3_texting_left,0.2986575961112976,0.4898,yellow,0,False,driver_roi,[]
179,2.986,True,c3_texting_left,0.2986575961112976,0.4898,yellow,0,False,driver_roi,[]
180,3.003,True,c3_texting_left,0.28184860944747925,0.4878,yellow,0,False,driver_roi,[]
181,3.019,True,c3_texting_left,0.28184860944747925,0.4878,yellow,0,False,driver_roi,[]
182,3.036,True,c9_talking,0.29213836789131165,0.4868,yellow,0,False,driver_roi,[]
183,3.053,True,c9_talking,0.29213836789131165,0.4868,yellow,0,False,driver_roi,[]
184,3.07,True,c9_talking,0.30870357155799866,0.4834,yellow,0,False,driver_roi,[]
185,3.086,True,c9_talking,0.30870357155799866,0.4834,yellow,0,False,driver_roi,[]
186,3.103,True,c9_talking,0.31910037994384766,0.4813,yellow,0,False,driver_roi,[]
187,3.12,True,c9_talking,0.31910037994384766,0.4813,yellow,0,False,driver_roi,[]
188,3.136,True,c9_talking,0.3213884234428406,0.4808,yellow,0,False,driver_roi,[]
189,3.153,True,c9_talking,0.3213884234428406,0.4808,yellow,0,False,driver_roi,[]
190,3.17,True,c9_talking,0.32688865065574646,0.4734,yellow,0,False,driver_roi,[]
191,3.186,True,c9_talking,0.32688865065574646,0.4734,yellow,0,False,driver_roi,[]
192,3.203,True,c9_talking,0.3319764733314514,0.4652,yellow,0,False,driver_roi,[]
193,3.22,True,c9_talking,0.3319764733314514,0.4652,yellow,0,False,driver_roi,[]
194,3.236,True,c9_talking,0.3383357524871826,0.4562,yellow,0,False,driver_roi,[]
195,3.253,True,c9_talking,0.3383357524871826,0.4562,yellow,0,False,driver_roi,[]
196,3.27,True,c9_talking,0.3468919098377228,0.4459,yellow,0,False,driver_roi,[]
197,3.286,True,c9_talking,0.3468919098377228,0.4459,yellow,0,False,driver_roi,[]
198,3.303,True,c9_talking,0.35357290506362915,0.4393,yellow,0,False,driver_roi,[]
199,3.32,True,c9_talking,0.35357290506362915,0.4393,yellow,0,False,driver_roi,[]
200,3.336,True,c9_talking,0.3615068197250366,0.4337,yellow,0,False,driver_roi,[]
201,3.353,True,c9_talking,0.3615068197250366,0.4337,yellow,0,False,driver_roi,[]
202,3.37,True,c9_talking,0.366327702999115,0.4314,yellow,0,False,driver_roi,[]
203,3.386,True,c9_talking,0.366327702999115,0.4314,yellow,0,False,driver_roi,[]
204,3.403,True,c9_talking,0.36897340416908264,0.4304,yellow,0,False,driver_roi,[]
205,3.42,True,c9_talking,0.36897340416908264,0.4304,yellow,0,False,driver_roi,[]
206,3.437,True,c9_talking,0.36873552203178406,0.4307,yellow,0,False,driver_roi,[]
207,3.453,True,c9_talking,0.36873552203178406,0.4307,yellow,0,False,driver_roi,[]
208,3.47,True,c9_talking,0.36837226152420044,0.4359,yellow,0,False,driver_roi,[]
209,3.487,True,c9_talking,0.36837226152420044,0.4359,yellow,0,False,driver_roi,[]
210,3.503,True,c9_talking,0.3686402440071106,0.4407,yellow,0,False,driver_roi,[]
211,3.52,True,c9_talking,0.3686402440071106,0.4407,yellow,0,False,driver_roi,[]
212,3.537,True,c9_talking,0.36581242084503174,0.441,yellow,0,False,driver_roi,[]
213,3.553,True,c9_talking,0.36581242084503174,0.441,yellow,0,False,driver_roi,[]
214,3.57,True,c9_talking,0.3604762554168701,0.4407,yellow,0,False,driver_roi,[]
215,3.587,True,c9_talking,0.3604762554168701,0.4407,yellow,0,False,driver_roi,[]
216,3.603,True,c9_talking,0.35458168387413025,0.4409,yellow,0,False,driver_roi,[]
217,3.62,True,c9_talking,0.35458168387413025,0.4409,yellow,0,False,driver_roi,[]
218,3.637,True,c9_talking,0.3472248613834381,0.4403,yellow,0,False,driver_roi,[]
219,3.653,True,c9_talking,0.3472248613834381,0.4403,yellow,0,False,driver_roi,[]
220,3.67,True,c9_talking,0.3413616120815277,0.4378,yellow,0,False,driver_roi,[]
221,3.687,True,c9_talking,0.3413616120815277,0.4378,yellow,0,False,driver_roi,[]
222,3.703,True,c9_talking,0.336847722530365,0.4345,yellow,0,False,driver_roi,[]
223,3.72,True,c9_talking,0.336847722530365,0.4345,yellow,0,False,driver_roi,[]
224,3.737,True,c0_safe,0.3334326148033142,0.4333,yellow,0,False,driver_roi,[]
225,3.753,True,c0_safe,0.3334326148033142,0.4333,yellow,0,False,driver_roi,[]
226,3.77,True,c0_safe,0.335383802652359,0.432,yellow,0,False,driver_roi,[]
227,3.787,True,c0_safe,0.335383802652359,0.432,yellow,0,False,driver_roi,[]
228,3.804,True,c0_safe,0.3409225344657898,0.4284,yellow,0,False,driver_roi,[]
229,3.82,True,c0_safe,0.3409225344657898,0.4284,yellow,0,False,driver_roi,[]
230,3.837,True,c9_talking,0.34199413657188416,0.4281,yellow,0,False,driver_roi,[]
231,3.854,True,c9_talking,0.34199413657188416,0.4281,yellow,0,False,driver_roi,[]
232,3.87,True,c0_safe,0.34754467010498047,0.4241,yellow,0,False,driver_roi,[]
233,3.887,True,c0_safe,0.34754467010498047,0.4241,yellow,0,False,driver_roi,[]
234,3.904,True,c0_safe,0.3484516739845276,0.4235,yellow,0,False,driver_roi,[]
235,3.92,True,c0_safe,0.3484516739845276,0.4235,yellow,0,False,driver_roi,[]
236,3.937,True,c0_safe,0.35127121210098267,0.4217,yellow,0,False,driver_roi,[]
237,3.954,True,c0_safe,0.35127121210098267,0.4217,yellow,0,False,driver_roi,[]
238,3.97,True,c0_safe,0.3557659983634949,0.4188,yellow,0,False,driver_roi,[]
239,3.987,True,c0_safe,0.3557659983634949,0.4188,yellow,0,False,driver_roi,[]
240,4.004,True,c0_safe,0.3639143705368042,0.4135,yellow,0,False,driver_roi,[]
241,4.02,True,c0_safe,0.3639143705368042,0.4135,yellow,0,False,driver_roi,[]
242,4.037,True,c0_safe,0.37250158190727234,0.4079,yellow,0,False,driver_roi,[]
243,4.054,True,c0_safe,0.37250158190727234,0.4079,yellow,0,False,driver_roi,[]
244,4.07,True,c0_safe,0.37740299105644226,0.4047,yellow,0,False,driver_roi,[]
245,4.087,True,c0_safe,0.37740299105644226,0.4047,yellow,0,False,driver_roi,[]
246,4.104,True,c0_safe,0.38127368688583374,0.4022,yellow,0,False,driver_roi,[]
247,4.121,True,c0_safe,0.38127368688583374,0.4022,yellow,0,False,driver_roi,[]
248,4.137,True,c0_safe,0.382278174161911,0.4015,yellow,0,False,driver_roi,[]
249,4.154,True,c0_safe,0.382278174161911,0.4015,yellow,0,False,driver_roi,[]
250,4.171,True,c0_safe,0.386370986700058,0.3989,yellow,0,False,driver_roi,[]
251,4.187,True,c0_safe,0.386370986700058,0.3989,yellow,0,False,driver_roi,[]
252,4.204,True,c0_safe,0.3868851065635681,0.3985,yellow,0,False,driver_roi,[]
253,4.221,True,c0_safe,0.3868851065635681,0.3985,yellow,0,False,driver_roi,[]
254,4.237,True,c0_safe,0.38781672716140747,0.3979,yellow,0,False,driver_roi,[]
255,4.254,True,c0_safe,0.38781672716140747,0.3979,yellow,0,False,driver_roi,[]
256,4.271,True,c0_safe,0.39002618193626404,0.3965,yellow,0,False,driver_roi,[]
257,4.287,True,c0_safe,0.39002618193626404,0.3965,yellow,0,False,driver_roi,[]
258,4.304,True,c0_safe,0.3895135521888733,0.3968,yellow,0,False,driver_roi,[]
259,4.321,True,c0_safe,0.3895135521888733,0.3968,yellow,0,False,driver_roi,[]
260,4.337,True,c0_safe,0.3842756152153015,0.4002,yellow,0,False,driver_roi,[]
261,4.354,True,c0_safe,0.3842756152153015,0.4002,yellow,0,False,driver_roi,[]
262,4.371,True,c0_safe,0.37818604707717896,0.4042,yellow,0,False,driver_roi,[]
263,4.387,True,c0_safe,0.37818604707717896,0.4042,yellow,0,False,driver_roi,[]
264,4.404,True,c0_safe,0.37415629625320435,0.4068,yellow,0,False,driver_roi,[]
265,4.421,True,c0_safe,0.37415629625320435,0.4068,yellow,0,False,driver_roi,[]
266,4.437,True,c0_safe,0.36938101053237915,0.4099,yellow,0,False,driver_roi,[]
267,4.454,True,c0_safe,0.36938101053237915,0.4099,yellow,0,False,driver_roi,[]
268,4.471,True,c0_safe,0.3610844910144806,0.4153,yellow,0,False,driver_roi,[]
269,4.488,True,c0_safe,0.3610844910144806,0.4153,yellow,0,False,driver_roi,[]
270,4.504,True,c0_safe,0.3576405346393585,0.4175,yellow,0,False,driver_roi,[]
271,4.521,True,c0_safe,0.3576405346393585,0.4175,yellow,0,False,driver_roi,[]
272,4.538,True,c0_safe,0.34613555669784546,0.425,yellow,0,False,driver_roi,[]
273,4.554,True,c0_safe,0.34613555669784546,0.425,yellow,0,False,driver_roi,[]
274,4.571,True,c0_safe,0.33648985624313354,0.4313,yellow,0,False,driver_roi,[]
275,4.588,True,c0_safe,0.33648985624313354,0.4313,yellow,0,False,driver_roi,[]
276,4.604,True,c3_texting_left,0.34666749835014343,0.4372,yellow,0,False,driver_roi,[]
277,4.621,True,c3_texting_left,0.34666749835014343,0.4372,yellow,0,False,driver_roi,[]
278,4.638,True,c3_texting_left,0.35560351610183716,0.4419,yellow,0,False,driver_roi,[]
279,4.654,True,c3_texting_left,0.35560351610183716,0.4419,yellow,0,False,driver_roi,[]
280,4.671,True,c3_texting_left,0.37178125977516174,0.4482,yellow,0,False,driver_roi,[]
281,4.688,True,c3_texting_left,0.37178125977516174,0.4482,yellow,0,False,driver_roi,[]
282,4.704,True,c3_texting_left,0.38479483127593994,0.4536,yellow,0,False,driver_roi,[]
283,4.721,True,c3_texting_left,0.38479483127593994,0.4536,yellow,0,False,driver_roi,[]
284,4.738,True,c3_texting_left,0.40170764923095703,0.4588,yellow,0,False,driver_roi,[]
285,4.754,True,c3_texting_left,0.40170764923095703,0.4588,yellow,0,False,driver_roi,[]
286,4.771,True,c3_texting_left,0.4158664643764496,0.4639,yellow,0,False,driver_roi,[]
287,4.788,True,c3_texting_left,0.4158664643764496,0.4639,yellow,0,False,driver_roi,[]
288,4.804,True,c3_texting_left,0.4215843677520752,0.4675,yellow,0,False,driver_roi,[]
289,4.821,True,c3_texting_left,0.4215843677520752,0.4675,yellow,0,False,driver_roi,[]
290,4.838,True,c3_texting_left,0.4290984570980072,0.4702,yellow,0,False,driver_roi,[]
291,4.855,True,c3_texting_left,0.4290984570980072,0.4702,yellow,0,False,driver_roi,[]
292,4.871,True,c3_texting_left,0.4361892342567444,0.4764,yellow,0,False,driver_roi,[]
293,4.888,True,c3_texting_left,0.4361892342567444,0.4764,yellow,0,False,driver_roi,[]
294,4.905,True,c3_texting_left,0.44096484780311584,0.4825,yellow,0,False,driver_roi,[]
295,4.921,True,c3_texting_left,0.44096484780311584,0.4825,yellow,0,False,driver_roi,[]
296,4.938,True,c3_texting_left,0.4407467842102051,0.4868,yellow,0,False,driver_roi,[]
297,4.955,True,c3_texting_left,0.4407467842102051,0.4868,yellow,0,False,driver_roi,[]
298,4.971,True,c3_texting_left,0.4377974569797516,0.4895,yellow,0,False,driver_roi,[]
299,4.988,True,c3_texting_left,0.4377974569797516,0.4895,yellow,0,False,driver_roi,[]
300,5.005,True,c3_texting_left,0.4260765612125397,0.4877,yellow,0,False,driver_roi,[]
301,5.021,True,c3_texting_left,0.4260765612125397,0.4877,yellow,0,False,driver_roi,[]
302,5.038,True,c3_texting_left,0.4087532162666321,0.4853,yellow,0,False,driver_roi,[]
303,5.055,True,c3_texting_left,0.4087532162666321,0.4853,yellow,0,False,driver_roi,[]
304,5.071,True,c3_texting_left,0.3951382040977478,0.4847,yellow,0,False,driver_roi,[]
305,5.088,True,c3_texting_left,0.3951382040977478,0.4847,yellow,0,False,driver_roi,[]
306,5.105,True,c3_texting_left,0.37488287687301636,0.4827,yellow,0,False,driver_roi,[]
307,5.121,True,c3_texting_left,0.37488287687301636,0.4827,yellow,0,False,driver_roi,[]
308,5.138,True,c3_texting_left,0.35339364409446716,0.4805,yellow,0,False,driver_roi,[]
309,5.155,True,c3_texting_left,0.35339364409446716,0.4805,yellow,0,False,driver_roi,[]
310,5.171,True,c3_texting_left,0.34021979570388794,0.4823,yellow,0,False,driver_roi,[]
311,5.188,True,c3_texting_left,0.34021979570388794,0.4823,yellow,0,False,driver_roi,[]
312,5.205,True,c3_texting_left,0.327447772026062,0.4847,yellow,0,False,driver_roi,[]
313,5.222,True,c3_texting_left,0.327447772026062,0.4847,yellow,0,False,driver_roi,[]
314,5.238,True,c3_texting_left,0.3227810263633728,0.486,yellow,0,False,driver_roi,[]
315,5.255,True,c3_texting_left,0.3227810263633728,0.486,yellow,0,False,driver_roi,[]
316,5.272,True,c3_texting_left,0.32687586545944214,0.4898,yellow,0,False,driver_roi,[]
317,5.288,True,c3_texting_left,0.32687586545944214,0.4898,yellow,0,False,driver_roi,[]
318,5.305,True,c3_texting_left,0.34097230434417725,0.4955,yellow,0,False,driver_roi,[]
319,5.322,True,c3_texting_left,0.34097230434417725,0.4955,yellow,0,False,driver_roi,[]
320,5.338,True,c3_texting_left,0.3522509038448334,0.4997,yellow,0,False,driver_roi,[]
321,5.355,True,c3_texting_left,0.3522509038448334,0.4997,yellow,0,False,driver_roi,[]
322,5.372,True,c3_texting_left,0.359252005815506,0.5047,yellow,0,False,driver_roi,[]
323,5.388,True,c3_texting_left,0.359252005815506,0.5047,yellow,0,False,driver_roi,[]
324,5.405,True,c3_texting_left,0.36563700437545776,0.5102,yellow,0,False,driver_roi,[]
325,5.422,True,c3_texting_left,0.36563700437545776,0.5102,yellow,0,False,driver_roi,[]
326,5.438,True,c3_texting_left,0.3696499466896057,0.5142,yellow,0,False,driver_roi,[]
327,5.455,True,c3_texting_left,0.3696499466896057,0.5142,yellow,0,False,driver_roi,[]
328,5.472,True,c3_texting_left,0.366075336933136,0.5192,yellow,0,False,driver_roi,[]
329,5.488,True,c3_texting_left,0.366075336933136,0.5192,yellow,0,False,driver_roi,[]
330,5.505,True,c3_texting_left,0.367723286151886,0.5254,yellow,0,False,driver_roi,[]
331,5.522,True,c3_texting_left,0.367723286151886,0.5254,yellow,0,False,driver_roi,[]
332,5.538,True,c3_texting_left,0.3564147353172302,0.5264,yellow,0,False,driver_roi,[]
333,5.555,True,c3_texting_left,0.3564147353172302,0.5264,yellow,0,False,driver_roi,[]
334,5.572,True,c9_talking,0.356749564409256,0.5286,yellow,0,False,driver_roi,[]
335,5.589,True,c9_talking,0.356749564409256,0.5286,yellow,0,False,driver_roi,[]
336,5.605,True,c9_talking,0.39046579599380493,0.5357,yellow,0,False,driver_roi,[]
337,5.622,True,c9_talking,0.39046579599380493,0.5357,yellow,0,False,driver_roi,[]
338,5.639,True,c9_talking,0.41620558500289917,0.5422,yellow,0,False,driver_roi,[]
339,5.655,True,c9_talking,0.41620558500289917,0.5422,yellow,0,False,driver_roi,[]
340,5.672,True,c9_talking,0.44190138578414917,0.5504,yellow,0,False,driver_roi,[]
341,5.689,True,c9_talking,0.44190138578414917,0.5504,yellow,0,False,driver_roi,[]
342,5.705,True,c9_talking,0.4688125252723694,0.5587,yellow,0,False,driver_roi,[]
343,5.722,True,c9_talking,0.4688125252723694,0.5587,yellow,0,False,driver_roi,[]
344,5.739,True,c9_talking,0.4954373240470886,0.5665,yellow,0,False,driver_roi,[]
345,5.755,True,c9_talking,0.4954373240470886,0.5665,yellow,0,False,driver_roi,[]
346,5.772,True,c9_talking,0.5208234190940857,0.5762,yellow,0,False,driver_roi,[]
347,5.789,True,c9_talking,0.5208234190940857,0.5762,yellow,0,False,driver_roi,[]
348,5.805,True,c9_talking,0.5233749747276306,0.5852,yellow,0,False,driver_roi,[]
349,5.822,True,c9_talking,0.5233749747276306,0.5852,yellow,0,False,driver_roi,[]
350,5.839,True,c9_talking,0.519029974937439,0.594,yellow,0,False,driver_roi,[]
351,5.855,True,c9_talking,0.519029974937439,0.594,yellow,0,False,driver_roi,[]
352,5.872,True,c9_talking,0.5067404508590698,0.6017,yellow,0,False,driver_roi,[]
353,5.889,True,c9_talking,0.5067404508590698,0.6017,yellow,0,False,driver_roi,[]
354,5.906,True,c9_talking,0.49365314841270447,0.6079,yellow,0,False,driver_roi,[]
355,5.922,True,c9_talking,0.49365314841270447,0.6079,yellow,0,False,driver_roi,[]
356,5.939,True,c9_talking,0.4824526906013489,0.613,yellow,0,False,driver_roi,[]
357,5.956,True,c9_talking,0.4824526906013489,0.613,yellow,0,False,driver_roi,[]
358,5.972,True,c9_talking,0.47342056035995483,0.6164,yellow,0,False,driver_roi,[]
359,5.989,True,c9_talking,0.47342056035995483,0.6164,yellow,0,False,driver_roi,[]
360,6.006,True,c9_talking,0.4646373391151428,0.6209,yellow,0,False,driver_roi,[]
361,6.022,True,c9_talking,0.4646373391151428,0.6209,yellow,0,False,driver_roi,[]
362,6.039,True,c9_talking,0.4515833854675293,0.6256,yellow,0,False,driver_roi,[]
363,6.056,True,c9_talking,0.4515833854675293,0.6256,yellow,0,False,driver_roi,[]
364,6.072,True,c9_talking,0.4690656065940857,0.6292,yellow,0,False,driver_roi,[]
365,6.089,True,c9_talking,0.4690656065940857,0.6292,yellow,0,False,driver_roi,[]
366,6.106,True,c9_talking,0.45631393790245056,0.6326,yellow,0,False,driver_roi,[]
367,6.122,True,c9_talking,0.45631393790245056,0.6326,yellow,0,False,driver_roi,[]
368,6.139,True,c9_talking,0.44649529457092285,0.6351,yellow,0,False,driver_roi,[]
369,6.156,True,c9_talking,0.44649529457092285,0.6351,yellow,0,False,driver_roi,[]
370,6.172,True,c9_talking,0.4455738961696625,0.6371,yellow,0,False,driver_roi,[]
371,6.189,True,c9_talking,0.4455738961696625,0.6371,yellow,0,False,driver_roi,[]
372,6.206,True,c8_makeup,0.4389643669128418,0.6419,yellow,0,False,driver_roi,[]
373,6.222,True,c8_makeup,0.4389643669128418,0.6419,yellow,0,False,driver_roi,[]
374,6.239,True,c8_makeup,0.458981990814209,0.6457,yellow,0,False,driver_roi,[]
375,6.256,True,c8_makeup,0.458981990814209,0.6457,yellow,0,False,driver_roi,[]
376,6.273,True,c8_makeup,0.4965149760246277,0.6465,yellow,0,False,driver_roi,[]
377,6.289,True,c8_makeup,0.4965149760246277,0.6465,yellow,0,False,driver_roi,[]
378,6.306,True,c8_makeup,0.5343960523605347,0.6476,yellow,0,False,driver_roi,[]
379,6.323,True,c8_makeup,0.5343960523605347,0.6476,yellow,0,False,driver_roi,[]
380,6.339,True,c8_makeup,0.5568269491195679,0.6481,yellow,0,False,driver_roi,[]
381,6.356,True,c8_makeup,0.5568269491195679,0.6481,yellow,0,False,driver_roi,[]
382,6.373,True,c8_makeup,0.5814973711967468,0.6487,yellow,0,False,driver_roi,[]
383,6.389,True,c8_makeup,0.5814973711967468,0.6487,yellow,0,False,driver_roi,[]
384,6.406,True,c8_makeup,0.6057571172714233,0.649,yellow,0,False,driver_roi,[]
385,6.423,True,c8_makeup,0.6057571172714233,0.649,yellow,0,False,driver_roi,[]
386,6.439,True,c8_makeup,0.6320823431015015,0.6493,yellow,0,False,driver_roi,[]
387,6.456,True,c8_makeup,0.6320823431015015,0.6493,yellow,0,False,driver_roi,[]
388,6.473,True,c8_makeup,0.6347311735153198,0.6494,yellow,0,False,driver_roi,[]
389,6.489,True,c8_makeup,0.6347311735153198,0.6494,yellow,0,False,driver_roi,[]
390,6.506,True,c8_makeup,0.6421866416931152,0.6494,yellow,0,False,driver_roi,[]
391,6.523,True,c8_makeup,0.6421866416931152,0.6494,yellow,0,False,driver_roi,[]
392,6.539,True,c8_makeup,0.6360388994216919,0.6494,yellow,0,False,driver_roi,[]
393,6.556,True,c8_makeup,0.6360388994216919,0.6494,yellow,0,False,driver_roi,[]
394,6.573,True,c8_makeup,0.6154484748840332,0.6494,yellow,0,False,driver_roi,[]
395,6.589,True,c8_makeup,0.6154484748840332,0.6494,yellow,0,False,driver_roi,[]
396,6.606,True,c8_makeup,0.5946981906890869,0.6494,yellow,0,False,driver_roi,[]
397,6.623,True,c8_makeup,0.5946981906890869,0.6494,yellow,0,False,driver_roi,[]
398,6.64,True,c8_makeup,0.5721855759620667,0.6494,yellow,0,False,driver_roi,[]
399,6.656,True,c8_makeup,0.5721855759620667,0.6494,yellow,0,False,driver_roi,[]
400,6.673,True,c8_makeup,0.5468554496765137,0.6494,yellow,0,False,driver_roi,[]
401,6.69,True,c8_makeup,0.5468554496765137,0.6494,yellow,0,False,driver_roi,[]
402,6.706,True,c8_makeup,0.5206341743469238,0.6494,yellow,0,False,driver_roi,[]
403,6.723,True,c8_makeup,0.5206341743469238,0.6494,yellow,0,False,driver_roi,[]
404,6.74,True,c8_makeup,0.5293537378311157,0.6494,yellow,0,False,driver_roi,[]
405,6.756,True,c8_makeup,0.5293537378311157,0.6494,yellow,0,False,driver_roi,[]
406,6.773,True,c8_makeup,0.5105785131454468,0.6494,yellow,0,False,driver_roi,[]
407,6.79,True,c8_makeup,0.5105785131454468,0.6494,yellow,0,False,driver_roi,[]
408,6.806,True,c8_makeup,0.5132651329040527,0.6495,yellow,0,False,driver_roi,[]
409,6.823,True,c8_makeup,0.5132651329040527,0.6495,yellow,0,False,driver_roi,[]
410,6.84,True,c8_makeup,0.5154889822006226,0.6496,yellow,0,False,driver_roi,[]
411,6.856,True,c8_makeup,0.5154889822006226,0.6496,yellow,0,False,driver_roi,[]
412,6.873,True,c8_makeup,0.5105046629905701,0.6496,yellow,0,False,driver_roi,[]
413,6.89,True,c8_makeup,0.5105046629905701,0.6496,yellow,0,False,driver_roi,[]
414,6.906,True,c8_makeup,0.5016209483146667,0.6497,yellow,0,False,driver_roi,[]
415,6.923,True,c8_makeup,0.5016209483146667,0.6497,yellow,0,False,driver_roi,[]
416,6.94,True,c8_makeup,0.47770658135414124,0.6497,yellow,0,False,driver_roi,[]
417,6.956,True,c8_makeup,0.47770658135414124,0.6497,yellow,0,False,driver_roi,[]
418,6.973,True,c8_makeup,0.46252232789993286,0.6497,yellow,0,False,driver_roi,[]
419,6.99,True,c8_makeup,0.46252232789993286,0.6497,yellow,0,False,driver_roi,[]
420,7.007,True,c8_makeup,0.46209877729415894,0.6497,yellow,0,False,driver_roi,[]
421,7.023,True,c8_makeup,0.46209877729415894,0.6497,yellow,0,False,driver_roi,[]
422,7.04,True,c8_makeup,0.46008044481277466,0.6497,yellow,0,False,driver_roi,[]
423,7.057,True,c8_makeup,0.46008044481277466,0.6497,yellow,0,False,driver_roi,[]
424,7.073,True,c8_makeup,0.4626188278198242,0.6497,yellow,0,False,driver_roi,[]
425,7.09,True,c8_makeup,0.4626188278198242,0.6497,yellow,0,False,driver_roi,[]
426,7.107,True,c8_makeup,0.45453089475631714,0.6497,yellow,0,False,driver_roi,[]
427,7.123,True,c8_makeup,0.45453089475631714,0.6497,yellow,0,False,driver_roi,[]
428,7.14,True,c8_makeup,0.4543333947658539,0.6496,yellow,0,False,driver_roi,[]
429,7.157,True,c8_makeup,0.4543333947658539,0.6496,yellow,0,False,driver_roi,[]
430,7.173,True,c8_makeup,0.4498054087162018,0.6496,yellow,0,False,driver_roi,[]
431,7.19,True,c8_makeup,0.4498054087162018,0.6496,yellow,0,False,driver_roi,[]
432,7.207,True,c8_makeup,0.44459229707717896,0.6496,yellow,0,False,driver_roi,[]
433,7.223,True,c8_makeup,0.44459229707717896,0.6496,yellow,0,False,driver_roi,[]
434,7.24,True,c8_makeup,0.44197016954421997,0.6496,yellow,0,False,driver_roi,[]
435,7.257,True,c8_makeup,0.44197016954421997,0.6496,yellow,0,False,driver_roi,[]
436,7.273,True,c8_makeup,0.4399430751800537,0.6495,yellow,0,False,driver_roi,[]
437,7.29,True,c8_makeup,0.4399430751800537,0.6495,yellow,0,False,driver_roi,[]
438,7.307,True,c8_makeup,0.4371469020843506,0.6495,yellow,0,False,driver_roi,[]
439,7.323,True,c8_makeup,0.4371469020843506,0.6495,yellow,0,False,driver_roi,[]
440,7.34,True,c8_makeup,0.4325767159461975,0.6494,yellow,0,False,driver_roi,[]
441,7.357,True,c8_makeup,0.4325767159461975,0.6494,yellow,0,False,driver_roi,[]
442,7.374,True,c8_makeup,0.42889294028282166,0.6494,yellow,0,False,driver_roi,[]
443,7.39,True,c8_makeup,0.42889294028282166,0.6494,yellow,0,False,driver_roi,[]
444,7.407,True,c8_makeup,0.41174712777137756,0.6494,yellow,0,False,driver_roi,[]
445,7.424,True,c8_makeup,0.41174712777137756,0.6494,yellow,0,False,driver_roi,[]
446,7.44,True,c8_makeup,0.3969366252422333,0.6494,yellow,0,False,driver_roi,[]
447,7.457,True,c8_makeup,0.3969366252422333,0.6494,yellow,0,False,driver_roi,[]
448,7.474,True,c7_reaching,0.40546542406082153,0.6494,yellow,0,False,driver_roi,[]
449,7.49,True,c7_reaching,0.40546542406082153,0.6494,yellow,0,False,driver_roi,[]
450,7.507,True,c7_reaching,0.43890199065208435,0.6493,yellow,0,False,driver_roi,[]
451,7.524,True,c7_reaching,0.43890199065208435,0.6493,yellow,0,False,driver_roi,[]
452,7.54,True,c7_reaching,0.47126784920692444,0.6493,yellow,0,False,driver_roi,[]
453,7.557,True,c7_reaching,0.47126784920692444,0.6493,yellow,0,False,driver_roi,[]
454,7.574,True,c7_reaching,0.4986399710178375,0.6492,yellow,0,False,driver_roi,[]
455,7.59,True,c7_reaching,0.4986399710178375,0.6492,yellow,0,False,driver_roi,[]
456,7.607,True,c7_reaching,0.522671639919281,0.6492,yellow,0,False,driver_roi,[]
457,7.624,True,c7_reaching,0.522671639919281,0.6492,yellow,0,False,driver_roi,[]
458,7.64,True,c7_reaching,0.5429432988166809,0.6492,yellow,0,False,driver_roi,[]
459,7.657,True,c7_reaching,0.5429432988166809,0.6492,yellow,0,False,driver_roi,[]
460,7.674,True,c7_reaching,0.5564185380935669,0.6492,yellow,0,False,driver_roi,[]
461,7.69,True,c7_reaching,0.5564185380935669,0.6492,yellow,0,False,driver_roi,[]
462,7.707,True,c7_reaching,0.5626771450042725,0.6492,yellow,0,False,driver_roi,[]
463,7.724,True,c7_reaching,0.5626771450042725,0.6492,yellow,0,False,driver_roi,[]
464,7.741,True,c7_reaching,0.570199191570282,0.6492,yellow,0,False,driver_roi,[]
465,7.757,True,c7_reaching,0.570199191570282,0.6492,yellow,0,False,driver_roi,[]
466,7.774,True,c7_reaching,0.5750438570976257,0.6492,yellow,0,False,driver_roi,[]
467,7.791,True,c7_reaching,0.5750438570976257,0.6492,yellow,0,False,driver_roi,[]
468,7.807,True,c7_reaching,0.5716968774795532,0.6492,yellow,0,False,driver_roi,[]
469,7.824,True,c7_reaching,0.5716968774795532,0.6492,yellow,0,False,driver_roi,[]
470,7.841,True,c7_reaching,0.5739633440971375,0.6492,yellow,0,False,driver_roi,[]
471,7.857,True,c7_reaching,0.5739633440971375,0.6492,yellow,0,False,driver_roi,[]
472,7.874,True,c7_reaching,0.5659595727920532,0.6492,yellow,0,False,driver_roi,[]
473,7.891,True,c7_reaching,0.5659595727920532,0.6492,yellow,0,False,driver_roi,[]
474,7.907,True,c7_reaching,0.5540035963058472,0.6493,yellow,0,False,driver_roi,[]
475,7.924,True,c7_reaching,0.5540035963058472,0.6493,yellow,0,False,driver_roi,[]
476,7.941,True,c7_reaching,0.5366290807723999,0.6493,yellow,0,False,driver_roi,[]
477,7.957,True,c7_reaching,0.5366290807723999,0.6493,yellow,0,False,driver_roi,[]
478,7.974,True,c7_reaching,0.5181657671928406,0.6493,yellow,0,False,driver_roi,[]
479,7.991,True,c7_reaching,0.5181657671928406,0.6493,yellow,0,False,driver_roi,[]
480,8.007,True,c7_reaching,0.5025640726089478,0.6494,yellow,0,False,driver_roi,[]
481,8.024,True,c7_reaching,0.5025640726089478,0.6494,yellow,0,False,driver_roi,[]
482,8.041,True,c7_reaching,0.49224409461021423,0.6494,yellow,0,False,driver_roi,[]
483,8.058,True,c7_reaching,0.49224409461021423,0.6494,yellow,0,False,driver_roi,[]
484,8.074,True,c7_reaching,0.4767417907714844,0.6495,yellow,0,False,driver_roi,[]
485,8.091,True,c7_reaching,0.4767417907714844,0.6495,yellow,0,False,driver_roi,[]
486,8.108,True,c7_reaching,0.4618426263332367,0.6495,yellow,0,False,driver_roi,[]
487,8.124,True,c7_reaching,0.4618426263332367,0.6495,yellow,0,False,driver_roi,[]
488,8.141,True,c8_makeup,0.4550090730190277,0.6495,yellow,0,False,driver_roi,[]
489,8.158,True,c8_makeup,0.4550090730190277,0.6495,yellow,0,False,driver_roi,[]
490,8.174,True,c8_makeup,0.4652683138847351,0.6495,yellow,0,False,driver_roi,[]
491,8.191,True,c8_makeup,0.4652683138847351,0.6495,yellow,0,False,driver_roi,[]
492,8.208,True,c8_makeup,0.4723113477230072,0.6496,yellow,0,False,driver_roi,[]
493,8.224,True,c8_makeup,0.4723113477230072,0.6496,yellow,0,False,driver_roi,[]
494,8.241,True,c8_makeup,0.4721187949180603,0.6497,yellow,0,False,driver_roi,[]
495,8.258,True,c8_makeup,0.4721187949180603,0.6497,yellow,0,False,driver_roi,[]
496,8.274,True,c8_makeup,0.4776991307735443,0.6497,yellow,0,False,driver_roi,[]
497,8.291,True,c8_makeup,0.4776991307735443,0.6497,yellow,0,False,driver_roi,[]
498,8.308,True,c8_makeup,0.48407119512557983,0.6497,yellow,0,False,driver_roi,[]
499,8.324,True,c8_makeup,0.48407119512557983,0.6497,yellow,0,False,driver_roi,[]
500,8.341,True,c8_makeup,0.4851190149784088,0.6498,yellow,0,False,driver_roi,[]
501,8.358,True,c8_makeup,0.4851190149784088,0.6498,yellow,0,False,driver_roi,[]
502,8.374,True,c8_makeup,0.4837743639945984,0.6498,yellow,0,False,driver_roi,[]
503,8.391,True,c8_makeup,0.4837743639945984,0.6498,yellow,0,False,driver_roi,[]
504,8.408,True,c8_makeup,0.4799858033657074,0.6498,yellow,0,False,driver_roi,[]
505,8.425,True,c8_makeup,0.4799858033657074,0.6498,yellow,0,False,driver_roi,[]
506,8.441,True,c8_makeup,0.4693458676338196,0.6498,yellow,0,False,driver_roi,[]
507,8.458,True,c8_makeup,0.4693458676338196,0.6498,yellow,0,False,driver_roi,[]
508,8.475,True,c8_makeup,0.45522135496139526,0.6498,yellow,0,False,driver_roi,[]
509,8.491,True,c8_makeup,0.45522135496139526,0.6498,yellow,0,False,driver_roi,[]
510,8.508,True,c7_reaching,0.45554810762405396,0.6498,yellow,0,False,driver_roi,[]
511,8.525,True,c7_reaching,0.45554810762405396,0.6498,yellow,0,False,driver_roi,[]
512,8.541,True,c7_reaching,0.4660084843635559,0.6498,yellow,0,False,driver_roi,[]
513,8.558,True,c7_reaching,0.4660084843635559,0.6498,yellow,0,False,driver_roi,[]
514,8.575,True,c7_reaching,0.48332467675209045,0.6498,yellow,0,False,driver_roi,[]
515,8.591,True,c7_reaching,0.48332467675209045,0.6498,yellow,0,False,driver_roi,[]
516,8.608,True,c7_reaching,0.5072028636932373,0.6498,yellow,0,False,driver_roi,[]
517,8.625,True,c7_reaching,0.5072028636932373,0.6498,yellow,0,False,driver_roi,[]
518,8.641,True,c7_reaching,0.5211370587348938,0.6499,yellow,0,False,driver_roi,[]
519,8.658,True,c7_reaching,0.5211370587348938,0.6499,yellow,0,False,driver_roi,[]
520,8.675,True,c7_reaching,0.5326794385910034,0.6499,yellow,0,False,driver_roi,[]
521,8.691,True,c7_reaching,0.5326794385910034,0.6499,yellow,0,False,driver_roi,[]
522,8.708,True,c7_reaching,0.5439271330833435,0.6499,yellow,0,False,driver_roi,[]
523,8.725,True,c7_reaching,0.5439271330833435,0.6499,yellow,0,False,driver_roi,[]
524,8.741,True,c7_reaching,0.5571743249893188,0.6499,yellow,0,False,driver_roi,[]
525,8.758,True,c7_reaching,0.5571743249893188,0.6499,yellow,0,False,driver_roi,[]
526,8.775,True,c7_reaching,0.5669741034507751,0.6499,yellow,0,False,driver_roi,[]
527,8.792,True,c7_reaching,0.5669741034507751,0.6499,yellow,0,False,driver_roi,[]
528,8.808,True,c7_reaching,0.5595366358757019,0.6499,yellow,0,False,driver_roi,[]
529,8.825,True,c7_reaching,0.5595366358757019,0.6499,yellow,0,False,driver_roi,[]
530,8.842,True,c7_reaching,0.5609906911849976,0.6499,yellow,0,False,driver_roi,[]
531,8.858,True,c7_reaching,0.5609906911849976,0.6499,yellow,0,False,driver_roi,[]
532,8.875,True,c7_reaching,0.5643277168273926,0.6499,yellow,0,False,driver_roi,[]
533,8.892,True,c7_reaching,0.5643277168273926,0.6499,yellow,0,False,driver_roi,[]
534,8.908,True,c7_reaching,0.5678178668022156,0.6499,yellow,0,False,driver_roi,[]
535,8.925,True,c7_reaching,0.5678178668022156,0.6499,yellow,0,False,driver_roi,[]
536,8.942,True,c7_reaching,0.5767194628715515,0.6499,yellow,0,False,driver_roi,[]
537,8.958,True,c7_reaching,0.5767194628715515,0.6499,yellow,0,False,driver_roi,[]
538,8.975,True,c7_reaching,0.5885183215141296,0.6499,yellow,0,False,driver_roi,[]
539,8.992,True,c7_reaching,0.5885183215141296,0.6499,yellow,0,False,driver_roi,[]
540,9.008,True,c7_reaching,0.5985151529312134,0.6499,yellow,0,False,driver_roi,[]
541,9.025,True,c7_reaching,0.5985151529312134,0.6499,yellow,0,False,driver_roi,[]
542,9.042,True,c7_reaching,0.6169751286506653,0.6499,yellow,0,False,driver_roi,[]
543,9.058,True,c7_reaching,0.6169751286506653,0.6499,yellow,0,False,driver_roi,[]
544,9.075,True,c7_reaching,0.6363783478736877,0.6499,yellow,0,False,driver_roi,[]
545,9.092,True,c7_reaching,0.6363783478736877,0.6499,yellow,0,False,driver_roi,[]
546,9.108,True,c7_reaching,0.6483845710754395,0.6499,yellow,0,False,driver_roi,[]
547,9.125,True,c7_reaching,0.6483845710754395,0.6499,yellow,0,False,driver_roi,[]
548,9.142,True,c7_reaching,0.6604432463645935,0.6499,yellow,0,False,driver_roi,[]
549,9.159,True,c7_reaching,0.6604432463645935,0.6499,yellow,0,False,driver_roi,[]
550,9.175,True,c7_reaching,0.6694270372390747,0.6499,yellow,0,False,driver_roi,[]
551,9.192,True,c7_reaching,0.6694270372390747,0.6499,yellow,0,False,driver_roi,[]
552,9.209,True,c7_reaching,0.6635411381721497,0.6499,yellow,0,False,driver_roi,[]
553,9.225,True,c7_reaching,0.6635411381721497,0.6499,yellow,0,False,driver_roi,[]
554,9.242,True,c7_reaching,0.6634952425956726,0.6499,yellow,0,False,driver_roi,[]
555,9.259,True,c7_reaching,0.6634952425956726,0.6499,yellow,0,False,driver_roi,[]
556,9.275,True,c7_reaching,0.6664131879806519,0.6499,yellow,0,False,driver_roi,[]
557,9.292,True,c7_reaching,0.6664131879806519,0.6499,yellow,0,False,driver_roi,[]
558,9.309,True,c7_reaching,0.6758554577827454,0.6499,yellow,0,False,driver_roi,[]
559,9.325,True,c7_reaching,0.6758554577827454,0.6499,yellow,0,False,driver_roi,[]
560,9.342,True,c7_reaching,0.6903966665267944,0.6499,yellow,0,False,driver_roi,[]
561,9.359,True,c7_reaching,0.6903966665267944,0.6499,yellow,0,False,driver_roi,[]
562,9.375,True,c7_reaching,0.6983432769775391,0.6499,yellow,0,False,driver_roi,[]
563,9.392,True,c7_reaching,0.6983432769775391,0.6499,yellow,0,False,driver_roi,[]
564,9.409,True,c7_reaching,0.6905543208122253,0.6499,yellow,0,False,driver_roi,[]
565,9.425,True,c7_reaching,0.6905543208122253,0.6499,yellow,0,False,driver_roi,[]
566,9.442,True,c7_reaching,0.689842700958252,0.6499,yellow,0,False,driver_roi,[]
567,9.459,True,c7_reaching,0.689842700958252,0.6499,yellow,0,False,driver_roi,[]
568,9.475,True,c7_reaching,0.691120445728302,0.6499,yellow,0,False,driver_roi,[]
569,9.492,True,c7_reaching,0.691120445728302,0.6499,yellow,0,False,driver_roi,[]
570,9.509,True,c7_reaching,0.6793196797370911,0.6499,yellow,0,False,driver_roi,[]
571,9.526,True,c7_reaching,0.6793196797370911,0.6499,yellow,0,False,driver_roi,[]
572,9.542,True,c7_reaching,0.6623844504356384,0.6499,yellow,0,False,driver_roi,[]
573,9.559,True,c7_reaching,0.6623844504356384,0.6499,yellow,0,False,driver_roi,[]
574,9.576,True,c7_reaching,0.6460827589035034,0.6499,yellow,0,False,driver_roi,[]
575,9.592,True,c7_reaching,0.6460827589035034,0.6499,yellow,0,False,driver_roi,[]
576,9.609,True,c7_reaching,0.6361482739448547,0.6499,yellow,0,False,driver_roi,[]
577,9.626,True,c7_reaching,0.6361482739448547,0.6499,yellow,0,False,driver_roi,[]
578,9.642,True,c7_reaching,0.6297417879104614,0.6499,yellow,0,False,driver_roi,[]
579,9.659,True,c7_reaching,0.6297417879104614,0.6499,yellow,0,False,driver_roi,[]
580,9.676,True,c7_reaching,0.6296160221099854,0.6499,yellow,0,False,driver_roi,[]
581,9.692,True,c7_reaching,0.6296160221099854,0.6499,yellow,0,False,driver_roi,[]
582,9.709,True,c7_reaching,0.6231482625007629,0.6499,yellow,0,False,driver_roi,[]
583,9.726,True,c7_reaching,0.6231482625007629,0.6499,yellow,0,False,driver_roi,[]
584,9.742,True,c7_reaching,0.6109839081764221,0.6499,yellow,0,False,driver_roi,[]
585,9.759,True,c7_reaching,0.6109839081764221,0.6499,yellow,0,False,driver_roi,[]
586,9.776,True,c7_reaching,0.6005555391311646,0.6499,yellow,0,False,driver_roi,[]
587,9.792,True,c7_reaching,0.6005555391311646,0.6499,yellow,0,False,driver_roi,[]
588,9.809,True,c7_reaching,0.5905489325523376,0.6498,yellow,0,False,driver_roi,[]
589,9.826,True,c7_reaching,0.5905489325523376,0.6498,yellow,0,False,driver_roi,[]
590,9.843,True,c7_reaching,0.5784827470779419,0.6498,yellow,0,False,driver_roi,[]
591,9.859,True,c7_reaching,0.5784827470779419,0.6498,yellow,0,False,driver_roi,[]
592,9.876,True,c7_reaching,0.5798537731170654,0.6498,yellow,0,False,driver_roi,[]
593,9.893,True,c7_reaching,0.5798537731170654,0.6498,yellow,0,False,driver_roi,[]
594,9.909,True,c7_reaching,0.581450343132019,0.6498,yellow,0,False,driver_roi,[]
595,9.926,True,c7_reaching,0.581450343132019,0.6498,yellow,0,False,driver_roi,[]
596,9.943,True,c7_reaching,0.5782924890518188,0.6498,yellow,0,False,driver_roi,[]
597,9.959,True,c7_reaching,0.5782924890518188,0.6498,yellow,0,False,driver_roi,[]
598,9.976,True,c7_reaching,0.5725566744804382,0.6498,yellow,0,False,driver_roi,[]
599,9.993,True,c7_reaching,0.5725566744804382,0.6498,yellow,0,False,driver_roi,[]
600,10.009,True,c7_reaching,0.5637742280960083,0.6498,yellow,0,False,driver_roi,[]
601,10.026,True,c7_reaching,0.5637742280960083,0.6498,yellow,0,False,driver_roi,[]
602,10.043,True,c7_reaching,0.5500133037567139,0.6498,yellow,0,False,driver_roi,[]
603,10.059,True,c7_reaching,0.5500133037567139,0.6498,yellow,0,False,driver_roi,[]
604,10.076,True,c7_reaching,0.5422288179397583,0.6498,yellow,0,False,driver_roi,[]
605,10.093,True,c7_reaching,0.5422288179397583,0.6498,yellow,0,False,driver_roi,[]
606,10.109,True,c7_reaching,0.5330318808555603,0.6498,yellow,0,False,driver_roi,[]
607,10.126,True,c7_reaching,0.5330318808555603,0.6498,yellow,0,False,driver_roi,[]
608,10.143,True,c7_reaching,0.5292998552322388,0.6498,yellow,0,False,driver_roi,[]
609,10.159,True,c7_reaching,0.5292998552322388,0.6498,yellow,0,False,driver_roi,[]
610,10.176,True,c7_reaching,0.5255616903305054,0.6498,yellow,0,False,driver_roi,[]
611,10.193,True,c7_reaching,0.5255616903305054,0.6498,yellow,0,False,driver_roi,[]
612,10.21,True,c7_reaching,0.5288647413253784,0.6498,yellow,0,False,driver_roi,[]
613,10.226,True,c7_reaching,0.5288647413253784,0.6498,yellow,0,False,driver_roi,[]
614,10.243,True,c7_reaching,0.5158606767654419,0.6498,yellow,0,False,driver_roi,[]
615,10.26,True,c7_reaching,0.5158606767654419,0.6498,yellow,0,False,driver_roi,[]
616,10.276,True,c7_reaching,0.49764442443847656,0.6498,yellow,0,False,driver_roi,[]
617,10.293,True,c7_reaching,0.49764442443847656,0.6498,yellow,0,False,driver_roi,[]
618,10.31,True,c7_reaching,0.4763261377811432,0.6498,yellow,0,False,driver_roi,[]
619,10.326,True,c7_reaching,0.4763261377811432,0.6498,yellow,0,False,driver_roi,[]
620,10.343,True,c7_reaching,0.45612388849258423,0.6498,yellow,0,False,driver_roi,[]
621,10.36,True,c7_reaching,0.45612388849258423,0.6498,yellow,0,False,driver_roi,[]
622,10.376,True,c7_reaching,0.4301423132419586,0.6498,yellow,0,False,driver_roi,[]
623,10.393,True,c7_reaching,0.4301423132419586,0.6498,yellow,0,False,driver_roi,[]
624,10.41,True,c7_reaching,0.40632349252700806,0.6498,yellow,0,False,driver_roi,[]
625,10.426,True,c7_reaching,0.40632349252700806,0.6498,yellow,0,False,driver_roi,[]
626,10.443,True,c7_reaching,0.3826330304145813,0.6497,yellow,0,False,driver_roi,[]
627,10.46,True,c7_reaching,0.3826330304145813,0.6497,yellow,0,False,driver_roi,[]
628,10.476,True,c7_reaching,0.35854774713516235,0.6495,yellow,0,False,driver_roi,[]
629,10.493,True,c7_reaching,0.35854774713516235,0.6495,yellow,0,False,driver_roi,[]
630,10.51,True,c9_talking,0.35132232308387756,0.6492,yellow,0,False,driver_roi,[]
631,10.526,True,c9_talking,0.35132232308387756,0.6492,yellow,0,False,driver_roi,[]
632,10.543,True,c9_talking,0.3727665841579437,0.6489,yellow,0,False,driver_roi,[]
633,10.56,True,c9_talking,0.3727665841579437,0.6489,yellow,0,False,driver_roi,[]
634,10.577,True,c9_talking,0.40692514181137085,0.6488,yellow,0,False,driver_roi,[]
635,10.593,True,c9_talking,0.40692514181137085,0.6488,yellow,0,False,driver_roi,[]
636,10.61,True,c9_talking,0.44020166993141174,0.6486,yellow,0,False,driver_roi,[]
637,10.627,True,c9_talking,0.44020166993141174,0.6486,yellow,0,False,driver_roi,[]
638,10.643,True,c9_talking,0.4658695161342621,0.6484,yellow,0,False,driver_roi,[]
639,10.66,True,c9_talking,0.4658695161342621,0.6484,yellow,0,False,driver_roi,[]
640,10.677,True,c9_talking,0.48510441184043884,0.6478,yellow,0,False,driver_roi,[]
641,10.693,True,c9_talking,0.48510441184043884,0.6478,yellow,0,False,driver_roi,[]
642,10.71,True,c9_talking,0.4933537542819977,0.6472,yellow,0,False,driver_roi,[]
643,10.727,True,c9_talking,0.4933537542819977,0.6472,yellow,0,False,driver_roi,[]
644,10.743,True,c9_talking,0.4989534914493561,0.6466,yellow,0,False,driver_roi,[]
645,10.76,True,c9_talking,0.4989534914493561,0.6466,yellow,0,False,driver_roi,[]
646,10.777,True,c9_talking,0.49660176038742065,0.6462,yellow,0,False,driver_roi,[]
647,10.793,True,c9_talking,0.49660176038742065,0.6462,yellow,0,False,driver_roi,[]
648,10.81,True,c9_talking,0.4867263436317444,0.6454,yellow,0,False,driver_roi,[]
649,10.827,True,c9_talking,0.4867263436317444,0.6454,yellow,0,False,driver_roi,[]
650,10.843,True,c9_talking,0.46961647272109985,0.6448,yellow,0,False,driver_roi,[]
651,10.86,True,c9_talking,0.46961647272109985,0.6448,yellow,0,False,driver_roi,[]
652,10.877,True,c9_talking,0.4808123707771301,0.6445,yellow,0,False,driver_roi,[]
653,10.893,True,c9_talking,0.4808123707771301,0.6445,yellow,0,False,driver_roi,[]
654,10.91,True,c9_talking,0.45948147773742676,0.6445,yellow,0,False,driver_roi,[]
655,10.927,True,c9_talking,0.45948147773742676,0.6445,yellow,0,False,driver_roi,[]
656,10.944,True,c9_talking,0.43184009194374084,0.6445,yellow,0,False,driver_roi,[]
657,10.96,True,c9_talking,0.43184009194374084,0.6445,yellow,0,False,driver_roi,[]
658,10.977,True,c9_talking,0.4040347933769226,0.6444,yellow,0,False,driver_roi,[]
659,10.994,True,c9_talking,0.4040347933769226,0.6444,yellow,0,False,driver_roi,[]
660,11.01,True,c9_talking,0.389688640832901,0.6444,yellow,0,False,driver_roi,[]
661,11.027,True,c9_talking,0.389688640832901,0.6444,yellow,0,False,driver_roi,[]
662,11.044,True,c9_talking,0.35452693700790405,0.6444,yellow,0,False,driver_roi,[]
663,11.06,True,c9_talking,0.35452693700790405,0.6444,yellow,0,False,driver_roi,[]
664,11.077,True,c8_makeup,0.37413445115089417,0.6444,yellow,0,False,driver_roi,[]
665,11.094,True,c8_makeup,0.37413445115089417,0.6444,yellow,0,False,driver_roi,[]
666,11.11,True,c8_makeup,0.3991922438144684,0.6444,yellow,0,False,driver_roi,[]
667,11.127,True,c8_makeup,0.3991922438144684,0.6444,yellow,0,False,driver_roi,[]
668,11.144,True,c8_makeup,0.4202556610107422,0.6428,yellow,0,False,driver_roi,[]
669,11.16,True,c8_makeup,0.4202556610107422,0.6428,yellow,0,False,driver_roi,[]
670,11.177,True,c8_makeup,0.4162355959415436,0.6371,yellow,0,False,driver_roi,[]
671,11.194,True,c8_makeup,0.4162355959415436,0.6371,yellow,0,False,driver_roi,[]
672,11.21,True,c8_makeup,0.4158877730369568,0.6261,yellow,0,False,driver_roi,[]
673,11.227,True,c8_makeup,0.4158877730369568,0.6261,yellow,0,False,driver_roi,[]
674,11.244,True,c8_makeup,0.4137614667415619,0.6163,yellow,0,False,driver_roi,[]
675,11.26,True,c8_makeup,0.4137614667415619,0.6163,yellow,0,False,driver_roi,[]
676,11.277,True,c8_makeup,0.4114680290222168,0.6129,yellow,0,False,driver_roi,[]
677,11.294,True,c8_makeup,0.4114680290222168,0.6129,yellow,0,False,driver_roi,[]
678,11.311,True,c8_makeup,0.40495824813842773,0.6101,yellow,0,False,driver_roi,[]
679,11.327,True,c8_makeup,0.40495824813842773,0.6101,yellow,0,False,driver_roi,[]
680,11.344,True,c8_makeup,0.3961179852485657,0.6004,yellow,0,False,driver_roi,[]
681,11.361,True,c8_makeup,0.3961179852485657,0.6004,yellow,0,False,driver_roi,[]
682,11.377,True,c8_makeup,0.38349205255508423,0.5857,yellow,0,False,driver_roi,[]
683,11.394,True,c8_makeup,0.38349205255508423,0.5857,yellow,0,False,driver_roi,[]
684,11.411,True,c8_makeup,0.3661879003047943,0.5766,yellow,0,False,driver_roi,[]
685,11.427,True,c8_makeup,0.3661879003047943,0.5766,yellow,0,False,driver_roi,[]
686,11.444,True,c8_makeup,0.35596829652786255,0.5724,yellow,0,False,driver_roi,[]
687,11.461,True,c8_makeup,0.35596829652786255,0.5724,yellow,0,False,driver_roi,[]
688,11.477,True,c8_makeup,0.34497785568237305,0.5683,yellow,0,False,driver_roi,[]
689,11.494,True,c8_makeup,0.34497785568237305,0.5683,yellow,0,False,driver_roi,[]
690,11.511,True,c8_makeup,0.3250388503074646,0.561,yellow,0,False,driver_roi,[]
691,11.527,True,c8_makeup,0.3250388503074646,0.561,yellow,0,False,driver_roi,[]
692,11.544,True,c3_texting_left,0.3487645983695984,0.5586,yellow,0,False,driver_roi,[]
693,11.561,True,c3_texting_left,0.3487645983695984,0.5586,yellow,0,False,driver_roi,[]
694,11.577,True,c3_texting_left,0.3729875981807709,0.5551,yellow,0,False,driver_roi,[]
695,11.594,True,c3_texting_left,0.3729875981807709,0.5551,yellow,0,False,driver_roi,[]
696,11.611,True,c3_texting_left,0.38719668984413147,0.5505,yellow,0,False,driver_roi,[]
697,11.628,True,c3_texting_left,0.38719668984413147,0.5505,yellow,0,False,driver_roi,[]
698,11.644,True,c3_texting_left,0.40627026557922363,0.5448,yellow,0,False,driver_roi,[]
699,11.661,True,c3_texting_left,0.40627026557922363,0.5448,yellow,0,False,driver_roi,[]
700,11.678,True,c3_texting_left,0.42414039373397827,0.5383,yellow,0,False,driver_roi,[]
701,11.694,True,c3_texting_left,0.42414039373397827,0.5383,yellow,0,False,driver_roi,[]
702,11.711,True,c3_texting_left,0.4472995400428772,0.5317,yellow,0,False,driver_roi,[]
703,11.728,True,c3_texting_left,0.4472995400428772,0.5317,yellow,0,False,driver_roi,[]
704,11.744,True,c3_texting_left,0.47419267892837524,0.5264,yellow,0,False,driver_roi,[]
705,11.761,True,c3_texting_left,0.47419267892837524,0.5264,yellow,0,False,driver_roi,[]
706,11.778,True,c3_texting_left,0.5010049343109131,0.5222,yellow,0,False,driver_roi,[]
707,11.794,True,c3_texting_left,0.5010049343109131,0.5222,yellow,0,False,driver_roi,[]
708,11.811,True,c3_texting_left,0.518082857131958,0.5188,yellow,0,False,driver_roi,[]
709,11.828,True,c3_texting_left,0.518082857131958,0.5188,yellow,0,False,driver_roi,[]
710,11.844,True,c3_texting_left,0.5372412204742432,0.5184,yellow,0,False,driver_roi,[]
711,11.861,True,c3_texting_left,0.5372412204742432,0.5184,yellow,0,False,driver_roi,[]
712,11.878,True,c3_texting_left,0.5464839935302734,0.5233,yellow,0,False,driver_roi,[]
713,11.894,True,c3_texting_left,0.5464839935302734,0.5233,yellow,0,False,driver_roi,[]
714,11.911,True,c3_texting_left,0.538109302520752,0.5272,yellow,0,False,driver_roi,[]
715,11.928,True,c3_texting_left,0.538109302520752,0.5272,yellow,0,False,driver_roi,[]
716,11.944,True,c3_texting_left,0.5144000053405762,0.525,yellow,0,False,driver_roi,[]
717,11.961,True,c3_texting_left,0.5144000053405762,0.525,yellow,0,False,driver_roi,[]
718,11.978,True,c3_texting_left,0.4799495339393616,0.5219,yellow,0,False,driver_roi,[]
719,11.995,True,c3_texting_left,0.4799495339393616,0.5219,yellow,0,False,driver_roi,[]
720,12.011,True,c3_texting_left,0.4569641649723053,0.5274,yellow,0,False,driver_roi,[]
721,12.028,True,c3_texting_left,0.4569641649723053,0.5274,yellow,0,False,driver_roi,[]
722,12.045,True,c3_texting_left,0.44446057081222534,0.5408,yellow,0,False,driver_roi,[]
723,12.061,True,c3_texting_left,0.44446057081222534,0.5408,yellow,0,False,driver_roi,[]
724,12.078,True,c3_texting_left,0.4230380058288574,0.5493,yellow,0,False,driver_roi,[]
725,12.095,True,c3_texting_left,0.4230380058288574,0.5493,yellow,0,False,driver_roi,[]
726,12.111,True,c3_texting_left,0.3886012136936188,0.5522,yellow,0,False,driver_roi,[]
727,12.128,True,c3_texting_left,0.3886012136936188,0.5522,yellow,0,False,driver_roi,[]
728,12.145,True,c3_texting_left,0.35351526737213135,0.5558,yellow,0,False,driver_roi,[]
729,12.161,True,c3_texting_left,0.35351526737213135,0.5558,yellow,0,False,driver_roi,[]
730,12.178,True,c3_texting_left,0.3290512263774872,0.5623,yellow,0,False,driver_roi,[]
731,12.195,True,c3_texting_left,0.3290512263774872,0.5623,yellow,0,False,driver_roi,[]
732,12.211,True,c5_radio,0.319360613822937,0.5634,yellow,0,False,driver_roi,[]
733,12.228,True,c5_radio,0.319360613822937,0.5634,yellow,0,False,driver_roi,[]
734,12.245,True,c5_radio,0.351345956325531,0.5645,yellow,0,False,driver_roi,[]
735,12.261,True,c5_radio,0.351345956325531,0.5645,yellow,0,False,driver_roi,[]
736,12.278,True,c5_radio,0.37904229760169983,0.5662,yellow,0,False,driver_roi,[]
737,12.295,True,c5_radio,0.37904229760169983,0.5662,yellow,0,False,driver_roi,[]
738,12.311,True,c5_radio,0.39613449573516846,0.5679,yellow,0,False,driver_roi,[]
739,12.328,True,c5_radio,0.39613449573516846,0.5679,yellow,0,False,driver_roi,[]
740,12.345,True,c5_radio,0.402385950088501,0.5673,yellow,0,False,driver_roi,[]
741,12.362,True,c5_radio,0.402385950088501,0.5673,yellow,0,False,driver_roi,[]
742,12.378,True,c5_radio,0.40533003211021423,0.5663,yellow,0,False,driver_roi,[]
743,12.395,True,c5_radio,0.40533003211021423,0.5663,yellow,0,False,driver_roi,[]
744,12.412,True,c5_radio,0.40416765213012695,0.5639,yellow,0,False,driver_roi,[]
745,12.428,True,c5_radio,0.40416765213012695,0.5639,yellow,0,False,driver_roi,[]
746,12.445,True,c5_radio,0.40159183740615845,0.5588,yellow,0,False,driver_roi,[]
747,12.462,True,c5_radio,0.40159183740615845,0.5588,yellow,0,False,driver_roi,[]
748,12.478,True,c5_radio,0.3922944962978363,0.5537,yellow,0,False,driver_roi,[]
749,12.495,True,c5_radio,0.3922944962978363,0.5537,yellow,0,False,driver_roi,[]
750,12.512,True,c5_radio,0.39199313521385193,0.5505,yellow,0,False,driver_roi,[]
751,12.528,True,c5_radio,0.39199313521385193,0.5505,yellow,0,False,driver_roi,[]
752,12.545,True,c5_radio,0.38750115036964417,0.5488,yellow,0,False,driver_roi,[]
753,12.562,True,c5_radio,0.38750115036964417,0.5488,yellow,0,False,driver_roi,[]
754,12.578,True,c5_radio,0.3856799304485321,0.5457,yellow,0,False,driver_roi,[]
755,12.595,True,c5_radio,0.3856799304485321,0.5457,yellow,0,False,driver_roi,[]
756,12.612,True,c5_radio,0.3825843930244446,0.5441,yellow,0,False,driver_roi,[]
757,12.628,True,c5_radio,0.3825843930244446,0.5441,yellow,0,False,driver_roi,[]
758,12.645,True,c5_radio,0.38192033767700195,0.5445,yellow,0,False,driver_roi,[]
759,12.662,True,c5_radio,0.38192033767700195,0.5445,yellow,0,False,driver_roi,[]
760,12.678,True,c5_radio,0.3726947605609894,0.5435,yellow,0,False,driver_roi,[]
761,12.695,True,c5_radio,0.3726947605609894,0.5435,yellow,0,False,driver_roi,[]
762,12.712,True,c5_radio,0.35919469594955444,0.5394,yellow,0,False,driver_roi,[]
763,12.729,True,c5_radio,0.35919469594955444,0.5394,yellow,0,False,driver_roi,[]
764,12.745,True,c5_radio,0.3410891592502594,0.5349,yellow,0,False,driver_roi,[]
765,12.762,True,c5_radio,0.3410891592502594,0.5349,yellow,0,False,driver_roi,[]
766,12.779,True,c5_radio,0.32594403624534607,0.532,yellow,0,False,driver_roi,[]
767,12.795,True,c5_radio,0.32594403624534607,0.532,yellow,0,False,driver_roi,[]
768,12.812,True,c5_radio,0.30645033717155457,0.5274,yellow,0,False,driver_roi,[]
769,12.829,True,c5_radio,0.30645033717155457,0.5274,yellow,0,False,driver_roi,[]
770,12.845,True,c3_texting_left,0.29379522800445557,0.5234,yellow,0,False,driver_roi,[]
771,12.862,True,c3_texting_left,0.29379522800445557,0.5234,yellow,0,False,driver_roi,[]
772,12.879,True,c3_texting_left,0.31119614839553833,0.5186,yellow,0,False,driver_roi,[]
773,12.895,True,c3_texting_left,0.31119614839553833,0.5186,yellow,0,False,driver_roi,[]
774,12.912,True,c3_texting_left,0.32127994298934937,0.5137,yellow,0,False,driver_roi,[]
775,12.929,True,c3_texting_left,0.32127994298934937,0.5137,yellow,0,False,driver_roi,[]
776,12.945,True,c3_texting_left,0.3234024941921234,0.5108,yellow,0,False,driver_roi,[]
777,12.962,True,c3_texting_left,0.3234024941921234,0.5108,yellow,0,False,driver_roi,[]
778,12.979,True,c3_texting_left,0.3393093943595886,0.5088,yellow,0,False,driver_roi,[]
779,12.995,True,c3_texting_left,0.3393093943595886,0.5088,yellow,0,False,driver_roi,[]
780,13.012,True,c3_texting_left,0.3629343509674072,0.5121,yellow,0,False,driver_roi,[]
781,13.029,True,c3_texting_left,0.3629343509674072,0.5121,yellow,0,False,driver_roi,[]
782,13.045,True,c3_texting_left,0.3876749277114868,0.5172,yellow,0,False,driver_roi,[]
783,13.062,True,c3_texting_left,0.3876749277114868,0.5172,yellow,0,False,driver_roi,[]
784,13.079,True,c3_texting_left,0.40860313177108765,0.5216,yellow,0,False,driver_roi,[]
785,13.096,True,c3_texting_left,0.40860313177108765,0.5216,yellow,0,False,driver_roi,[]
786,13.112,True,c3_texting_left,0.425259530544281,0.5269,yellow,0,False,driver_roi,[]
787,13.129,True,c3_texting_left,0.425259530544281,0.5269,yellow,0,False,driver_roi,[]
788,13.146,True,c3_texting_left,0.43985795974731445,0.533,yellow,0,False,driver_roi,[]
789,13.162,True,c3_texting_left,0.43985795974731445,0.533,yellow,0,False,driver_roi,[]
790,13.179,True,c3_texting_left,0.4546731412410736,0.5375,yellow,0,False,driver_roi,[]
791,13.196,True,c3_texting_left,0.4546731412410736,0.5375,yellow,0,False,driver_roi,[]
792,13.212,True,c3_texting_left,0.4632240831851959,0.5382,yellow,0,False,driver_roi,[]
793,13.229,True,c3_texting_left,0.4632240831851959,0.5382,yellow,0,False,driver_roi,[]
794,13.246,True,c3_texting_left,0.464665949344635,0.5366,yellow,0,False,driver_roi,[]
795,13.262,True,c3_texting_left,0.464665949344635,0.5366,yellow,0,False,driver_roi,[]
796,13.279,True,c3_texting_left,0.4660206437110901,0.5325,yellow,0,False,driver_roi,[]
797,13.296,True,c3_texting_left,0.4660206437110901,0.5325,yellow,0,False,driver_roi,[]
798,13.312,True,c3_texting_left,0.468752920627594,0.5266,yellow,0,False,driver_roi,[]
799,13.329,True,c3_texting_left,0.468752920627594,0.5266,yellow,0,False,driver_roi,[]
800,13.346,True,c3_texting_left,0.4717796742916107,0.5221,yellow,0,False,driver_roi,[]
801,13.362,True,c3_texting_left,0.4717796742916107,0.5221,yellow,0,False,driver_roi,[]
802,13.379,True,c3_texting_left,0.4798450469970703,0.5181,yellow,0,False,driver_roi,[]
803,13.396,True,c3_texting_left,0.4798450469970703,0.5181,yellow,0,False,driver_roi,[]
804,13.412,True,c3_texting_left,0.4866470396518707,0.5142,yellow,0,False,driver_roi,[]
805,13.429,True,c3_texting_left,0.4866470396518707,0.5142,yellow,0,False,driver_roi,[]
806,13.446,True,c3_texting_left,0.49034491181373596,0.5105,yellow,0,False,driver_roi,[]
807,13.463,True,c3_texting_left,0.49034491181373596,0.5105,yellow,0,False,driver_roi,[]
808,13.479,True,c3_texting_left,0.4909657835960388,0.5091,yellow,0,False,driver_roi,[]
809,13.496,True,c3_texting_left,0.4909657835960388,0.5091,yellow,0,False,driver_roi,[]
810,13.513,True,c3_texting_left,0.4872526228427887,0.5061,yellow,0,False,driver_roi,[]
811,13.529,True,c3_texting_left,0.4872526228427887,0.5061,yellow,0,False,driver_roi,[]
812,13.546,True,c3_texting_left,0.47886210680007935,0.5032,yellow,0,False,driver_roi,[]
813,13.563,True,c3_texting_left,0.47886210680007935,0.5032,yellow,0,False,driver_roi,[]
814,13.579,True,c3_texting_left,0.4771486222743988,0.5016,yellow,0,False,driver_roi,[]
815,13.596,True,c3_texting_left,0.4771486222743988,0.5016,yellow,0,False,driver_roi,[]
816,13.613,True,c3_texting_left,0.49050140380859375,0.4994,yellow,0,False,driver_roi,[]
817,13.629,True,c3_texting_left,0.49050140380859375,0.4994,yellow,0,False,driver_roi,[]
818,13.646,True,c3_texting_left,0.49428191781044006,0.4978,yellow,0,False,driver_roi,[]
819,13.663,True,c3_texting_left,0.49428191781044006,0.4978,yellow,0,False,driver_roi,[]
820,13.679,True,c3_texting_left,0.4893297255039215,0.4958,yellow,0,False,driver_roi,[]
821,13.696,True,c3_texting_left,0.4893297255039215,0.4958,yellow,0,False,driver_roi,[]
822,13.713,True,c3_texting_left,0.48266345262527466,0.4932,yellow,0,False,driver_roi,[]
823,13.729,True,c3_texting_left,0.48266345262527466,0.4932,yellow,0,False,driver_roi,[]
824,13.746,True,c3_texting_left,0.4786415994167328,0.4928,yellow,0,False,driver_roi,[]
825,13.763,True,c3_texting_left,0.4786415994167328,0.4928,yellow,0,False,driver_roi,[]
826,13.78,True,c3_texting_left,0.475738525390625,0.4926,yellow,0,False,driver_roi,[]
827,13.796,True,c3_texting_left,0.475738525390625,0.4926,yellow,0,False,driver_roi,[]
828,13.813,True,c3_texting_left,0.47811079025268555,0.4934,yellow,0,False,driver_roi,[]
829,13.83,True,c3_texting_left,0.47811079025268555,0.4934,yellow,0,False,driver_roi,[]
830,13.846,True,c3_texting_left,0.4822247624397278,0.4955,yellow,0,False,driver_roi,[]
831,13.863,True,c3_texting_left,0.4822247624397278,0.4955,yellow,0,False,driver_roi,[]
832,13.88,True,c3_texting_left,0.4946688711643219,0.5009,yellow,0,False,driver_roi,[]
833,13.896,True,c3_texting_left,0.4946688711643219,0.5009,yellow,0,False,driver_roi,[]
834,13.913,True,c3_texting_left,0.514131486415863,0.5097,yellow,0,False,driver_roi,[]
835,13.93,True,c3_texting_left,0.514131486415863,0.5097,yellow,0,False,driver_roi,[]
836,13.946,True,c3_texting_left,0.531135618686676,0.5179,yellow,0,False,driver_roi,[]
837,13.963,True,c3_texting_left,0.531135618686676,0.5179,yellow,0,False,driver_roi,[]
838,13.98,True,c3_texting_left,0.5453063249588013,0.5254,yellow,0,False,driver_roi,[]
839,13.996,True,c3_texting_left,0.5453063249588013,0.5254,yellow,0,False,driver_roi,[]
840,14.013,True,c3_texting_left,0.5606585144996643,0.5322,yellow,0,False,driver_roi,[]
841,14.03,True,c3_texting_left,0.5606585144996643,0.5322,yellow,0,False,driver_roi,[]
842,14.046,True,c3_texting_left,0.5728304386138916,0.5368,yellow,0,False,driver_roi,[]
843,14.063,True,c3_texting_left,0.5728304386138916,0.5368,yellow,0,False,driver_roi,[]
844,14.08,True,c3_texting_left,0.5910020470619202,0.5418,yellow,0,False,driver_roi,[]
845,14.096,True,c3_texting_left,0.5910020470619202,0.5418,yellow,0,False,driver_roi,[]
846,14.113,True,c3_texting_left,0.6079041957855225,0.5437,yellow,0,False,driver_roi,[]
847,14.13,True,c3_texting_left,0.6079041957855225,0.5437,yellow,0,False,driver_roi,[]
848,14.147,True,c3_texting_left,0.6209172010421753,0.5451,yellow,0,False,driver_roi,[]
849,14.163,True,c3_texting_left,0.6209172010421753,0.5451,yellow,0,False,driver_roi,[]
850,14.18,True,c3_texting_left,0.6293068528175354,0.5456,yellow,0,False,driver_roi,[]
851,14.197,True,c3_texting_left,0.6293068528175354,0.5456,yellow,0,False,driver_roi,[]
852,14.213,True,c3_texting_left,0.6323859095573425,0.5481,yellow,0,False,driver_roi,[]
853,14.23,True,c3_texting_left,0.6323859095573425,0.5481,yellow,0,False,driver_roi,[]
854,14.247,True,c3_texting_left,0.6353591084480286,0.5509,yellow,0,False,driver_roi,[]
855,14.263,True,c3_texting_left,0.6353591084480286,0.5509,yellow,0,False,driver_roi,[]
856,14.28,True,c3_texting_left,0.62798011302948,0.5517,yellow,0,False,driver_roi,[]
857,14.297,True,c3_texting_left,0.62798011302948,0.5517,yellow,0,False,driver_roi,[]
858,14.313,True,c3_texting_left,0.6196165680885315,0.551,yellow,0,False,driver_roi,[]
859,14.33,True,c3_texting_left,0.6196165680885315,0.551,yellow,0,False,driver_roi,[]
860,14.347,True,c3_texting_left,0.6137868165969849,0.5492,yellow,0,False,driver_roi,[]
861,14.363,True,c3_texting_left,0.6137868165969849,0.5492,yellow,0,False,driver_roi,[]
862,14.38,True,c3_texting_left,0.6089223623275757,0.5462,yellow,0,False,driver_roi,[]
863,14.397,True,c3_texting_left,0.6089223623275757,0.5462,yellow,0,False,driver_roi,[]
864,14.413,True,c3_texting_left,0.6043367385864258,0.5429,yellow,0,False,driver_roi,[]
865,14.43,True,c3_texting_left,0.6043367385864258,0.5429,yellow,0,False,driver_roi,[]
866,14.447,True,c3_texting_left,0.6061021089553833,0.5415,yellow,0,False,driver_roi,[]
867,14.463,True,c3_texting_left,0.6061021089553833,0.5415,yellow,0,False,driver_roi,[]
868,14.48,True,c3_texting_left,0.5938122868537903,0.5357,yellow,0,False,driver_roi,[]
869,14.497,True,c3_texting_left,0.5938122868537903,0.5357,yellow,0,False,driver_roi,[]
870,14.514,True,c3_texting_left,0.5824138522148132,0.5302,yellow,0,False,driver_roi,[]
871,14.53,True,c3_texting_left,0.5824138522148132,0.5302,yellow,0,False,driver_roi,[]
872,14.547,True,c3_texting_left,0.5649973154067993,0.5226,yellow,0,False,driver_roi,[]
873,14.564,True,c3_texting_left,0.5649973154067993,0.5226,yellow,0,False,driver_roi,[]
874,14.58,True,c3_texting_left,0.5499721765518188,0.5157,yellow,0,False,driver_roi,[]
875,14.597,True,c3_texting_left,0.5499721765518188,0.5157,yellow,0,False,driver_roi,[]
876,14.614,True,c3_texting_left,0.5350238084793091,0.5101,yellow,0,False,driver_roi,[]
877,14.63,True,c3_texting_left,0.5350238084793091,0.5101,yellow,0,False,driver_roi,[]
878,14.647,True,c3_texting_left,0.5288215279579163,0.507,yellow,0,False,driver_roi,[]
879,14.664,True,c3_texting_left,0.5288215279579163,0.507,yellow,0,False,driver_roi,[]
880,14.68,True,c3_texting_left,0.5217971801757812,0.5024,yellow,0,False,driver_roi,[]
881,14.697,True,c3_texting_left,0.5217971801757812,0.5024,yellow,0,False,driver_roi,[]
882,14.714,True,c3_texting_left,0.5166931748390198,0.5,yellow,0,False,driver_roi,[]
883,14.73,True,c3_texting_left,0.5166931748390198,0.5,yellow,0,False,driver_roi,[]
884,14.747,True,c3_texting_left,0.5125750303268433,0.499,yellow,0,False,driver_roi,[]
885,14.764,True,c3_texting_left,0.5125750303268433,0.499,yellow,0,False,driver_roi,[]
886,14.78,True,c3_texting_left,0.5145472884178162,0.4994,yellow,0,False,driver_roi,[]
887,14.797,True,c3_texting_left,0.5145472884178162,0.4994,yellow,0,False,driver_roi,[]
888,14.814,True,c3_texting_left,0.5212210416793823,0.4975,yellow,0,False,driver_roi,[]
889,14.83,True,c3_texting_left,0.5212210416793823,0.4975,yellow,0,False,driver_roi,[]
890,14.847,True,c3_texting_left,0.5365619659423828,0.4984,yellow,0,False,driver_roi,[]
891,14.864,True,c3_texting_left,0.5365619659423828,0.4984,yellow,0,False,driver_roi,[]
892,14.881,True,c3_texting_left,0.5525326132774353,0.4963,yellow,0,False,driver_roi,[]
893,14.897,True,c3_texting_left,0.5525326132774353,0.4963,yellow,0,False,driver_roi,[]
894,14.914,True,c3_texting_left,0.5638649463653564,0.4919,yellow,0,False,driver_roi,[]
895,14.931,True,c3_texting_left,0.5638649463653564,0.4919,yellow,0,False,driver_roi,[]
896,14.947,True,c3_texting_left,0.5675976872444153,0.4871,yellow,0,False,driver_roi,[]
897,14.964,True,c3_texting_left,0.5675976872444153,0.4871,yellow,0,False,driver_roi,[]
898,14.981,True,c3_texting_left,0.560271143913269,0.4807,yellow,0,False,driver_roi,[]
899,14.997,True,c3_texting_left,0.560271143913269,0.4807,yellow,0,False,driver_roi,[]
900,15.014,True,c3_texting_left,0.5466055274009705,0.4765,yellow,0,False,driver_roi,[]
901,15.031,True,c3_texting_left,0.5466055274009705,0.4765,yellow,0,False,driver_roi,[]
902,15.047,True,c3_texting_left,0.526953935623169,0.4727,yellow,0,False,driver_roi,[]
903,15.064,True,c3_texting_left,0.526953935623169,0.4727,yellow,0,False,driver_roi,[]
904,15.081,True,c3_texting_left,0.5010542273521423,0.4624,yellow,0,False,driver_roi,[]
905,15.097,True,c3_texting_left,0.5010542273521423,0.4624,yellow,0,False,driver_roi,[]
906,15.114,True,c3_texting_left,0.471513569355011,0.4506,yellow,0,False,driver_roi,[]
907,15.131,True,c3_texting_left,0.471513569355011,0.4506,yellow,0,False,driver_roi,[]
908,15.147,True,c3_texting_left,0.4558432698249817,0.4449,yellow,0,False,driver_roi,[]
909,15.164,True,c3_texting_left,0.4558432698249817,0.4449,yellow,0,False,driver_roi,[]
910,15.181,True,c3_texting_left,0.4385053515434265,0.4415,yellow,0,False,driver_roi,[]
911,15.197,True,c3_texting_left,0.4385053515434265,0.4415,yellow,0,False,driver_roi,[]
912,15.214,True,c3_texting_left,0.426758348941803,0.4391,yellow,0,False,driver_roi,[]
913,15.231,True,c3_texting_left,0.426758348941803,0.4391,yellow,0,False,driver_roi,[]
914,15.248,True,c3_texting_left,0.41749048233032227,0.4372,yellow,0,False,driver_roi,[]
915,15.264,True,c3_texting_left,0.41749048233032227,0.4372,yellow,0,False,driver_roi,[]
916,15.281,True,c3_texting_left,0.41801124811172485,0.439,yellow,0,False,driver_roi,[]
917,15.298,True,c3_texting_left,0.41801124811172485,0.439,yellow,0,False,driver_roi,[]
918,15.314,True,c3_texting_left,0.41073304414749146,0.4384,yellow,0,False,driver_roi,[]
919,15.331,True,c3_texting_left,0.41073304414749146,0.4384,yellow,0,False,driver_roi,[]
920,15.348,True,c3_texting_left,0.4032086730003357,0.4376,yellow,0,False,driver_roi,[]
921,15.364,True,c3_texting_left,0.4032086730003357,0.4376,yellow,0,False,driver_roi,[]
922,15.381,True,c3_texting_left,0.3948657512664795,0.4359,yellow,0,False,driver_roi,[]
923,15.398,True,c3_texting_left,0.3948657512664795,0.4359,yellow,0,False,driver_roi,[]
924,15.414,True,c3_texting_left,0.383205771446228,0.429,yellow,0,False,driver_roi,[]
925,15.431,True,c3_texting_left,0.383205771446228,0.429,yellow,0,False,driver_roi,[]
926,15.448,True,c3_texting_left,0.3730585277080536,0.4259,yellow,0,False,driver_roi,[]
927,15.464,True,c3_texting_left,0.3730585277080536,0.4259,yellow,0,False,driver_roi,[]
928,15.481,True,c3_texting_left,0.37447792291641235,0.4267,yellow,0,False,driver_roi,[]
929,15.498,True,c3_texting_left,0.37447792291641235,0.4267,yellow,0,False,driver_roi,[]
930,15.514,True,c3_texting_left,0.3670739531517029,0.4245,yellow,0,False,driver_roi,[]
931,15.531,True,c3_texting_left,0.3670739531517029,0.4245,yellow,0,False,driver_roi,[]
932,15.548,True,c3_texting_left,0.35610637068748474,0.4199,yellow,0,False,driver_roi,[]
933,15.565,True,c3_texting_left,0.35610637068748474,0.4199,yellow,0,False,driver_roi,[]
934,15.581,True,c0_safe,0.35497087240219116,0.4193,yellow,0,False,driver_roi,[]
935,15.598,True,c0_safe,0.35497087240219116,0.4193,yellow,0,False,driver_roi,[]
936,15.615,True,c0_safe,0.35543468594551086,0.419,yellow,0,False,driver_roi,[]
937,15.631,True,c0_safe,0.35543468594551086,0.419,yellow,0,False,driver_roi,[]
938,15.648,True,c3_texting_left,0.3644053041934967,0.4232,yellow,0,False,driver_roi,[]
939,15.665,True,c3_texting_left,0.3644053041934967,0.4232,yellow,0,False,driver_roi,[]
940,15.681,True,c3_texting_left,0.3725980818271637,0.4247,yellow,0,False,driver_roi,[]
941,15.698,True,c3_texting_left,0.3725980818271637,0.4247,yellow,0,False,driver_roi,[]
942,15.715,True,c3_texting_left,0.37655776739120483,0.4227,yellow,0,False,driver_roi,[]
943,15.731,True,c3_texting_left,0.37655776739120483,0.4227,yellow,0,False,driver_roi,[]
944,15.748,True,c3_texting_left,0.39202603697776794,0.43,yellow,0,False,driver_roi,[]
945,15.765,True,c3_texting_left,0.39202603697776794,0.43,yellow,0,False,driver_roi,[]
946,15.781,True,c3_texting_left,0.4008227288722992,0.438,yellow,0,False,driver_roi,[]
947,15.798,True,c3_texting_left,0.4008227288722992,0.438,yellow,0,False,driver_roi,[]
948,15.815,True,c3_texting_left,0.3987986445426941,0.4422,yellow,0,False,driver_roi,[]
949,15.831,True,c3_texting_left,0.3987986445426941,0.4422,yellow,0,False,driver_roi,[]
950,15.848,True,c3_texting_left,0.40033096075057983,0.4404,yellow,0,False,driver_roi,[]
951,15.865,True,c3_texting_left,0.40033096075057983,0.4404,yellow,0,False,driver_roi,[]
952,15.881,True,c3_texting_left,0.3976265788078308,0.4347,yellow,0,False,driver_roi,[]
953,15.898,True,c3_texting_left,0.3976265788078308,0.4347,yellow,0,False,driver_roi,[]
954,15.915,True,c3_texting_left,0.3912625312805176,0.4289,yellow,0,False,driver_roi,[]
955,15.932,True,c3_texting_left,0.3912625312805176,0.4289,yellow,0,False,driver_roi,[]
956,15.948,True,c3_texting_left,0.3741611838340759,0.4191,yellow,0,False,driver_roi,[]
957,15.965,True,c3_texting_left,0.3741611838340759,0.4191,yellow,0,False,driver_roi,[]
958,15.982,True,c0_safe,0.3692968785762787,0.41,yellow,0,False,driver_roi,[]
959,15.998,True,c0_safe,0.3692968785762787,0.41,yellow,0,False,driver_roi,[]
960,16.015,True,c0_safe,0.3758065700531006,0.4057,yellow,0,False,driver_roi,[]
961,16.032,True,c0_safe,0.3758065700531006,0.4057,yellow,0,False,driver_roi,[]
962,16.048,True,c0_safe,0.3820869028568268,0.4016,yellow,0,False,driver_roi,[]
963,16.065,True,c0_safe,0.3820869028568268,0.4016,yellow,0,False,driver_roi,[]
964,16.082,True,c0_safe,0.3811561167240143,0.4022,yellow,0,False,driver_roi,[]
965,16.098,True,c0_safe,0.3811561167240143,0.4022,yellow,0,False,driver_roi,[]
966,16.115,True,c0_safe,0.3888119161128998,0.3973,yellow,0,False,driver_roi,[]
967,16.132,True,c0_safe,0.3888119161128998,0.3973,yellow,0,False,driver_roi,[]
968,16.148,True,c0_safe,0.38947704434394836,0.3968,yellow,0,False,driver_roi,[]
969,16.165,True,c0_safe,0.38947704434394836,0.3968,yellow,0,False,driver_roi,[]
970,16.182,True,c0_safe,0.38940826058387756,0.3969,yellow,0,False,driver_roi,[]
971,16.198,True,c0_safe,0.38940826058387756,0.3969,yellow,0,False,driver_roi,[]
972,16.215,True,c0_safe,0.37817323207855225,0.4042,yellow,0,False,driver_roi,[]
973,16.232,True,c0_safe,0.37817323207855225,0.4042,yellow,0,False,driver_roi,[]
974,16.248,True,c0_safe,0.3758462071418762,0.4057,yellow,0,False,driver_roi,[]
975,16.265,True,c0_safe,0.3758462071418762,0.4057,yellow,0,False,driver_roi,[]
976,16.282,True,c0_safe,0.37293553352355957,0.4076,yellow,0,False,driver_roi,[]
977,16.299,True,c0_safe,0.37293553352355957,0.4076,yellow,0,False,driver_roi,[]
978,16.315,True,c0_safe,0.36911582946777344,0.4101,yellow,0,False,driver_roi,[]
979,16.332,True,c0_safe,0.36911582946777344,0.4101,yellow,0,False,driver_roi,[]
980,16.349,True,c0_safe,0.3707747757434845,0.409,yellow,0,False,driver_roi,[]
981,16.365,True,c0_safe,0.3707747757434845,0.409,yellow,0,False,driver_roi,[]
982,16.382,True,c0_safe,0.3589349389076233,0.4167,yellow,0,False,driver_roi,[]
983,16.399,True,c0_safe,0.3589349389076233,0.4167,yellow,0,False,driver_roi,[]
984,16.415,True,c0_safe,0.35451436042785645,0.4196,yellow,0,False,driver_roi,[]
985,16.432,True,c0_safe,0.35451436042785645,0.4196,yellow,0,False,driver_roi,[]
986,16.449,True,c3_texting_left,0.36813050508499146,0.4232,yellow,0,False,driver_roi,[]
987,16.465,True,c3_texting_left,0.36813050508499146,0.4232,yellow,0,False,driver_roi,[]
988,16.482,True,c3_texting_left,0.3882831037044525,0.4261,yellow,0,False,driver_roi,[]
989,16.499,True,c3_texting_left,0.3882831037044525,0.4261,yellow,0,False,driver_roi,[]
990,16.515,True,c3_texting_left,0.40372586250305176,0.4306,yellow,0,False,driver_roi,[]
991,16.532,True,c3_texting_left,0.40372586250305176,0.4306,yellow,0,False,driver_roi,[]
992,16.549,True,c3_texting_left,0.413825124502182,0.435,yellow,0,False,driver_roi,[]
993,16.565,True,c3_texting_left,0.413825124502182,0.435,yellow,0,False,driver_roi,[]
994,16.582,True,c3_texting_left,0.4214353561401367,0.4385,yellow,0,False,driver_roi,[]
995,16.599,True,c3_texting_left,0.4214353561401367,0.4385,yellow,0,False,driver_roi,[]
996,16.615,True,c3_texting_left,0.4327707290649414,0.4422,yellow,0,False,driver_roi,[]
997,16.632,True,c3_texting_left,0.4327707290649414,0.4422,yellow,0,False,driver_roi,[]
998,16.649,True,c3_texting_left,0.44305625557899475,0.4486,yellow,0,False,driver_roi,[]
999,16.666,True,c3_texting_left,0.44305625557899475,0.4486,yellow,0,False,driver_roi,[]
1000,16.682,True,c3_texting_left,0.4543314576148987,0.4544,yellow,0,False,driver_roi,[]
1001,16.699,True,c3_texting_left,0.4543314576148987,0.4544,yellow,0,False,driver_roi,[]
1002,16.716,True,c3_texting_left,0.47161754965782166,0.46,yellow,0,False,driver_roi,[]
1003,16.732,True,c3_texting_left,0.47161754965782166,0.46,yellow,0,False,driver_roi,[]
1004,16.749,True,c3_texting_left,0.49219560623168945,0.4632,yellow,0,False,driver_roi,[]
1005,16.766,True,c3_texting_left,0.49219560623168945,0.4632,yellow,0,False,driver_roi,[]
1006,16.782,True,c3_texting_left,0.5051670074462891,0.4688,yellow,0,False,driver_roi,[]
1007,16.799,True,c3_texting_left,0.5051670074462891,0.4688,yellow,0,False,driver_roi,[]
1008,16.816,True,c3_texting_left,0.49238675832748413,0.4641,yellow,0,False,driver_roi,[]
1009,16.832,True,c3_texting_left,0.49238675832748413,0.4641,yellow,0,False,driver_roi,[]
1010,16.849,True,c3_texting_left,0.48482030630111694,0.4593,yellow,0,False,driver_roi,[]
1011,16.866,True,c3_texting_left,0.48482030630111694,0.4593,yellow,0,False,driver_roi,[]
1012,16.882,True,c3_texting_left,0.467724084854126,0.4501,yellow,0,False,driver_roi,[]
1013,16.899,True,c3_texting_left,0.467724084854126,0.4501,yellow,0,False,driver_roi,[]
1014,16.916,True,c3_texting_left,0.4689224660396576,0.4505,yellow,0,False,driver_roi,[]
1015,16.932,True,c3_texting_left,0.4689224660396576,0.4505,yellow,0,False,driver_roi,[]
1016,16.949,True,c3_texting_left,0.4771593511104584,0.4549,yellow,0,False,driver_roi,[]
1017,16.966,True,c3_texting_left,0.4771593511104584,0.4549,yellow,0,False,driver_roi,[]
1018,16.982,True,c3_texting_left,0.47882336378097534,0.456,yellow,0,False,driver_roi,[]
1019,16.999,True,c3_texting_left,0.47882336378097534,0.456,yellow,0,False,driver_roi,[]
1020,17.016,True,c3_texting_left,0.49431172013282776,0.4612,yellow,0,False,driver_roi,[]
1021,17.033,True,c3_texting_left,0.49431172013282776,0.4612,yellow,0,False,driver_roi,[]
1022,17.049,True,c3_texting_left,0.4975863993167877,0.4596,yellow,0,False,driver_roi,[]
1023,17.066,True,c3_texting_left,0.4975863993167877,0.4596,yellow,0,False,driver_roi,[]
1024,17.083,True,c3_texting_left,0.4943215250968933,0.4574,yellow,0,False,driver_roi,[]
1025,17.099,True,c3_texting_left,0.4943215250968933,0.4574,yellow,0,False,driver_roi,[]
1026,17.116,True,c3_texting_left,0.4838840365409851,0.454,yellow,0,False,driver_roi,[]
1027,17.133,True,c3_texting_left,0.4838840365409851,0.454,yellow,0,False,driver_roi,[]
1028,17.149,True,c3_texting_left,0.48448213934898376,0.4549,yellow,0,False,driver_roi,[]
1029,17.166,True,c3_texting_left,0.48448213934898376,0.4549,yellow,0,False,driver_roi,[]
1030,17.183,True,c3_texting_left,0.48907631635665894,0.4571,yellow,0,False,driver_roi,[]
1031,17.199,True,c3_texting_left,0.48907631635665894,0.4571,yellow,0,False,driver_roi,[]
1032,17.216,True,c3_texting_left,0.485981285572052,0.4598,yellow,0,False,driver_roi,[]
1033,17.233,True,c3_texting_left,0.485981285572052,0.4598,yellow,0,False,driver_roi,[]
1034,17.249,True,c3_texting_left,0.4794497489929199,0.4624,yellow,0,False,driver_roi,[]
1035,17.266,True,c3_texting_left,0.4794497489929199,0.4624,yellow,0,False,driver_roi,[]
1036,17.283,True,c3_texting_left,0.46770215034484863,0.4685,yellow,0,False,driver_roi,[]
1037,17.299,True,c3_texting_left,0.46770215034484863,0.4685,yellow,0,False,driver_roi,[]
1038,17.316,True,c3_texting_left,0.45543044805526733,0.4715,yellow,0,False,driver_roi,[]
1039,17.333,True,c3_texting_left,0.45543044805526733,0.4715,yellow,0,False,driver_roi,[]
1040,17.349,True,c3_texting_left,0.4455556869506836,0.4685,yellow,0,False,driver_roi,[]
1041,17.366,True,c3_texting_left,0.4455556869506836,0.4685,yellow,0,False,driver_roi,[]
1042,17.383,True,c3_texting_left,0.4326736032962799,0.4691,yellow,0,False,driver_roi,[]
1043,17.4,True,c3_texting_left,0.4326736032962799,0.4691,yellow,0,False,driver_roi,[]
1044,17.416,True,c3_texting_left,0.42338991165161133,0.4698,yellow,0,False,driver_roi,[]
1045,17.433,True,c3_texting_left,0.42338991165161133,0.4698,yellow,0,False,driver_roi,[]
1046,17.45,True,c3_texting_left,0.41857320070266724,0.4698,yellow,0,False,driver_roi,[]
1047,17.466,True,c3_texting_left,0.41857320070266724,0.4698,yellow,0,False,driver_roi,[]
1048,17.483,True,c3_texting_left,0.41694146394729614,0.4687,yellow,0,False,driver_roi,[]
1049,17.5,True,c3_texting_left,0.41694146394729614,0.4687,yellow,0,False,driver_roi,[]
1050,17.516,True,c3_texting_left,0.41914862394332886,0.4712,yellow,0,False,driver_roi,[]
1051,17.533,True,c3_texting_left,0.41914862394332886,0.4712,yellow,0,False,driver_roi,[]
1052,17.55,True,c3_texting_left,0.431191623210907,0.479,yellow,0,False,driver_roi,[]
1053,17.566,True,c3_texting_left,0.431191623210907,0.479,yellow,0,False,driver_roi,[]
1054,17.583,True,c3_texting_left,0.4336572587490082,0.4803,yellow,0,False,driver_roi,[]
1055,17.6,True,c3_texting_left,0.4336572587490082,0.4803,yellow,0,False,driver_roi,[]
1056,17.616,True,c3_texting_left,0.4273640215396881,0.4783,yellow,0,False,driver_roi,[]
1057,17.633,True,c3_texting_left,0.4273640215396881,0.4783,yellow,0,False,driver_roi,[]
1058,17.65,True,c3_texting_left,0.424999862909317,0.4786,yellow,0,False,driver_roi,[]
1059,17.666,True,c3_texting_left,0.424999862909317,0.4786,yellow,0,False,driver_roi,[]
1060,17.683,True,c3_texting_left,0.4188989996910095,0.4782,yellow,0,False,driver_roi,[]
1061,17.7,True,c3_texting_left,0.4188989996910095,0.4782,yellow,0,False,driver_roi,[]
1062,17.717,True,c3_texting_left,0.4109064042568207,0.4773,yellow,0,False,driver_roi,[]
1063,17.733,True,c3_texting_left,0.4109064042568207,0.4773,yellow,0,False,driver_roi,[]
1064,17.75,True,c3_texting_left,0.4020838141441345,0.4761,yellow,0,False,driver_roi,[]
1065,17.767,True,c3_texting_left,0.4020838141441345,0.4761,yellow,0,False,driver_roi,[]
1066,17.783,True,c3_texting_left,0.3908640444278717,0.4741,yellow,0,False,driver_roi,[]
1067,17.8,True,c3_texting_left,0.3908640444278717,0.4741,yellow,0,False,driver_roi,[]
1068,17.817,True,c3_texting_left,0.37368759512901306,0.4716,yellow,0,False,driver_roi,[]
1069,17.833,True,c3_texting_left,0.37368759512901306,0.4716,yellow,0,False,driver_roi,[]
1070,17.85,True,c3_texting_left,0.3521403670310974,0.4642,yellow,0,False,driver_roi,[]
1071,17.867,True,c3_texting_left,0.3521403670310974,0.4642,yellow,0,False,driver_roi,[]
1072,17.883,True,c3_texting_left,0.34651416540145874,0.4607,yellow,0,False,driver_roi,[]
1073,17.9,True,c3_texting_left,0.34651416540145874,0.4607,yellow,0,False,driver_roi,[]
1074,17.917,True,c3_texting_left,0.34200653433799744,0.4586,yellow,0,False,driver_roi,[]
1075,17.933,True,c3_texting_left,0.34200653433799744,0.4586,yellow,0,False,driver_roi,[]
1076,17.95,True,c3_texting_left,0.33925771713256836,0.4538,yellow,0,False,driver_roi,[]
1077,17.967,True,c3_texting_left,0.33925771713256836,0.4538,yellow,0,False,driver_roi,[]
1078,17.983,True,c3_texting_left,0.3387255072593689,0.4502,yellow,0,False,driver_roi,[]
1079,18.0,True,c3_texting_left,0.3387255072593689,0.4502,yellow,0,False,driver_roi,[]
1080,18.017,True,c3_texting_left,0.33740586042404175,0.4499,yellow,0,False,driver_roi,[]
1081,18.033,True,c3_texting_left,0.33740586042404175,0.4499,yellow,0,False,driver_roi,[]
1082,18.05,True,c3_texting_left,0.33643728494644165,0.446,yellow,0,False,driver_roi,[]
1083,18.067,True,c3_texting_left,0.33643728494644165,0.446,yellow,0,False,driver_roi,[]
1084,18.084,True,c3_texting_left,0.3326689600944519,0.4436,yellow,0,False,driver_roi,[]
1085,18.1,True,c3_texting_left,0.3326689600944519,0.4436,yellow,0,False,driver_roi,[]
1086,18.117,True,c3_texting_left,0.3318386673927307,0.4425,yellow,0,False,driver_roi,[]
1087,18.134,True,c3_texting_left,0.3318386673927307,0.4425,yellow,0,False,driver_roi,[]
1088,18.15,True,c3_texting_left,0.34834519028663635,0.4491,yellow,0,False,driver_roi,[]
1089,18.167,True,c3_texting_left,0.34834519028663635,0.4491,yellow,0,False,driver_roi,[]
1090,18.184,True,c3_texting_left,0.36313948035240173,0.4538,yellow,0,False,driver_roi,[]
1091,18.2,True,c3_texting_left,0.36313948035240173,0.4538,yellow,0,False,driver_roi,[]
1092,18.217,True,c3_texting_left,0.3694016635417938,0.4541,yellow,0,False,driver_roi,[]
1093,18.234,True,c3_texting_left,0.3694016635417938,0.4541,yellow,0,False,driver_roi,[]
1094,18.25,True,c3_texting_left,0.3769298493862152,0.4565,yellow,0,False,driver_roi,[]
1095,18.267,True,c3_texting_left,0.3769298493862152,0.4565,yellow,0,False,driver_roi,[]
1096,18.284,True,c3_texting_left,0.38058918714523315,0.4592,yellow,0,False,driver_roi,[]
1097,18.3,True,c3_texting_left,0.38058918714523315,0.4592,yellow,0,False,driver_roi,[]
1098,18.317,True,c3_texting_left,0.37228310108184814,0.4603,yellow,0,False,driver_roi,[]
1099,18.334,True,c3_texting_left,0.37228310108184814,0.4603,yellow,0,False,driver_roi,[]
1100,18.35,True,c3_texting_left,0.3702968955039978,0.4631,yellow,0,False,driver_roi,[]
1101,18.367,True,c3_texting_left,0.3702968955039978,0.4631,yellow,0,False,driver_roi,[]
1102,18.384,True,c3_texting_left,0.36226242780685425,0.4653,yellow,0,False,driver_roi,[]
1103,18.4,True,c3_texting_left,0.36226242780685425,0.4653,yellow,0,False,driver_roi,[]
1104,18.417,True,c3_texting_left,0.36405256390571594,0.4691,yellow,0,False,driver_roi,[]
1105,18.434,True,c3_texting_left,0.36405256390571594,0.4691,yellow,0,False,driver_roi,[]
1106,18.451,True,c3_texting_left,0.36923685669898987,0.4756,yellow,0,False,driver_roi,[]
1107,18.467,True,c3_texting_left,0.36923685669898987,0.4756,yellow,0,False,driver_roi,[]
1108,18.484,True,c3_texting_left,0.3646407723426819,0.4806,yellow,0,False,driver_roi,[]
1109,18.501,True,c3_texting_left,0.3646407723426819,0.4806,yellow,0,False,driver_roi,[]
1110,18.517,True,c3_texting_left,0.36050745844841003,0.4902,yellow,0,False,driver_roi,[]
1111,18.534,True,c3_texting_left,0.36050745844841003,0.4902,yellow,0,False,driver_roi,[]
1112,18.551,True,c3_texting_left,0.3584018349647522,0.4998,yellow,0,False,driver_roi,[]
1113,18.567,True,c3_texting_left,0.3584018349647522,0.4998,yellow,0,False,driver_roi,[]
1114,18.584,True,c3_texting_left,0.3586912751197815,0.5078,yellow,0,False,driver_roi,[]
1115,18.601,True,c3_texting_left,0.3586912751197815,0.5078,yellow,0,False,driver_roi,[]
1116,18.617,True,c3_texting_left,0.3619841933250427,0.5159,yellow,0,False,driver_roi,[]
1117,18.634,True,c3_texting_left,0.3619841933250427,0.5159,yellow,0,False,driver_roi,[]
1118,18.651,True,c3_texting_left,0.369013249874115,0.5213,yellow,0,False,driver_roi,[]
1119,18.667,True,c3_texting_left,0.369013249874115,0.5213,yellow,0,False,driver_roi,[]
1120,18.684,True,c3_texting_left,0.3762514591217041,0.5255,yellow,0,False,driver_roi,[]
1121,18.701,True,c3_texting_left,0.3762514591217041,0.5255,yellow,0,False,driver_roi,[]
1122,18.717,True,c3_texting_left,0.39279499650001526,0.5312,yellow,0,False,driver_roi,[]
1123,18.734,True,c3_texting_left,0.39279499650001526,0.5312,yellow,0,False,driver_roi,[]
1124,18.751,True,c3_texting_left,0.3946920335292816,0.5348,yellow,0,False,driver_roi,[]
1125,18.767,True,c3_texting_left,0.3946920335292816,0.5348,yellow,0,False,driver_roi,[]
1126,18.784,True,c3_texting_left,0.3878125548362732,0.5371,yellow,0,False,driver_roi,[]
1127,18.801,True,c3_texting_left,0.3878125548362732,0.5371,yellow,0,False,driver_roi,[]
1128,18.818,True,c3_texting_left,0.36834436655044556,0.5338,yellow,0,False,driver_roi,[]
1129,18.834,True,c3_texting_left,0.36834436655044556,0.5338,yellow,0,False,driver_roi,[]
1130,18.851,True,c3_texting_left,0.34338921308517456,0.5322,yellow,0,False,driver_roi,[]
1131,18.868,True,c3_texting_left,0.34338921308517456,0.5322,yellow,0,False,driver_roi,[]
1132,18.884,True,c3_texting_left,0.3230476379394531,0.5316,yellow,0,False,driver_roi,[]
1133,18.901,True,c3_texting_left,0.3230476379394531,0.5316,yellow,0,False,driver_roi,[]
1134,18.918,True,c3_texting_left,0.3036472797393799,0.528,yellow,0,False,driver_roi,[]
1135,18.934,True,c3_texting_left,0.3036472797393799,0.528,yellow,0,False,driver_roi,[]
1136,18.951,True,c3_texting_left,0.28768762946128845,0.5235,yellow,0,False,driver_roi,[]
1137,18.968,True,c3_texting_left,0.28768762946128845,0.5235,yellow,0,False,driver_roi,[]
1138,18.984,True,c3_texting_left,0.28807374835014343,0.5201,yellow,0,False,driver_roi,[]
1139,19.001,True,c3_texting_left,0.28807374835014343,0.5201,yellow,0,False,driver_roi,[]
1140,19.018,True,c3_texting_left,0.2888796627521515,0.5172,yellow,0,False,driver_roi,[]
1141,19.034,True,c3_texting_left,0.2888796627521515,0.5172,yellow,0,False,driver_roi,[]
1142,19.051,True,c3_texting_left,0.2967788875102997,0.5177,yellow,0,False,driver_roi,[]
1143,19.068,True,c3_texting_left,0.2967788875102997,0.5177,yellow,0,False,driver_roi,[]
1144,19.084,True,c3_texting_left,0.3024463355541229,0.52,yellow,0,False,driver_roi,[]
1145,19.101,True,c3_texting_left,0.3024463355541229,0.52,yellow,0,False,driver_roi,[]
1146,19.118,True,c3_texting_left,0.3074020445346832,0.5199,yellow,0,False,driver_roi,[]
1147,19.134,True,c3_texting_left,0.3074020445346832,0.5199,yellow,0,False,driver_roi,[]
1148,19.151,True,c3_texting_left,0.326872318983078,0.5198,yellow,0,False,driver_roi,[]
1149,19.168,True,c3_texting_left,0.326872318983078,0.5198,yellow,0,False,driver_roi,[]
1150,19.185,True,c3_texting_left,0.34442460536956787,0.5207,yellow,0,False,driver_roi,[]
1151,19.201,True,c3_texting_left,0.34442460536956787,0.5207,yellow,0,False,driver_roi,[]
1152,19.218,True,c3_texting_left,0.35743606090545654,0.5217,yellow,0,False,driver_roi,[]
1153,19.235,True,c3_texting_left,0.35743606090545654,0.5217,yellow,0,False,driver_roi,[]
1154,19.251,True,c3_texting_left,0.3790346086025238,0.5242,yellow,0,False,driver_roi,[]
1155,19.268,True,c3_texting_left,0.3790346086025238,0.5242,yellow,0,False,driver_roi,[]
1156,19.285,True,c3_texting_left,0.40489786863327026,0.5257,yellow,0,False,driver_roi,[]
1157,19.301,True,c3_texting_left,0.40489786863327026,0.5257,yellow,0,False,driver_roi,[]
1158,19.318,True,c3_texting_left,0.424567848443985,0.5295,yellow,0,False,driver_roi,[]
1159,19.335,True,c3_texting_left,0.424567848443985,0.5295,yellow,0,False,driver_roi,[]
1160,19.351,True,c3_texting_left,0.43665584921836853,0.5336,yellow,0,False,driver_roi,[]
1161,19.368,True,c3_texting_left,0.43665584921836853,0.5336,yellow,0,False,driver_roi,[]
1162,19.385,True,c3_texting_left,0.4321713447570801,0.5361,yellow,0,False,driver_roi,[]
1163,19.401,True,c3_texting_left,0.4321713447570801,0.5361,yellow,0,False,driver_roi,[]
1164,19.418,True,c3_texting_left,0.4371640086174011,0.5396,yellow,0,False,driver_roi,[]
1165,19.435,True,c3_texting_left,0.4371640086174011,0.5396,yellow,0,False,driver_roi,[]
1166,19.451,True,c3_texting_left,0.4399512708187103,0.5437,yellow,0,False,driver_roi,[]
1167,19.468,True,c3_texting_left,0.4399512708187103,0.5437,yellow,0,False,driver_roi,[]
1168,19.485,True,c3_texting_left,0.4474233090877533,0.551,yellow,0,False,driver_roi,[]
1169,19.502,True,c3_texting_left,0.4474233090877533,0.551,yellow,0,False,driver_roi,[]
1170,19.518,True,c3_texting_left,0.4570198953151703,0.5566,yellow,0,False,driver_roi,[]
1171,19.535,True,c3_texting_left,0.4570198953151703,0.5566,yellow,0,False,driver_roi,[]
1172,19.552,True,c3_texting_left,0.4661048352718353,0.563,yellow,0,False,driver_roi,[]
1173,19.568,True,c3_texting_left,0.4661048352718353,0.563,yellow,0,False,driver_roi,[]
1174,19.585,True,c3_texting_left,0.48289260268211365,0.5712,yellow,0,False,driver_roi,[]
1175,19.602,True,c3_texting_left,0.48289260268211365,0.5712,yellow,0,False,driver_roi,[]
1176,19.618,True,c3_texting_left,0.49666160345077515,0.5804,yellow,0,False,driver_roi,[]
1177,19.635,True,c3_texting_left,0.49666160345077515,0.5804,yellow,0,False,driver_roi,[]
1178,19.652,True,c3_texting_left,0.5069435834884644,0.5883,yellow,0,False,driver_roi,[]
1179,19.668,True,c3_texting_left,0.5069435834884644,0.5883,yellow,0,False,driver_roi,[]
1180,19.685,True,c3_texting_left,0.5182875394821167,0.594,yellow,0,False,driver_roi,[]
1181,19.702,True,c3_texting_left,0.5182875394821167,0.594,yellow,0,False,driver_roi,[]
1182,19.718,True,c3_texting_left,0.5298687815666199,0.5989,yellow,0,False,driver_roi,[]
1183,19.735,True,c3_texting_left,0.5298687815666199,0.5989,yellow,0,False,driver_roi,[]
1184,19.752,True,c3_texting_left,0.5390607118606567,0.6023,yellow,0,False,driver_roi,[]
1185,19.768,True,c3_texting_left,0.5390607118606567,0.6023,yellow,0,False,driver_roi,[]
1186,19.785,True,c3_texting_left,0.5433789491653442,0.6051,yellow,0,False,driver_roi,[]
1187,19.802,True,c3_texting_left,0.5433789491653442,0.6051,yellow,0,False,driver_roi,[]
1188,19.818,True,c3_texting_left,0.5496485233306885,0.6076,yellow,0,False,driver_roi,[]
1189,19.835,True,c3_texting_left,0.5496485233306885,0.6076,yellow,0,False,driver_roi,[]
1190,19.852,True,c3_texting_left,0.5626967549324036,0.6098,yellow,0,False,driver_roi,[]
1191,19.869,True,c3_texting_left,0.5626967549324036,0.6098,yellow,0,False,driver_roi,[]
1192,19.885,True,c3_texting_left,0.5801565051078796,0.6128,yellow,0,False,driver_roi,[]
1193,19.902,True,c3_texting_left,0.5801565051078796,0.6128,yellow,0,False,driver_roi,[]
1194,19.919,True,c3_texting_left,0.593580961227417,0.6145,yellow,0,False,driver_roi,[]
1195,19.935,True,c3_texting_left,0.593580961227417,0.6145,yellow,0,False,driver_roi,[]
1196,19.952,True,c3_texting_left,0.5739139914512634,0.6159,yellow,0,False,driver_roi,[]
1197,19.969,True,c3_texting_left,0.5739139914512634,0.6159,yellow,0,False,driver_roi,[]
1198,19.985,True,c3_texting_left,0.5445337891578674,0.6176,yellow,0,False,driver_roi,[]
1199,20.002,True,c3_texting_left,0.5445337891578674,0.6176,yellow,0,False,driver_roi,[]
1200,20.019,True,c3_texting_left,0.5173854827880859,0.6198,yellow,0,False,driver_roi,[]
1201,20.035,True,c3_texting_left,0.5173854827880859,0.6198,yellow,0,False,driver_roi,[]
1202,20.052,True,c3_texting_left,0.49567118287086487,0.6227,yellow,0,False,driver_roi,[]
1203,20.069,True,c3_texting_left,0.49567118287086487,0.6227,yellow,0,False,driver_roi,[]
1204,20.085,True,c3_texting_left,0.4775483012199402,0.626,yellow,0,False,driver_roi,[]
1205,20.102,True,c3_texting_left,0.4775483012199402,0.626,yellow,0,False,driver_roi,[]
1206,20.119,True,c3_texting_left,0.4617742896080017,0.6291,yellow,0,False,driver_roi,[]
1207,20.135,True,c3_texting_left,0.4617742896080017,0.6291,yellow,0,False,driver_roi,[]
1208,20.152,True,c3_texting_left,0.4431002140045166,0.6318,yellow,0,False,driver_roi,[]
1209,20.169,True,c3_texting_left,0.4431002140045166,0.6318,yellow,0,False,driver_roi,[]
1210,20.185,True,c3_texting_left,0.4243466258049011,0.6345,yellow,0,False,driver_roi,[]
1211,20.202,True,c3_texting_left,0.4243466258049011,0.6345,yellow,0,False,driver_roi,[]
1212,20.219,True,c3_texting_left,0.4017263352870941,0.636,yellow,0,False,driver_roi,[]
1213,20.236,True,c3_texting_left,0.4017263352870941,0.636,yellow,0,False,driver_roi,[]
1214,20.252,True,c5_radio,0.37642964720726013,0.6369,yellow,0,False,driver_roi,[]
1215,20.269,True,c5_radio,0.37642964720726013,0.6369,yellow,0,False,driver_roi,[]
1216,20.286,True,c5_radio,0.3885294497013092,0.6376,yellow,0,False,driver_roi,[]
1217,20.302,True,c5_radio,0.3885294497013092,0.6376,yellow,0,False,driver_roi,[]
1218,20.319,True,c5_radio,0.4085629880428314,0.6386,yellow,0,False,driver_roi,[]
1219,20.336,True,c5_radio,0.4085629880428314,0.6386,yellow,0,False,driver_roi,[]
1220,20.352,True,c5_radio,0.4361610412597656,0.6397,yellow,0,False,driver_roi,[]
1221,20.369,True,c5_radio,0.4361610412597656,0.6397,yellow,0,False,driver_roi,[]
1222,20.386,True,c5_radio,0.4621126651763916,0.6408,yellow,0,False,driver_roi,[]
1223,20.402,True,c5_radio,0.4621126651763916,0.6408,yellow,0,False,driver_roi,[]
1224,20.419,True,c5_radio,0.49785858392715454,0.642,yellow,0,False,driver_roi,[]
1225,20.436,True,c5_radio,0.49785858392715454,0.642,yellow,0,False,driver_roi,[]
1226,20.452,True,c5_radio,0.5404593348503113,0.6438,yellow,0,False,driver_roi,[]
1227,20.469,True,c5_radio,0.5404593348503113,0.6438,yellow,0,False,driver_roi,[]
1228,20.486,True,c5_radio,0.5843995809555054,0.6459,yellow,0,False,driver_roi,[]
1229,20.502,True,c5_radio,0.5843995809555054,0.6459,yellow,0,False,driver_roi,[]
1230,20.519,True,c5_radio,0.6285775303840637,0.6474,yellow,0,False,driver_roi,[]
1231,20.536,True,c5_radio,0.6285775303840637,0.6474,yellow,0,False,driver_roi,[]
1232,20.552,True,c5_radio,0.6717246770858765,0.648,yellow,0,False,driver_roi,[]
1233,20.569,True,c5_radio,0.6717246770858765,0.648,yellow,0,False,driver_roi,[]
1234,20.586,True,c5_radio,0.7158069610595703,0.6678,orange,1,False,driver_roi,[]
1235,20.603,True,c5_radio,0.7158069610595703,0.6678,orange,1,False,driver_roi,[]
1236,20.619,True,c5_radio,0.7347190976142883,0.6881,orange,2,False,driver_roi,[]
1237,20.636,True,c5_radio,0.7347190976142883,0.6881,orange,2,False,driver_roi,[]
1238,20.653,True,c5_radio,0.7368817925453186,0.708,orange,3,False,driver_roi,[]
1239,20.669,True,c5_radio,0.7368817925453186,0.708,orange,3,False,driver_roi,[]
1240,20.686,True,c5_radio,0.7349531650543213,0.7276,orange,4,False,driver_roi,[]
1241,20.703,True,c5_radio,0.7349531650543213,0.7276,orange,4,False,driver_roi,[]
1242,20.719,True,c5_radio,0.7314615249633789,0.747,orange,5,False,driver_roi,[]
1243,20.736,True,c5_radio,0.7314615249633789,0.747,orange,5,False,driver_roi,[]
1244,20.753,True,c5_radio,0.7362058162689209,0.7665,orange,6,False,driver_roi,[]
1245,20.769,True,c5_radio,0.7362058162689209,0.7665,orange,6,False,driver_roi,[]
1246,20.786,True,c5_radio,0.752269983291626,0.786,orange,7,False,driver_roi,[]
1247,20.803,True,c5_radio,0.752269983291626,0.786,orange,7,False,driver_roi,[]
1248,20.819,True,c5_radio,0.7660056352615356,0.8054,orange,8,False,driver_roi,[]
1249,20.836,True,c5_radio,0.7660056352615356,0.8054,orange,8,False,driver_roi,[]
1250,20.853,True,c5_radio,0.7857347130775452,0.8249,orange,9,False,driver_roi,[]
1251,20.869,True,c5_radio,0.7857347130775452,0.8249,orange,9,False,driver_roi,[]
1252,20.886,True,c5_radio,0.8023256063461304,0.8443,orange,10,False,driver_roi,[]
1253,20.903,True,c5_radio,0.8023256063461304,0.8443,orange,10,False,driver_roi,[]
1254,20.919,True,c5_radio,0.810161292552948,0.8638,red,11,False,driver_roi,[]
1255,20.936,True,c5_radio,0.810161292552948,0.8638,red,11,False,driver_roi,[]
1256,20.953,True,c5_radio,0.8273218870162964,0.8832,red,12,False,driver_roi,[]
1257,20.97,True,c5_radio,0.8273218870162964,0.8832,red,12,False,driver_roi,[]
1258,20.986,True,c5_radio,0.8440578579902649,0.9026,red,13,False,driver_roi,[]
1259,21.003,True,c5_radio,0.8440578579902649,0.9026,red,13,False,driver_roi,[]
1260,21.02,True,c5_radio,0.8552316427230835,0.922,red,14,False,driver_roi,[]
1261,21.036,True,c5_radio,0.8552316427230835,0.922,red,14,False,driver_roi,[]
1262,21.053,True,c5_radio,0.860863983631134,0.9414,red,15,False,driver_roi,[]
1263,21.07,True,c5_radio,0.860863983631134,0.9414,red,15,False,driver_roi,[]
1264,21.086,True,c5_radio,0.8583531379699707,0.9608,red,16,False,driver_roi,[]
1265,21.103,True,c5_radio,0.8583531379699707,0.9608,red,16,False,driver_roi,[]
1266,21.12,True,c5_radio,0.8526924252510071,0.9803,red,17,False,driver_roi,[]
1267,21.136,True,c5_radio,0.8526924252510071,0.9803,red,17,False,driver_roi,[]
1268,21.153,True,c5_radio,0.8480342626571655,0.9997,red,18,True,driver_roi,[]
1269,21.17,True,c5_radio,0.8480342626571655,0.9997,red,18,True,driver_roi,[]
1270,21.186,True,c5_radio,0.8416115641593933,0.9997,red,19,True,driver_roi,[]
1271,21.203,True,c5_radio,0.8416115641593933,0.9997,red,19,True,driver_roi,[]
1272,21.22,True,c5_radio,0.8265406489372253,0.9996,red,20,True,driver_roi,[]
1273,21.236,True,c5_radio,0.8265406489372253,0.9996,red,20,True,driver_roi,[]
1274,21.253,True,c5_radio,0.8106231689453125,0.9996,red,21,True,driver_roi,[]
1275,21.27,True,c5_radio,0.8106231689453125,0.9996,red,21,True,driver_roi,[]
1276,21.287,True,c5_radio,0.7730554938316345,0.9995,red,22,True,driver_roi,[]
1277,21.303,True,c5_radio,0.7730554938316345,0.9995,red,22,True,driver_roi,[]
1278,21.32,True,c5_radio,0.7559663653373718,0.9995,red,23,True,driver_roi,[]
1279,21.337,True,c5_radio,0.7559663653373718,0.9995,red,23,True,driver_roi,[]
1280,21.353,True,c5_radio,0.744757890701294,0.9993,red,24,True,driver_roi,[]
1281,21.37,True,c5_radio,0.744757890701294,0.9993,red,24,True,driver_roi,[]
1282,21.387,True,c5_radio,0.7072945237159729,0.9992,red,25,True,driver_roi,[]
1283,21.403,True,c5_radio,0.7072945237159729,0.9992,red,25,True,driver_roi,[]
1284,21.42,True,c5_radio,0.6682760119438171,0.9987,red,24,True,driver_roi,[]
1285,21.437,True,c5_radio,0.6682760119438171,0.9987,red,24,True,driver_roi,[]
1286,21.453,True,c5_radio,0.6337540745735168,0.9985,red,23,True,driver_roi,[]
1287,21.47,True,c5_radio,0.6337540745735168,0.9985,red,23,True,driver_roi,[]
1288,21.487,True,c5_radio,0.602618396282196,0.9982,red,22,True,driver_roi,[]
1289,21.503,True,c5_radio,0.602618396282196,0.9982,red,22,True,driver_roi,[]
1290,21.52,True,c5_radio,0.5840869545936584,0.9982,red,21,True,driver_roi,[]
1291,21.537,True,c5_radio,0.5840869545936584,0.9982,red,21,True,driver_roi,[]
1292,21.553,True,c5_radio,0.5715042352676392,0.9982,red,20,True,driver_roi,[]
1293,21.57,True,c5_radio,0.5715042352676392,0.9982,red,20,True,driver_roi,[]
1294,21.587,True,c5_radio,0.5610204935073853,0.9982,red,19,True,driver_roi,[]
1295,21.603,True,c5_radio,0.5610204935073853,0.9982,red,19,True,driver_roi,[]
1296,21.62,True,c5_radio,0.5428643226623535,0.9982,red,18,True,driver_roi,[]
1297,21.637,True,c5_radio,0.5428643226623535,0.9982,red,18,True,driver_roi,[]
1298,21.654,True,c5_radio,0.5158563256263733,0.9787,red,17,False,driver_roi,[]
1299,21.67,True,c5_radio,0.5158563256263733,0.9787,red,17,False,driver_roi,[]
1300,21.687,True,c5_radio,0.49206647276878357,0.9592,red,16,False,driver_roi,[]
1301,21.704,True,c5_radio,0.49206647276878357,0.9592,red,16,False,driver_roi,[]
1302,21.72,True,c5_radio,0.46196913719177246,0.9395,red,15,False,driver_roi,[]
1303,21.737,True,c5_radio,0.46196913719177246,0.9395,red,15,False,driver_roi,[]
1304,21.754,True,c5_radio,0.42897310853004456,0.9196,red,14,False,driver_roi,[]
1305,21.77,True,c5_radio,0.42897310853004456,0.9196,red,14,False,driver_roi,[]
1306,21.787,True,c5_radio,0.3940713405609131,0.8999,red,13,False,driver_roi,[]
1307,21.804,True,c5_radio,0.3940713405609131,0.8999,red,13,False,driver_roi,[]
1308,21.82,True,c5_radio,0.3537525236606598,0.8796,red,12,False,driver_roi,[]
1309,21.837,True,c5_radio,0.3537525236606598,0.8796,red,12,False,driver_roi,[]
1310,21.854,True,c5_radio,0.3151118755340576,0.8599,red,11,False,driver_roi,[]
1311,21.87,True,c5_radio,0.3151118755340576,0.8599,red,11,False,driver_roi,[]
1312,21.887,True,c9_talking,0.3466793894767761,0.8403,orange,10,False,driver_roi,[]
1313,21.904,True,c9_talking,0.3466793894767761,0.8403,orange,10,False,driver_roi,[]
1314,21.92,True,c9_talking,0.388477087020874,0.8206,orange,9,False,driver_roi,[]
1315,21.937,True,c9_talking,0.388477087020874,0.8206,orange,9,False,driver_roi,[]
1316,21.954,True,c9_talking,0.4297756552696228,0.8008,orange,8,False,driver_roi,[]
1317,21.97,True,c9_talking,0.4297756552696228,0.8008,orange,8,False,driver_roi,[]
1318,21.987,True,c9_talking,0.4742458462715149,0.7812,orange,7,False,driver_roi,[]
1319,22.004,True,c9_talking,0.4742458462715149,0.7812,orange,7,False,driver_roi,[]
1320,22.021,True,c9_talking,0.5173653960227966,0.7616,orange,6,False,driver_roi,[]
1321,22.037,True,c9_talking,0.5173653960227966,0.7616,orange,6,False,driver_roi,[]
1322,22.054,True,c9_talking,0.5486501455307007,0.7421,orange,5,False,driver_roi,[]
1323,22.071,True,c9_talking,0.5486501455307007,0.7421,orange,5,False,driver_roi,[]
1324,22.087,True,c9_talking,0.5639581084251404,0.7229,orange,4,False,driver_roi,[]
1325,22.104,True,c9_talking,0.5639581084251404,0.7229,orange,4,False,driver_roi,[]
1326,22.121,True,c9_talking,0.5853340029716492,0.7033,orange,3,False,driver_roi,[]
1327,22.137,True,c9_talking,0.5853340029716492,0.7033,orange,3,False,driver_roi,[]
1328,22.154,True,c9_talking,0.6120315194129944,0.6836,orange,2,False,driver_roi,[]
1329,22.171,True,c9_talking,0.6120315194129944,0.6836,orange,2,False,driver_roi,[]
1330,22.187,True,c9_talking,0.64115971326828,0.6634,orange,1,False,driver_roi,[]
1331,22.204,True,c9_talking,0.64115971326828,0.6634,orange,1,False,driver_roi,[]
1332,22.221,True,c9_talking,0.6645525097846985,0.6431,yellow,0,False,driver_roi,[]
1333,22.237,True,c9_talking,0.6645525097846985,0.6431,yellow,0,False,driver_roi,[]
1334,22.254,True,c9_talking,0.6894841194152832,0.6419,yellow,0,False,driver_roi,[]
1335,22.271,True,c9_talking,0.6894841194152832,0.6419,yellow,0,False,driver_roi,[]
1336,22.287,True,c9_talking,0.7106002569198608,0.6596,orange,1,False,driver_roi,[]
1337,22.304,True,c9_talking,0.7106002569198608,0.6596,orange,1,False,driver_roi,[]
1338,22.321,True,c9_talking,0.7225828766822815,0.678,orange,2,False,driver_roi,[]
1339,22.337,True,c9_talking,0.7225828766822815,0.678,orange,2,False,driver_roi,[]
1340,22.354,True,c9_talking,0.7288727760314941,0.697,orange,3,False,driver_roi,[]
1341,22.371,True,c9_talking,0.7288727760314941,0.697,orange,3,False,driver_roi,[]
1342,22.388,True,c9_talking,0.7133318185806274,0.7164,orange,4,False,driver_roi,[]
1343,22.404,True,c9_talking,0.7133318185806274,0.7164,orange,4,False,driver_roi,[]
1344,22.421,True,c9_talking,0.6938154697418213,0.6972,orange,3,False,driver_roi,[]
1345,22.438,True,c9_talking,0.6938154697418213,0.6972,orange,3,False,driver_roi,[]
1346,22.454,True,c9_talking,0.6635645627975464,0.6777,orange,2,False,driver_roi,[]
1347,22.471,True,c9_talking,0.6635645627975464,0.6777,orange,2,False,driver_roi,[]
1348,22.488,True,c9_talking,0.633645236492157,0.6587,orange,1,False,driver_roi,[]
1349,22.504,True,c9_talking,0.633645236492157,0.6587,orange,1,False,driver_roi,[]
1350,22.521,True,c9_talking,0.5902032256126404,0.6393,yellow,0,False,driver_roi,[]
1351,22.538,True,c9_talking,0.5902032256126404,0.6393,yellow,0,False,driver_roi,[]
1352,22.554,True,c9_talking,0.5467290282249451,0.6389,yellow,0,False,driver_roi,[]
1353,22.571,True,c9_talking,0.5467290282249451,0.6389,yellow,0,False,driver_roi,[]
1354,22.588,True,c9_talking,0.5065694451332092,0.639,yellow,0,False,driver_roi,[]
1355,22.604,True,c9_talking,0.5065694451332092,0.639,yellow,0,False,driver_roi,[]
1356,22.621,True,c9_talking,0.4669664800167084,0.6389,yellow,0,False,driver_roi,[]
1357,22.638,True,c9_talking,0.4669664800167084,0.6389,yellow,0,False,driver_roi,[]
1358,22.654,True,c5_radio,0.47716251015663147,0.6387,yellow,0,False,driver_roi,[]
1359,22.671,True,c5_radio,0.47716251015663147,0.6387,yellow,0,False,driver_roi,[]
1360,22.688,True,c5_radio,0.5152772665023804,0.6386,yellow,0,False,driver_roi,[]
1361,22.704,True,c5_radio,0.5152772665023804,0.6386,yellow,0,False,driver_roi,[]
1362,22.721,True,c5_radio,0.5499218702316284,0.6381,yellow,0,False,driver_roi,[]
1363,22.738,True,c5_radio,0.5499218702316284,0.6381,yellow,0,False,driver_roi,[]
1364,22.755,True,c5_radio,0.5784025192260742,0.6374,yellow,0,False,driver_roi,[]
1365,22.771,True,c5_radio,0.5784025192260742,0.6374,yellow,0,False,driver_roi,[]
1366,22.788,True,c5_radio,0.6060052514076233,0.6369,yellow,0,False,driver_roi,[]
1367,22.805,True,c5_radio,0.6060052514076233,0.6369,yellow,0,False,driver_roi,[]
1368,22.821,True,c5_radio,0.6401914358139038,0.6369,yellow,0,False,driver_roi,[]
1369,22.838,True,c5_radio,0.6401914358139038,0.6369,yellow,0,False,driver_roi,[]
1370,22.855,True,c5_radio,0.67315274477005,0.6372,yellow,0,False,driver_roi,[]
1371,22.871,True,c5_radio,0.67315274477005,0.6372,yellow,0,False,driver_roi,[]
1372,22.888,True,c5_radio,0.6983709931373596,0.6376,yellow,0,False,driver_roi,[]
1373,22.905,True,c5_radio,0.6983709931373596,0.6376,yellow,0,False,driver_roi,[]
1374,22.921,True,c5_radio,0.7205631732940674,0.6577,orange,1,False,driver_roi,[]
1375,22.938,True,c5_radio,0.7205631732940674,0.6577,orange,1,False,driver_roi,[]
1376,22.955,True,c5_radio,0.7438241839408875,0.6785,orange,2,False,driver_roi,[]
1377,22.971,True,c5_radio,0.7438241839408875,0.6785,orange,2,False,driver_roi,[]
1378,22.988,True,c5_radio,0.7611294984817505,0.6986,orange,3,False,driver_roi,[]
1379,23.005,True,c5_radio,0.7611294984817505,0.6986,orange,3,False,driver_roi,[]
1380,23.021,True,c5_radio,0.7761240005493164,0.7183,orange,4,False,driver_roi,[]
1381,23.038,True,c5_radio,0.7761240005493164,0.7183,orange,4,False,driver_roi,[]
1382,23.055,True,c5_radio,0.7847737073898315,0.7377,orange,5,False,driver_roi,[]
1383,23.071,True,c5_radio,0.7847737073898315,0.7377,orange,5,False,driver_roi,[]
1384,23.088,True,c5_radio,0.788072943687439,0.7568,orange,6,False,driver_roi,[]
1385,23.105,True,c5_radio,0.788072943687439,0.7568,orange,6,False,driver_roi,[]
1386,23.122,True,c5_radio,0.7934524416923523,0.7762,orange,7,False,driver_roi,[]
1387,23.138,True,c5_radio,0.7934524416923523,0.7762,orange,7,False,driver_roi,[]
1388,23.155,True,c5_radio,0.8055943250656128,0.7957,orange,8,False,driver_roi,[]
1389,23.172,True,c5_radio,0.8055943250656128,0.7957,orange,8,False,driver_roi,[]
1390,23.188,True,c5_radio,0.8084408044815063,0.8151,orange,9,False,driver_roi,[]
1391,23.205,True,c5_radio,0.8084408044815063,0.8151,orange,9,False,driver_roi,[]
1392,23.222,True,c5_radio,0.8134409785270691,0.8349,orange,10,False,driver_roi,[]
1393,23.238,True,c5_radio,0.8134409785270691,0.8349,orange,10,False,driver_roi,[]
1394,23.255,True,c5_radio,0.8183615803718567,0.8544,red,11,False,driver_roi,[]
1395,23.272,True,c5_radio,0.8183615803718567,0.8544,red,11,False,driver_roi,[]
1396,23.288,True,c5_radio,0.8225381970405579,0.8738,red,12,False,driver_roi,[]
1397,23.305,True,c5_radio,0.8225381970405579,0.8738,red,12,False,driver_roi,[]
1398,23.322,True,c5_radio,0.82691490650177,0.8932,red,13,False,driver_roi,[]
1399,23.338,True,c5_radio,0.82691490650177,0.8932,red,13,False,driver_roi,[]
1400,23.355,True,c5_radio,0.8300583958625793,0.9126,red,14,False,driver_roi,[]
1401,23.372,True,c5_radio,0.8300583958625793,0.9126,red,14,False,driver_roi,[]
1402,23.388,True,c5_radio,0.8383877873420715,0.9325,red,15,False,driver_roi,[]
1403,23.405,True,c5_radio,0.8383877873420715,0.9325,red,15,False,driver_roi,[]
1404,23.422,True,c5_radio,0.8514807820320129,0.9526,red,16,False,driver_roi,[]
1405,23.439,True,c5_radio,0.8514807820320129,0.9526,red,16,False,driver_roi,[]
1406,23.455,True,c5_radio,0.8608766794204712,0.9726,red,17,False,driver_roi,[]
1407,23.472,True,c5_radio,0.8608766794204712,0.9726,red,17,False,driver_roi,[]
1408,23.489,True,c5_radio,0.8637935519218445,0.9923,red,18,True,driver_roi,[]
1409,23.505,True,c5_radio,0.8637935519218445,0.9923,red,18,True,driver_roi,[]
1410,23.522,True,c5_radio,0.8649905920028687,0.9923,red,19,True,driver_roi,[]
1411,23.539,True,c5_radio,0.8649905920028687,0.9923,red,19,True,driver_roi,[]
1412,23.555,True,c5_radio,0.867721676826477,0.9924,red,20,True,driver_roi,[]
1413,23.572,True,c5_radio,0.867721676826477,0.9924,red,20,True,driver_roi,[]
1414,23.589,True,c5_radio,0.8745864629745483,0.9926,red,21,True,driver_roi,[]
1415,23.605,True,c5_radio,0.8745864629745483,0.9926,red,21,True,driver_roi,[]
1416,23.622,True,c5_radio,0.8807488679885864,0.9927,red,22,True,driver_roi,[]
1417,23.639,True,c5_radio,0.8807488679885864,0.9927,red,22,True,driver_roi,[]
1418,23.655,True,c5_radio,0.8853439092636108,0.9927,red,23,True,driver_roi,[]
1419,23.672,True,c5_radio,0.8853439092636108,0.9927,red,23,True,driver_roi,[]
1420,23.689,True,c5_radio,0.8903428316116333,0.9929,red,24,True,driver_roi,[]
1421,23.705,True,c5_radio,0.8903428316116333,0.9929,red,24,True,driver_roi,[]
1422,23.722,True,c5_radio,0.8964568376541138,0.9932,red,25,True,driver_roi,[]
1423,23.739,True,c5_radio,0.8964568376541138,0.9932,red,25,True,driver_roi,[]
1424,23.755,True,c5_radio,0.9060121774673462,0.9936,red,26,True,driver_roi,[]
1425,23.772,True,c5_radio,0.9060121774673462,0.9936,red,26,True,driver_roi,[]
1426,23.789,True,c5_radio,0.9135883450508118,0.994,red,27,True,driver_roi,[]
1427,23.806,True,c5_radio,0.9135883450508118,0.994,red,27,True,driver_roi,[]
1428,23.822,True,c5_radio,0.9188435673713684,0.9943,red,28,True,driver_roi,[]
1429,23.839,True,c5_radio,0.9188435673713684,0.9943,red,28,True,driver_roi,[]
1430,23.856,True,c5_radio,0.9211651086807251,0.9944,red,29,True,driver_roi,[]
1431,23.872,True,c5_radio,0.9211651086807251,0.9944,red,29,True,driver_roi,[]
1432,23.889,True,c5_radio,0.9216923713684082,0.9944,red,30,True,driver_roi,[]
1433,23.906,True,c5_radio,0.9216923713684082,0.9944,red,30,True,driver_roi,[]
1434,23.922,True,c5_radio,0.9225420951843262,0.9945,red,31,True,driver_roi,[]
1435,23.939,True,c5_radio,0.9225420951843262,0.9945,red,31,True,driver_roi,[]
1436,23.956,True,c5_radio,0.9255300760269165,0.9946,red,32,True,driver_roi,[]
1437,23.972,True,c5_radio,0.9255300760269165,0.9946,red,32,True,driver_roi,[]
1438,23.989,True,c5_radio,0.9311118125915527,0.995,red,33,True,driver_roi,[]
1439,24.006,True,c5_radio,0.9311118125915527,0.995,red,33,True,driver_roi,[]
1440,24.022,True,c5_radio,0.9361268877983093,0.9954,red,34,True,driver_roi,[]
1441,24.039,True,c5_radio,0.9361268877983093,0.9954,red,34,True,driver_roi,[]
1442,24.056,True,c5_radio,0.9395071268081665,0.9955,red,35,True,driver_roi,[]
1443,24.072,True,c5_radio,0.9395071268081665,0.9955,red,35,True,driver_roi,[]
1444,24.089,True,c5_radio,0.9416543841362,0.9957,red,36,True,driver_roi,[]
1445,24.106,True,c5_radio,0.9416543841362,0.9957,red,36,True,driver_roi,[]
1446,24.122,True,c5_radio,0.9449962377548218,0.9958,red,37,True,driver_roi,[]
1447,24.139,True,c5_radio,0.9449962377548218,0.9958,red,37,True,driver_roi,[]
1448,24.156,True,c5_radio,0.9484794735908508,0.9959,red,38,True,driver_roi,[]
1449,24.173,True,c5_radio,0.9484794735908508,0.9959,red,38,True,driver_roi,[]
1450,24.189,True,c5_radio,0.9523938894271851,0.9961,red,39,True,driver_roi,[]
1451,24.206,True,c5_radio,0.9523938894271851,0.9961,red,39,True,driver_roi,[]
1452,24.223,True,c5_radio,0.957976222038269,0.9964,red,40,True,driver_roi,[]
1453,24.239,True,c5_radio,0.957976222038269,0.9964,red,40,True,driver_roi,[]
1454,24.256,True,c5_radio,0.9619662165641785,0.9964,red,41,True,driver_roi,[]
1455,24.273,True,c5_radio,0.9619662165641785,0.9964,red,41,True,driver_roi,[]
1456,24.289,True,c5_radio,0.9647245407104492,0.9962,red,42,True,driver_roi,[]
1457,24.306,True,c5_radio,0.9647245407104492,0.9962,red,42,True,driver_roi,[]
1458,24.323,True,c5_radio,0.9659692645072937,0.9962,red,43,True,driver_roi,[]
1459,24.339,True,c5_radio,0.9659692645072937,0.9962,red,43,True,driver_roi,[]
1460,24.356,True,c5_radio,0.9680342674255371,0.9962,red,44,True,driver_roi,[]
1461,24.373,True,c5_radio,0.9680342674255371,0.9962,red,44,True,driver_roi,[]
1462,24.389,True,c5_radio,0.9638504981994629,0.996,red,45,True,driver_roi,[]
1463,24.406,True,c5_radio,0.9638504981994629,0.996,red,45,True,driver_roi,[]
1464,24.423,True,c5_radio,0.9500445127487183,0.9954,red,46,True,driver_roi,[]
1465,24.439,True,c5_radio,0.9500445127487183,0.9954,red,46,True,driver_roi,[]
1466,24.456,True,c5_radio,0.9322863817214966,0.994,red,47,True,driver_roi,[]
1467,24.473,True,c5_radio,0.9322863817214966,0.994,red,47,True,driver_roi,[]
1468,24.489,True,c5_radio,0.9192758798599243,0.9928,red,48,True,driver_roi,[]
1469,24.506,True,c5_radio,0.9192758798599243,0.9928,red,48,True,driver_roi,[]
1470,24.523,True,c5_radio,0.9033025503158569,0.9905,red,49,True,driver_roi,[]
1471,24.54,True,c5_radio,0.9033025503158569,0.9905,red,49,True,driver_roi,[]
1472,24.556,True,c5_radio,0.8949267268180847,0.9891,red,50,True,driver_roi,[]
1473,24.573,True,c5_radio,0.8949267268180847,0.9891,red,50,True,driver_roi,[]
1474,24.59,True,c5_radio,0.8846014142036438,0.9876,red,51,True,driver_roi,[]
1475,24.606,True,c5_radio,0.8846014142036438,0.9876,red,51,True,driver_roi,[]
1476,24.623,True,c5_radio,0.8718136548995972,0.9853,red,52,True,driver_roi,[]
1477,24.64,True,c5_radio,0.8718136548995972,0.9853,red,52,True,driver_roi,[]
1478,24.656,True,c5_radio,0.8610739707946777,0.9835,red,53,True,driver_roi,[]
1479,24.673,True,c5_radio,0.8610739707946777,0.9835,red,53,True,driver_roi,[]
1480,24.69,True,c5_radio,0.8510127067565918,0.9824,red,54,True,driver_roi,[]
1481,24.706,True,c5_radio,0.8510127067565918,0.9824,red,54,True,driver_roi,[]
1482,24.723,True,c5_radio,0.842643141746521,0.9815,red,55,True,driver_roi,[]
1483,24.74,True,c5_radio,0.842643141746521,0.9815,red,55,True,driver_roi,[]
1484,24.756,True,c5_radio,0.8297191858291626,0.9789,red,56,True,driver_roi,[]
1485,24.773,True,c5_radio,0.8297191858291626,0.9789,red,56,True,driver_roi,[]
1486,24.79,True,c5_radio,0.8147980570793152,0.9757,red,57,True,driver_roi,[]
1487,24.806,True,c5_radio,0.8147980570793152,0.9757,red,57,True,driver_roi,[]
1488,24.823,True,c5_radio,0.8016084432601929,0.9726,red,58,True,driver_roi,[]
1489,24.84,True,c5_radio,0.8016084432601929,0.9726,red,58,True,driver_roi,[]
1490,24.856,True,c5_radio,0.7926756739616394,0.9696,red,59,True,driver_roi,[]
1491,24.873,True,c5_radio,0.7926756739616394,0.9696,red,59,True,driver_roi,[]
1492,24.89,True,c5_radio,0.7826229333877563,0.9663,red,60,True,driver_roi,[]
1493,24.907,True,c5_radio,0.7826229333877563,0.9663,red,60,True,driver_roi,[]
1494,24.923,True,c5_radio,0.7740119695663452,0.9639,red,61,True,driver_roi,[]
1495,24.94,True,c5_radio,0.7740119695663452,0.9639,red,61,True,driver_roi,[]
1496,24.957,True,c5_radio,0.7634060978889465,0.961,red,62,True,driver_roi,[]
1497,24.973,True,c5_radio,0.7634060978889465,0.961,red,62,True,driver_roi,[]
1498,24.99,True,c5_radio,0.7537532448768616,0.9576,red,63,True,driver_roi,[]
1499,25.007,True,c5_radio,0.7537532448768616,0.9576,red,63,True,driver_roi,[]
1500,25.023,True,c5_radio,0.7417162656784058,0.9534,red,64,True,driver_roi,[]
1501,25.04,True,c5_radio,0.7417162656784058,0.9534,red,64,True,driver_roi,[]
1502,25.057,True,c5_radio,0.7357827425003052,0.9501,red,65,True,driver_roi,[]
1503,25.073,True,c5_radio,0.7357827425003052,0.9501,red,65,True,driver_roi,[]
1504,25.09,True,c5_radio,0.7332726120948792,0.9475,red,66,True,driver_roi,[]
1505,25.107,True,c5_radio,0.7332726120948792,0.9475,red,66,True,driver_roi,[]
1506,25.123,True,c5_radio,0.7380880117416382,0.9456,red,67,True,driver_roi,[]
1507,25.14,True,c5_radio,0.7380880117416382,0.9456,red,67,True,driver_roi,[]
1508,25.157,True,c5_radio,0.7423177361488342,0.9445,red,68,True,driver_roi,[]
1509,25.173,True,c5_radio,0.7423177361488342,0.9445,red,68,True,driver_roi,[]
1510,25.19,True,c5_radio,0.7493113279342651,0.9447,red,69,True,driver_roi,[]
1511,25.207,True,c5_radio,0.7493113279342651,0.9447,red,69,True,driver_roi,[]
1512,25.224,True,c5_radio,0.7453340888023376,0.9423,red,70,True,driver_roi,[]
1513,25.24,True,c5_radio,0.7453340888023376,0.9423,red,70,True,driver_roi,[]
1514,25.257,True,c5_radio,0.7433561086654663,0.9406,red,71,True,driver_roi,[]
1515,25.274,True,c5_radio,0.7433561086654663,0.9406,red,71,True,driver_roi,[]
1516,25.29,True,c5_radio,0.7485159039497375,0.9412,red,72,True,driver_roi,[]
1517,25.307,True,c5_radio,0.7485159039497375,0.9412,red,72,True,driver_roi,[]
1518,25.324,True,c5_radio,0.7499232888221741,0.941,red,73,True,driver_roi,[]
1519,25.34,True,c5_radio,0.7499232888221741,0.941,red,73,True,driver_roi,[]
1520,25.357,True,c5_radio,0.7526715397834778,0.9406,red,74,True,driver_roi,[]
1521,25.374,True,c5_radio,0.7526715397834778,0.9406,red,74,True,driver_roi,[]
1522,25.39,True,c5_radio,0.7529066801071167,0.9397,red,75,True,driver_roi,[]
1523,25.407,True,c5_radio,0.7529066801071167,0.9397,red,75,True,driver_roi,[]
1524,25.424,True,c5_radio,0.7618608474731445,0.9415,red,76,True,driver_roi,[]
1525,25.44,True,c5_radio,0.7618608474731445,0.9415,red,76,True,driver_roi,[]
1526,25.457,True,c5_radio,0.7724164724349976,0.9442,red,77,True,driver_roi,[]
1527,25.474,True,c5_radio,0.7724164724349976,0.9442,red,77,True,driver_roi,[]
1528,25.49,True,c5_radio,0.7817705869674683,0.9469,red,78,True,driver_roi,[]
1529,25.507,True,c5_radio,0.7817705869674683,0.9469,red,78,True,driver_roi,[]
1530,25.524,True,c5_radio,0.7854439616203308,0.9488,red,79,True,driver_roi,[]
1531,25.54,True,c5_radio,0.7854439616203308,0.9488,red,79,True,driver_roi,[]
1532,25.557,True,c5_radio,0.7851004600524902,0.9499,red,80,True,driver_roi,[]
1533,25.574,True,c5_radio,0.7851004600524902,0.9499,red,80,True,driver_roi,[]
1534,25.591,True,c5_radio,0.7816225290298462,0.949,red,81,True,driver_roi,[]
1535,25.607,True,c5_radio,0.7816225290298462,0.949,red,81,True,driver_roi,[]
1536,25.624,True,c5_radio,0.7829249501228333,0.9497,red,82,True,driver_roi,[]
1537,25.641,True,c5_radio,0.7829249501228333,0.9497,red,82,True,driver_roi,[]
1538,25.657,True,c5_radio,0.7831985354423523,0.9499,red,83,True,driver_roi,[]
1539,25.674,True,c5_radio,0.7831985354423523,0.9499,red,83,True,driver_roi,[]
1540,25.691,True,c5_radio,0.7920451760292053,0.9529,red,84,True,driver_roi,[]
1541,25.707,True,c5_radio,0.7920451760292053,0.9529,red,84,True,driver_roi,[]
1542,25.724,True,c5_radio,0.7989763021469116,0.9551,red,85,True,driver_roi,[]
1543,25.741,True,c5_radio,0.7989763021469116,0.9551,red,85,True,driver_roi,[]
1544,25.757,True,c5_radio,0.8093724250793457,0.9567,red,86,True,driver_roi,[]
1545,25.774,True,c5_radio,0.8093724250793457,0.9567,red,86,True,driver_roi,[]
1546,25.791,True,c5_radio,0.8112212419509888,0.9569,red,87,True,driver_roi,[]
1547,25.807,True,c5_radio,0.8112212419509888,0.9569,red,87,True,driver_roi,[]
1548,25.824,True,c5_radio,0.8053410649299622,0.9571,red,88,True,driver_roi,[]
1549,25.841,True,c5_radio,0.8053410649299622,0.9571,red,88,True,driver_roi,[]
1550,25.857,True,c5_radio,0.7936744093894958,0.9568,red,89,True,driver_roi,[]
1551,25.874,True,c5_radio,0.7936744093894958,0.9568,red,89,True,driver_roi,[]
1552,25.891,True,c5_radio,0.7825760245323181,0.9577,red,90,True,driver_roi,[]
1553,25.907,True,c5_radio,0.7825760245323181,0.9577,red,90,True,driver_roi,[]
1554,25.924,True,c5_radio,0.7682064771652222,0.9582,red,91,True,driver_roi,[]
1555,25.941,True,c5_radio,0.7682064771652222,0.9582,red,91,True,driver_roi,[]
1556,25.958,True,c5_radio,0.7462417483329773,0.9573,red,92,True,driver_roi,[]
1557,25.974,True,c5_radio,0.7462417483329773,0.9573,red,92,True,driver_roi,[]
1558,25.991,True,c5_radio,0.732918381690979,0.9574,red,93,True,driver_roi,[]
1559,26.008,True,c5_radio,0.732918381690979,0.9574,red,93,True,driver_roi,[]
1560,26.024,True,c5_radio,0.717031717300415,0.9566,red,94,True,driver_roi,[]
1561,26.041,True,c5_radio,0.717031717300415,0.9566,red,94,True,driver_roi,[]
1562,26.058,True,c5_radio,0.7024005651473999,0.956,red,95,True,driver_roi,[]
1563,26.074,True,c5_radio,0.7024005651473999,0.956,red,95,True,driver_roi,[]
1564,26.091,True,c5_radio,0.6831687688827515,0.9545,red,94,True,driver_roi,[]
1565,26.108,True,c5_radio,0.6831687688827515,0.9545,red,94,True,driver_roi,[]
1566,26.124,True,c5_radio,0.6740572452545166,0.9532,red,93,True,driver_roi,[]
1567,26.141,True,c5_radio,0.6740572452545166,0.9532,red,93,True,driver_roi,[]
1568,26.158,True,c5_radio,0.6636999845504761,0.951,red,92,True,driver_roi,[]
1569,26.174,True,c5_radio,0.6636999845504761,0.951,red,92,True,driver_roi,[]
1570,26.191,True,c5_radio,0.6552168726921082,0.95,red,91,True,driver_roi,[]
1571,26.208,True,c5_radio,0.6552168726921082,0.95,red,91,True,driver_roi,[]
1572,26.224,True,c5_radio,0.6563758850097656,0.9508,red,90,True,driver_roi,[]
1573,26.241,True,c5_radio,0.6563758850097656,0.9508,red,90,True,driver_roi,[]
1574,26.258,True,c5_radio,0.6586692929267883,0.9527,red,89,True,driver_roi,[]
1575,26.274,True,c5_radio,0.6586692929267883,0.9527,red,89,True,driver_roi,[]
1576,26.291,True,c5_radio,0.6612226963043213,0.9537,red,88,True,driver_roi,[]
1577,26.308,True,c5_radio,0.6612226963043213,0.9537,red,88,True,driver_roi,[]
1578,26.325,True,c5_radio,0.6694036722183228,0.9563,red,87,True,driver_roi,[]
1579,26.341,True,c5_radio,0.6694036722183228,0.9563,red,87,True,driver_roi,[]
1580,26.358,True,c5_radio,0.6704009771347046,0.9565,red,86,True,driver_roi,[]
1581,26.375,True,c5_radio,0.6704009771347046,0.9565,red,86,True,driver_roi,[]
1582,26.391,True,c5_radio,0.6704649925231934,0.9561,red,85,True,driver_roi,[]
1583,26.408,True,c5_radio,0.6704649925231934,0.9561,red,85,True,driver_roi,[]
1584,26.425,True,c5_radio,0.6685484051704407,0.9546,red,84,True,driver_roi,[]
1585,26.441,True,c5_radio,0.6685484051704407,0.9546,red,84,True,driver_roi,[]
1586,26.458,True,c5_radio,0.6715874075889587,0.9547,red,83,True,driver_roi,[]
1587,26.475,True,c5_radio,0.6715874075889587,0.9547,red,83,True,driver_roi,[]
1588,26.491,True,c5_radio,0.6779177784919739,0.9535,red,82,True,driver_roi,[]
1589,26.508,True,c5_radio,0.6779177784919739,0.9535,red,82,True,driver_roi,[]
1590,26.525,True,c5_radio,0.6921570301055908,0.9532,red,81,True,driver_roi,[]
1591,26.541,True,c5_radio,0.6921570301055908,0.9532,red,81,True,driver_roi,[]
1592,26.558,True,c5_radio,0.7137451171875,0.9551,red,82,True,driver_roi,[]
1593,26.575,True,c5_radio,0.7137451171875,0.9551,red,82,True,driver_roi,[]
1594,26.591,True,c5_radio,0.7349374890327454,0.9555,red,83,True,driver_roi,[]
1595,26.608,True,c5_radio,0.7349374890327454,0.9555,red,83,True,driver_roi,[]
1596,26.625,True,c5_radio,0.7567745447158813,0.9544,red,84,True,driver_roi,[]
1597,26.641,True,c5_radio,0.7567745447158813,0.9544,red,84,True,driver_roi,[]
1598,26.658,True,c5_radio,0.7732977867126465,0.9535,red,85,True,driver_roi,[]
1599,26.675,True,c5_radio,0.7732977867126465,0.9535,red,85,True,driver_roi,[]
1600,26.692,True,c5_radio,0.7908703088760376,0.9534,red,86,True,driver_roi,[]
1601,26.708,True,c5_radio,0.7908703088760376,0.9534,red,86,True,driver_roi,[]
1602,26.725,True,c5_radio,0.8085253834724426,0.9536,red,87,True,driver_roi,[]
1603,26.742,True,c5_radio,0.8085253834724426,0.9536,red,87,True,driver_roi,[]
1604,26.758,True,c5_radio,0.8270931243896484,0.9541,red,88,True,driver_roi,[]
1605,26.775,True,c5_radio,0.8270931243896484,0.9541,red,88,True,driver_roi,[]
1606,26.792,True,c5_radio,0.8360233306884766,0.9543,red,89,True,driver_roi,[]
1607,26.808,True,c5_radio,0.8360233306884766,0.9543,red,89,True,driver_roi,[]
1608,26.825,True,c5_radio,0.8463323712348938,0.9553,red,90,True,driver_roi,[]
1609,26.842,True,c5_radio,0.8463323712348938,0.9553,red,90,True,driver_roi,[]
1610,26.858,True,c5_radio,0.8552339673042297,0.9557,red,91,True,driver_roi,[]
1611,26.875,True,c5_radio,0.8552339673042297,0.9557,red,91,True,driver_roi,[]
1612,26.892,True,c5_radio,0.8592384457588196,0.9555,red,92,True,driver_roi,[]
1613,26.908,True,c5_radio,0.8592384457588196,0.9555,red,92,True,driver_roi,[]
1614,26.925,True,c5_radio,0.8647057414054871,0.9554,red,93,True,driver_roi,[]
1615,26.942,True,c5_radio,0.8647057414054871,0.9554,red,93,True,driver_roi,[]
1616,26.958,True,c5_radio,0.8685532808303833,0.9556,red,94,True,driver_roi,[]
1617,26.975,True,c5_radio,0.8685532808303833,0.9556,red,94,True,driver_roi,[]
1618,26.992,True,c5_radio,0.8679547309875488,0.9553,red,95,True,driver_roi,[]
1619,27.008,True,c5_radio,0.8679547309875488,0.9553,red,95,True,driver_roi,[]
1620,27.025,True,c5_radio,0.8673542141914368,0.9556,red,96,True,driver_roi,[]
1621,27.042,True,c5_radio,0.8673542141914368,0.9556,red,96,True,driver_roi,[]
1622,27.059,True,c5_radio,0.8688185811042786,0.9562,red,97,True,driver_roi,[]
1623,27.075,True,c5_radio,0.8688185811042786,0.9562,red,97,True,driver_roi,[]
1624,27.092,True,c5_radio,0.8713153600692749,0.9577,red,98,True,driver_roi,[]
1625,27.109,True,c5_radio,0.8713153600692749,0.9577,red,98,True,driver_roi,[]
1626,27.125,True,c5_radio,0.8752431869506836,0.9593,red,99,True,driver_roi,[]
1627,27.142,True,c5_radio,0.8752431869506836,0.9593,red,99,True,driver_roi,[]
1628,27.159,True,c5_radio,0.8786503076553345,0.9612,red,100,True,driver_roi,[]
1629,27.175,True,c5_radio,0.8786503076553345,0.9612,red,100,True,driver_roi,[]
1630,27.192,True,c5_radio,0.8783115148544312,0.9623,red,101,True,driver_roi,[]
1631,27.209,True,c5_radio,0.8783115148544312,0.9623,red,101,True,driver_roi,[]
1632,27.225,True,c5_radio,0.8742020726203918,0.9625,red,102,True,driver_roi,[]
1633,27.242,True,c5_radio,0.8742020726203918,0.9625,red,102,True,driver_roi,[]
1634,27.259,True,c5_radio,0.8736777305603027,0.9638,red,103,True,driver_roi,[]
1635,27.275,True,c5_radio,0.8736777305603027,0.9638,red,103,True,driver_roi,[]
1636,27.292,True,c5_radio,0.8741676211357117,0.9662,red,104,True,driver_roi,[]
1637,27.309,True,c5_radio,0.8741676211357117,0.9662,red,104,True,driver_roi,[]
1638,27.325,True,c5_radio,0.8749183416366577,0.9666,red,105,True,driver_roi,[]
1639,27.342,True,c5_radio,0.8749183416366577,0.9666,red,105,True,driver_roi,[]
1640,27.359,True,c5_radio,0.8767239451408386,0.9673,red,106,True,driver_roi,[]
1641,27.376,True,c5_radio,0.8767239451408386,0.9673,red,106,True,driver_roi,[]
1642,27.392,True,c5_radio,0.8779194951057434,0.9677,red,107,True,driver_roi,[]
1643,27.409,True,c5_radio,0.8779194951057434,0.9677,red,107,True,driver_roi,[]
1644,27.426,True,c5_radio,0.8800999522209167,0.9684,red,108,True,driver_roi,[]
1645,27.442,True,c5_radio,0.8800999522209167,0.9684,red,108,True,driver_roi,[]
1646,27.459,True,c5_radio,0.8822669982910156,0.969,red,109,True,driver_roi,[]
1647,27.476,True,c5_radio,0.8822669982910156,0.969,red,109,True,driver_roi,[]
1648,27.492,True,c5_radio,0.883026123046875,0.9693,red,110,True,driver_roi,[]
1649,27.509,True,c5_radio,0.883026123046875,0.9693,red,110,True,driver_roi,[]
1650,27.526,True,c5_radio,0.8846057653427124,0.9698,red,111,True,driver_roi,[]
1651,27.542,True,c5_radio,0.8846057653427124,0.9698,red,111,True,driver_roi,[]
1652,27.559,True,c5_radio,0.8840526342391968,0.9696,red,112,True,driver_roi,[]
1653,27.576,True,c5_radio,0.8840526342391968,0.9696,red,112,True,driver_roi,[]
1654,27.592,True,c5_radio,0.881255030632019,0.9691,red,113,True,driver_roi,[]
1655,27.609,True,c5_radio,0.881255030632019,0.9691,red,113,True,driver_roi,[]
1656,27.626,True,c5_radio,0.8769656419754028,0.9681,red,114,True,driver_roi,[]
1657,27.642,True,c5_radio,0.8769656419754028,0.9681,red,114,True,driver_roi,[]
1658,27.659,True,c5_radio,0.8742246627807617,0.9674,red,115,True,driver_roi,[]
1659,27.676,True,c5_radio,0.8742246627807617,0.9674,red,115,True,driver_roi,[]
1660,27.692,True,c5_radio,0.8716508746147156,0.9668,red,116,True,driver_roi,[]
1661,27.709,True,c5_radio,0.8716508746147156,0.9668,red,116,True,driver_roi,[]
1662,27.726,True,c5_radio,0.8675355911254883,0.9661,red,117,True,driver_roi,[]
1663,27.743,True,c5_radio,0.8675355911254883,0.9661,red,117,True,driver_roi,[]
1664,27.759,True,c5_radio,0.8664774894714355,0.9658,red,118,True,driver_roi,[]
1665,27.776,True,c5_radio,0.8664774894714355,0.9658,red,118,True,driver_roi,[]
1666,27.793,True,c5_radio,0.8634543418884277,0.9647,red,119,True,driver_roi,[]
1667,27.809,True,c5_radio,0.8634543418884277,0.9647,red,119,True,driver_roi,[]
1668,27.826,True,c5_radio,0.8622563481330872,0.9641,red,120,True,driver_roi,[]
1669,27.843,True,c5_radio,0.8622563481330872,0.9641,red,120,True,driver_roi,[]
1670,27.859,True,c5_radio,0.8647003173828125,0.9641,red,121,True,driver_roi,[]
1671,27.876,True,c5_radio,0.8647003173828125,0.9641,red,121,True,driver_roi,[]
1672,27.893,True,c5_radio,0.8684574961662292,0.964,red,122,True,driver_roi,[]
1673,27.909,True,c5_radio,0.8684574961662292,0.964,red,122,True,driver_roi,[]
1674,27.926,True,c5_radio,0.8711869120597839,0.964,red,123,True,driver_roi,[]
1675,27.943,True,c5_radio,0.8711869120597839,0.964,red,123,True,driver_roi,[]
1676,27.959,True,c5_radio,0.8737726211547852,0.9636,red,124,True,driver_roi,[]
1677,27.976,True,c5_radio,0.8737726211547852,0.9636,red,124,True,driver_roi,[]
1678,27.993,True,c5_radio,0.8748285174369812,0.9644,red,125,True,driver_roi,[]
1679,28.009,True,c5_radio,0.8748285174369812,0.9644,red,125,True,driver_roi,[]
1680,28.026,True,c5_radio,0.8717271685600281,0.9636,red,126,True,driver_roi,[]
1681,28.043,True,c5_radio,0.8717271685600281,0.9636,red,126,True,driver_roi,[]
1682,28.059,True,c5_radio,0.8683168292045593,0.9622,red,127,True,driver_roi,[]
1683,28.076,True,c5_radio,0.8683168292045593,0.9622,red,127,True,driver_roi,[]
1684,28.093,True,c5_radio,0.8631283640861511,0.9598,red,128,True,driver_roi,[]
1685,28.11,True,c5_radio,0.8631283640861511,0.9598,red,128,True,driver_roi,[]
1686,28.126,True,c5_radio,0.8592855334281921,0.9583,red,129,True,driver_roi,[]
1687,28.143,True,c5_radio,0.8592855334281921,0.9583,red,129,True,driver_roi,[]
1688,28.16,True,c5_radio,0.8561049699783325,0.9568,red,130,True,driver_roi,[]
1689,28.176,True,c5_radio,0.8561049699783325,0.9568,red,130,True,driver_roi,[]
1690,28.193,True,c5_radio,0.8518804311752319,0.9552,red,131,True,driver_roi,[]
1691,28.21,True,c5_radio,0.8518804311752319,0.9552,red,131,True,driver_roi,[]
1692,28.226,True,c5_radio,0.8506823778152466,0.955,red,132,True,driver_roi,[]
1693,28.243,True,c5_radio,0.8506823778152466,0.955,red,132,True,driver_roi,[]
1694,28.26,True,c5_radio,0.8541563153266907,0.9558,red,133,True,driver_roi,[]
1695,28.276,True,c5_radio,0.8541563153266907,0.9558,red,133,True,driver_roi,[]
1696,28.293,True,c5_radio,0.8579287528991699,0.9569,red,134,True,driver_roi,[]
1697,28.31,True,c5_radio,0.8579287528991699,0.9569,red,134,True,driver_roi,[]
1698,28.326,True,c5_radio,0.8576418161392212,0.9566,red,135,True,driver_roi,[]
1699,28.343,True,c5_radio,0.8576418161392212,0.9566,red,135,True,driver_roi,[]
1700,28.36,True,c5_radio,0.8499913215637207,0.9528,red,136,True,driver_roi,[]
1701,28.376,True,c5_radio,0.8499913215637207,0.9528,red,136,True,driver_roi,[]
1702,28.393,True,c5_radio,0.8450366258621216,0.9499,red,137,True,driver_roi,[]
1703,28.41,True,c5_radio,0.8450366258621216,0.9499,red,137,True,driver_roi,[]
1704,28.426,True,c5_radio,0.8445647358894348,0.9492,red,138,True,driver_roi,[]
1705,28.443,True,c5_radio,0.8445647358894348,0.9492,red,138,True,driver_roi,[]
1706,28.46,True,c5_radio,0.8375632166862488,0.9461,red,139,True,driver_roi,[]
1707,28.477,True,c5_radio,0.8375632166862488,0.9461,red,139,True,driver_roi,[]
1708,28.493,True,c5_radio,0.8322073817253113,0.9436,red,140,True,driver_roi,[]
1709,28.51,True,c5_radio,0.8322073817253113,0.9436,red,140,True,driver_roi,[]
1710,28.527,True,c5_radio,0.8226897120475769,0.9394,red,141,True,driver_roi,[]
1711,28.543,True,c5_radio,0.8226897120475769,0.9394,red,141,True,driver_roi,[]
1712,28.56,True,c5_radio,0.8107139468193054,0.935,red,142,True,driver_roi,[]
1713,28.577,True,c5_radio,0.8107139468193054,0.935,red,142,True,driver_roi,[]
1714,28.593,True,c5_radio,0.7915098071098328,0.9277,red,143,True,driver_roi,[]
1715,28.61,True,c5_radio,0.7915098071098328,0.9277,red,143,True,driver_roi,[]
1716,28.627,True,c5_radio,0.7750579118728638,0.9213,red,144,True,driver_roi,[]
1717,28.643,True,c5_radio,0.7750579118728638,0.9213,red,144,True,driver_roi,[]
1718,28.66,True,c5_radio,0.7615957260131836,0.9165,red,145,True,driver_roi,[]
1719,28.677,True,c5_radio,0.7615957260131836,0.9165,red,145,True,driver_roi,[]
1720,28.693,True,c5_radio,0.7513904571533203,0.9118,red,146,True,driver_roi,[]
1721,28.71,True,c5_radio,0.7513904571533203,0.9118,red,146,True,driver_roi,[]
1722,28.727,True,c5_radio,0.7384273409843445,0.9063,red,147,True,driver_roi,[]
1723,28.743,True,c5_radio,0.7384273409843445,0.9063,red,147,True,driver_roi,[]
1724,28.76,True,c5_radio,0.7331358194351196,0.9046,red,148,True,driver_roi,[]
1725,28.777,True,c5_radio,0.7331358194351196,0.9046,red,148,True,driver_roi,[]
1726,28.793,True,c5_radio,0.7299076914787292,0.9037,red,149,True,driver_roi,[]
1727,28.81,True,c5_radio,0.7299076914787292,0.9037,red,149,True,driver_roi,[]
1728,28.827,True,c5_radio,0.7256332039833069,0.9028,red,150,True,driver_roi,[]
1729,28.844,True,c5_radio,0.7256332039833069,0.9028,red,150,True,driver_roi,[]
1730,28.86,True,c5_radio,0.7199889421463013,0.9017,red,151,True,driver_roi,[]
1731,28.877,True,c5_radio,0.7199889421463013,0.9017,red,151,True,driver_roi,[]
1732,28.894,True,c5_radio,0.7160329222679138,0.9004,red,152,True,driver_roi,[]
1733,28.91,True,c5_radio,0.7160329222679138,0.9004,red,152,True,driver_roi,[]
1734,28.927,True,c5_radio,0.7065116763114929,0.8982,red,153,True,driver_roi,[]
1735,28.944,True,c5_radio,0.7065116763114929,0.8982,red,153,True,driver_roi,[]
1736,28.96,True,c5_radio,0.7049400210380554,0.8976,red,154,True,driver_roi,[]
1737,28.977,True,c5_radio,0.7049400210380554,0.8976,red,154,True,driver_roi,[]
1738,28.994,True,c5_radio,0.7009669542312622,0.8969,red,155,True,driver_roi,[]
1739,29.01,True,c5_radio,0.7009669542312622,0.8969,red,155,True,driver_roi,[]
1740,29.027,True,c5_radio,0.7039646506309509,0.899,red,156,True,driver_roi,[]
1741,29.044,True,c5_radio,0.7039646506309509,0.899,red,156,True,driver_roi,[]
1742,29.06,True,c5_radio,0.7002652883529663,0.8991,red,157,True,driver_roi,[]
1743,29.077,True,c5_radio,0.7002652883529663,0.8991,red,157,True,driver_roi,[]
1744,29.094,True,c5_radio,0.6889707446098328,0.8966,red,156,True,driver_roi,[]
1745,29.11,True,c5_radio,0.6889707446098328,0.8966,red,156,True,driver_roi,[]
1746,29.127,True,c5_radio,0.6843640804290771,0.8986,red,155,True,driver_roi,[]
1747,29.144,True,c5_radio,0.6843640804290771,0.8986,red,155,True,driver_roi,[]
1748,29.161,True,c5_radio,0.6770504713058472,0.8991,red,154,True,driver_roi,[]
1749,29.177,True,c5_radio,0.6770504713058472,0.8991,red,154,True,driver_roi,[]
1750,29.194,True,c5_radio,0.6699331998825073,0.9013,red,153,True,driver_roi,[]
1751,29.211,True,c5_radio,0.6699331998825073,0.9013,red,153,True,driver_roi,[]
1752,29.227,True,c5_radio,0.6665898561477661,0.9039,red,152,True,driver_roi,[]
1753,29.244,True,c5_radio,0.6665898561477661,0.9039,red,152,True,driver_roi,[]
1754,29.261,True,c5_radio,0.6678901314735413,0.9097,red,151,True,driver_roi,[]
1755,29.277,True,c5_radio,0.6678901314735413,0.9097,red,151,True,driver_roi,[]
1756,29.294,True,c5_radio,0.6710174679756165,0.9141,red,150,True,driver_roi,[]
1757,29.311,True,c5_radio,0.6710174679756165,0.9141,red,150,True,driver_roi,[]
1758,29.327,True,c5_radio,0.6726480722427368,0.9167,red,149,True,driver_roi,[]
1759,29.344,True,c5_radio,0.6726480722427368,0.9167,red,149,True,driver_roi,[]
1760,29.361,True,c5_radio,0.6668294072151184,0.9185,red,148,True,driver_roi,[]
1761,29.377,True,c5_radio,0.6668294072151184,0.9185,red,148,True,driver_roi,[]
1762,29.394,True,c5_radio,0.6596527099609375,0.9205,red,147,True,driver_roi,[]
1763,29.411,True,c5_radio,0.6596527099609375,0.9205,red,147,True,driver_roi,[]
1764,29.427,True,c5_radio,0.6493223905563354,0.9181,red,146,True,driver_roi,[]
1765,29.444,True,c5_radio,0.6493223905563354,0.9181,red,146,True,driver_roi,[]
1766,29.461,True,c5_radio,0.6470819711685181,0.9179,red,145,True,driver_roi,[]
1767,29.477,True,c5_radio,0.6470819711685181,0.9179,red,145,True,driver_roi,[]
1768,29.494,True,c5_radio,0.6508574485778809,0.9198,red,144,True,driver_roi,[]
1769,29.511,True,c5_radio,0.6508574485778809,0.9198,red,144,True,driver_roi,[]
1770,29.528,True,c5_radio,0.6444658637046814,0.9182,red,143,True,driver_roi,[]
1771,29.544,True,c5_radio,0.6444658637046814,0.9182,red,143,True,driver_roi,[]
1772,29.561,True,c5_radio,0.6315900087356567,0.9137,red,142,True,driver_roi,[]
1773,29.578,True,c5_radio,0.6315900087356567,0.9137,red,142,True,driver_roi,[]
1774,29.594,True,c5_radio,0.6356151700019836,0.9146,red,141,True,driver_roi,[]
1775,29.611,True,c5_radio,0.6356151700019836,0.9146,red,141,True,driver_roi,[]
1776,29.628,True,c5_radio,0.6294124722480774,0.9117,red,140,True,driver_roi,[]
1777,29.644,True,c5_radio,0.6294124722480774,0.9117,red,140,True,driver_roi,[]
1778,29.661,True,c5_radio,0.6135744452476501,0.9058,red,139,True,driver_roi,[]
1779,29.678,True,c5_radio,0.6135744452476501,0.9058,red,139,True,driver_roi,[]
1780,29.694,True,c5_radio,0.5877472758293152,0.898,red,138,True,driver_roi,[]
1781,29.711,True,c5_radio,0.5877472758293152,0.898,red,138,True,driver_roi,[]
1782,29.728,True,c5_radio,0.5746446847915649,0.8925,red,137,True,driver_roi,[]
1783,29.744,True,c5_radio,0.5746446847915649,0.8925,red,137,True,driver_roi,[]
1784,29.761,True,c5_radio,0.5608851909637451,0.8864,red,136,True,driver_roi,[]
1785,29.778,True,c5_radio,0.5608851909637451,0.8864,red,136,True,driver_roi,[]
1786,29.794,True,c5_radio,0.561505138874054,0.8856,red,135,True,driver_roi,[]
1787,29.811,True,c5_radio,0.561505138874054,0.8856,red,135,True,driver_roi,[]
1788,29.828,True,c5_radio,0.5575984120368958,0.8853,red,134,True,driver_roi,[]
1789,29.844,True,c5_radio,0.5575984120368958,0.8853,red,134,True,driver_roi,[]
1790,29.861,True,c5_radio,0.5486577749252319,0.8832,red,133,True,driver_roi,[]
1791,29.878,True,c5_radio,0.5486577749252319,0.8832,red,133,True,driver_roi,[]
1792,29.895,True,c5_radio,0.5362167954444885,0.8805,red,132,True,driver_roi,[]
1793,29.911,True,c5_radio,0.5362167954444885,0.8805,red,132,True,driver_roi,[]
1794,29.928,True,c5_radio,0.5211325883865356,0.8798,red,131,True,driver_roi,[]
1795,29.945,True,c5_radio,0.5211325883865356,0.8798,red,131,True,driver_roi,[]
1796,29.961,True,c5_radio,0.4949267506599426,0.8763,red,130,True,driver_roi,[]
1797,29.978,True,c5_radio,0.4949267506599426,0.8763,red,130,True,driver_roi,[]
1798,29.995,True,c5_radio,0.4794168472290039,0.8736,red,129,True,driver_roi,[]
1799,30.011,True,c5_radio,0.4794168472290039,0.8736,red,129,True,driver_roi,[]
1800,30.028,True,c5_radio,0.4754626154899597,0.8722,red,128,True,driver_roi,[]
1801,30.045,True,c5_radio,0.4754626154899597,0.8722,red,128,True,driver_roi,[]
1802,30.061,True,c5_radio,0.47555628418922424,0.8737,red,127,True,driver_roi,[]
1803,30.078,True,c5_radio,0.47555628418922424,0.8737,red,127,True,driver_roi,[]
1804,30.095,True,c5_radio,0.47460851073265076,0.8794,red,126,True,driver_roi,[]
1805,30.111,True,c5_radio,0.47460851073265076,0.8794,red,126,True,driver_roi,[]
1806,30.128,True,c5_radio,0.46822237968444824,0.882,red,125,True,driver_roi,[]
1807,30.145,True,c5_radio,0.46822237968444824,0.882,red,125,True,driver_roi,[]
1808,30.161,True,c5_radio,0.45819681882858276,0.8835,red,124,True,driver_roi,[]
1809,30.178,True,c5_radio,0.45819681882858276,0.8835,red,124,True,driver_roi,[]
1810,30.195,True,c5_radio,0.4644742012023926,0.8884,red,123,True,driver_roi,[]
1811,30.211,True,c5_radio,0.4644742012023926,0.8884,red,123,True,driver_roi,[]
1812,30.228,True,c5_radio,0.47446733713150024,0.8959,red,122,True,driver_roi,[]
1813,30.245,True,c5_radio,0.47446733713150024,0.8959,red,122,True,driver_roi,[]
1814,30.262,True,c5_radio,0.4716556966304779,0.8977,red,121,True,driver_roi,[]
1815,30.278,True,c5_radio,0.4716556966304779,0.8977,red,121,True,driver_roi,[]
1816,30.295,True,c5_radio,0.47187528014183044,0.9015,red,120,True,driver_roi,[]
1817,30.312,True,c5_radio,0.47187528014183044,0.9015,red,120,True,driver_roi,[]
1818,30.328,True,c5_radio,0.4832178056240082,0.9091,red,119,True,driver_roi,[]
1819,30.345,True,c5_radio,0.4832178056240082,0.9091,red,119,True,driver_roi,[]
1820,30.362,True,c5_radio,0.5000826120376587,0.9188,red,118,True,driver_roi,[]
1821,30.378,True,c5_radio,0.5000826120376587,0.9188,red,118,True,driver_roi,[]
1822,30.395,True,c5_radio,0.5138888359069824,0.9277,red,117,True,driver_roi,[]
1823,30.412,True,c5_radio,0.5138888359069824,0.9277,red,117,True,driver_roi,[]
1824,30.428,True,c5_radio,0.5232704281806946,0.9373,red,116,True,driver_roi,[]
1825,30.445,True,c5_radio,0.5232704281806946,0.9373,red,116,True,driver_roi,[]
1826,30.462,True,c5_radio,0.5190091729164124,0.9403,red,115,True,driver_roi,[]
1827,30.478,True,c5_radio,0.5190091729164124,0.9403,red,115,True,driver_roi,[]
1828,30.495,True,c5_radio,0.5174109935760498,0.9428,red,114,True,driver_roi,[]
1829,30.512,True,c5_radio,0.5174109935760498,0.9428,red,114,True,driver_roi,[]
1830,30.528,True,c5_radio,0.5158320665359497,0.9454,red,113,True,driver_roi,[]
1831,30.545,True,c5_radio,0.5158320665359497,0.9454,red,113,True,driver_roi,[]
1832,30.562,True,c5_radio,0.511960506439209,0.9469,red,112,True,driver_roi,[]
1833,30.578,True,c5_radio,0.511960506439209,0.9469,red,112,True,driver_roi,[]
1834,30.595,True,c5_radio,0.5182119607925415,0.9486,red,111,True,driver_roi,[]
1835,30.612,True,c5_radio,0.5182119607925415,0.9486,red,111,True,driver_roi,[]
1836,30.629,True,c5_radio,0.5341213941574097,0.9547,red,110,True,driver_roi,[]
1837,30.645,True,c5_radio,0.5341213941574097,0.9547,red,110,True,driver_roi,[]
1838,30.662,True,c5_radio,0.546628475189209,0.9598,red,109,True,driver_roi,[]
1839,30.679,True,c5_radio,0.546628475189209,0.9598,red,109,True,driver_roi,[]
1840,30.695,True,c5_radio,0.5577815771102905,0.9657,red,108,True,driver_roi,[]
1841,30.712,True,c5_radio,0.5577815771102905,0.9657,red,108,True,driver_roi,[]
1842,30.729,True,c5_radio,0.5778716802597046,0.9705,red,107,True,driver_roi,[]
1843,30.745,True,c5_radio,0.5778716802597046,0.9705,red,107,True,driver_roi,[]
1844,30.762,True,c5_radio,0.5983434915542603,0.9724,red,106,True,driver_roi,[]
1845,30.779,True,c5_radio,0.5983434915542603,0.9724,red,106,True,driver_roi,[]
1846,30.795,True,c5_radio,0.6152074933052063,0.9736,red,105,True,driver_roi,[]
1847,30.812,True,c5_radio,0.6152074933052063,0.9736,red,105,True,driver_roi,[]
1848,30.829,True,c5_radio,0.6303353905677795,0.9741,red,104,True,driver_roi,[]
1849,30.845,True,c5_radio,0.6303353905677795,0.9741,red,104,True,driver_roi,[]
1850,30.862,True,c5_radio,0.6437371969223022,0.9747,red,103,True,driver_roi,[]
1851,30.879,True,c5_radio,0.6437371969223022,0.9747,red,103,True,driver_roi,[]
1852,30.895,True,c5_radio,0.6578453779220581,0.9753,red,102,True,driver_roi,[]
1853,30.912,True,c5_radio,0.6578453779220581,0.9753,red,102,True,driver_roi,[]
1854,30.929,True,c5_radio,0.6705464124679565,0.9763,red,101,True,driver_roi,[]
1855,30.946,True,c5_radio,0.6705464124679565,0.9763,red,101,True,driver_roi,[]
1856,30.962,True,c5_radio,0.6826800107955933,0.9774,red,100,True,driver_roi,[]
1857,30.979,True,c5_radio,0.6826800107955933,0.9774,red,100,True,driver_roi,[]
1858,30.996,True,c5_radio,0.6991899609565735,0.9787,red,99,True,driver_roi,[]
1859,31.012,True,c5_radio,0.6991899609565735,0.9787,red,99,True,driver_roi,[]
1860,31.029,True,c5_radio,0.7190426588058472,0.98,red,100,True,driver_roi,[]
1861,31.046,True,c5_radio,0.7190426588058472,0.98,red,100,True,driver_roi,[]
1862,31.062,True,c5_radio,0.7344750165939331,0.9812,red,101,True,driver_roi,[]
1863,31.079,True,c5_radio,0.7344750165939331,0.9812,red,101,True,driver_roi,[]
1864,31.096,True,c5_radio,0.7556300163269043,0.9828,red,102,True,driver_roi,[]
1865,31.112,True,c5_radio,0.7556300163269043,0.9828,red,102,True,driver_roi,[]
1866,31.129,True,c5_radio,0.7753331065177917,0.9845,red,103,True,driver_roi,[]
1867,31.146,True,c5_radio,0.7753331065177917,0.9845,red,103,True,driver_roi,[]
1868,31.162,True,c5_radio,0.7994115352630615,0.9863,red,104,True,driver_roi,[]
1869,31.179,True,c5_radio,0.7994115352630615,0.9863,red,104,True,driver_roi,[]
1870,31.196,True,c5_radio,0.8308499455451965,0.9894,red,105,True,driver_roi,[]
1871,31.212,True,c5_radio,0.8308499455451965,0.9894,red,105,True,driver_roi,[]
1872,31.229,True,c5_radio,0.8650907278060913,0.9934,red,106,True,driver_roi,[]
1873,31.246,True,c5_radio,0.8650907278060913,0.9934,red,106,True,driver_roi,[]
1874,31.262,True,c5_radio,0.8952984809875488,0.9954,red,107,True,driver_roi,[]
1875,31.279,True,c5_radio,0.8952984809875488,0.9954,red,107,True,driver_roi,[]
1876,31.296,True,c5_radio,0.9229937791824341,0.9964,red,108,True,driver_roi,[]
1877,31.313,True,c5_radio,0.9229937791824341,0.9964,red,108,True,driver_roi,[]
1878,31.329,True,c5_radio,0.9390832185745239,0.9977,red,109,True,driver_roi,[]
1879,31.346,True,c5_radio,0.9390832185745239,0.9977,red,109,True,driver_roi,[]
1880,31.363,True,c5_radio,0.9516590237617493,0.9984,red,110,True,driver_roi,[]
1881,31.379,True,c5_radio,0.9516590237617493,0.9984,red,110,True,driver_roi,[]
1882,31.396,True,c5_radio,0.9565457105636597,0.9987,red,111,True,driver_roi,[]
1883,31.413,True,c5_radio,0.9565457105636597,0.9987,red,111,True,driver_roi,[]
1884,31.429,True,c5_radio,0.959480881690979,0.9988,red,112,True,driver_roi,[]
1885,31.446,True,c5_radio,0.959480881690979,0.9988,red,112,True,driver_roi,[]
1886,31.463,True,c5_radio,0.9595402479171753,0.9988,red,113,True,driver_roi,[]
1887,31.479,True,c5_radio,0.9595402479171753,0.9988,red,113,True,driver_roi,[]
1888,31.496,True,c5_radio,0.9599477648735046,0.9988,red,114,True,driver_roi,[]
1889,31.513,True,c5_radio,0.9599477648735046,0.9988,red,114,True,driver_roi,[]
1890,31.529,True,c5_radio,0.9592257738113403,0.9988,red,115,True,driver_roi,[]
1891,31.546,True,c5_radio,0.9592257738113403,0.9988,red,115,True,driver_roi,[]
1892,31.563,True,c5_radio,0.9594413042068481,0.9988,red,116,True,driver_roi,[]
1893,31.579,True,c5_radio,0.9594413042068481,0.9988,red,116,True,driver_roi,[]
1894,31.596,True,c5_radio,0.95831698179245,0.9988,red,117,True,driver_roi,[]
1895,31.613,True,c5_radio,0.95831698179245,0.9988,red,117,True,driver_roi,[]
1896,31.629,True,c5_radio,0.9559017419815063,0.9987,red,118,True,driver_roi,[]
1897,31.646,True,c5_radio,0.9559017419815063,0.9987,red,118,True,driver_roi,[]
1898,31.663,True,c5_radio,0.9482725262641907,0.9986,red,119,True,driver_roi,[]
1899,31.68,True,c5_radio,0.9482725262641907,0.9986,red,119,True,driver_roi,[]
1900,31.696,True,c5_radio,0.9402443766593933,0.9985,red,120,True,driver_roi,[]
1901,31.713,True,c5_radio,0.9402443766593933,0.9985,red,120,True,driver_roi,[]
1902,31.73,True,c5_radio,0.9328063726425171,0.9984,red,121,True,driver_roi,[]
1903,31.746,True,c5_radio,0.9328063726425171,0.9984,red,121,True,driver_roi,[]
1904,31.763,True,c5_radio,0.9269133806228638,0.9981,red,122,True,driver_roi,[]
1905,31.78,True,c5_radio,0.9269133806228638,0.9981,red,122,True,driver_roi,[]
1906,31.796,True,c5_radio,0.9133632779121399,0.9978,red,123,True,driver_roi,[]
1907,31.813,True,c5_radio,0.9133632779121399,0.9978,red,123,True,driver_roi,[]
1908,31.83,True,c5_radio,0.8804663419723511,0.9976,red,124,True,driver_roi,[]
1909,31.846,True,c5_radio,0.8804663419723511,0.9976,red,124,True,driver_roi,[]
1910,31.863,True,c5_radio,0.8384925723075867,0.9976,red,125,True,driver_roi,[]
1911,31.88,True,c5_radio,0.8384925723075867,0.9976,red,125,True,driver_roi,[]
1912,31.896,True,c5_radio,0.7918208241462708,0.9976,red,126,True,driver_roi,[]
1913,31.913,True,c5_radio,0.7918208241462708,0.9976,red,126,True,driver_roi,[]
1914,31.93,True,c5_radio,0.7459609508514404,0.9976,red,127,True,driver_roi,[]
1915,31.946,True,c5_radio,0.7459609508514404,0.9976,red,127,True,driver_roi,[]
1916,31.963,True,c5_radio,0.7005075216293335,0.9975,red,128,True,driver_roi,[]
1917,31.98,True,c5_radio,0.7005075216293335,0.9975,red,128,True,driver_roi,[]
1918,31.996,True,c5_radio,0.6555569171905518,0.9976,red,127,True,driver_roi,[]
1919,32.013,True,c5_radio,0.6555569171905518,0.9976,red,127,True,driver_roi,[]
1920,32.03,True,c5_radio,0.6112011671066284,0.9977,red,126,True,driver_roi,[]
1921,32.047,True,c5_radio,0.6112011671066284,0.9977,red,126,True,driver_roi,[]
1922,32.063,True,c5_radio,0.5652279853820801,0.9978,red,125,True,driver_roi,[]
1923,32.08,True,c5_radio,0.5652279853820801,0.9978,red,125,True,driver_roi,[]
1924,32.097,True,c5_radio,0.5186370611190796,0.9979,red,124,True,driver_roi,[]
1925,32.113,True,c5_radio,0.5186370611190796,0.9979,red,124,True,driver_roi,[]
1926,32.13,True,c5_radio,0.47459062933921814,0.9979,red,123,True,driver_roi,[]
1927,32.147,True,c5_radio,0.47459062933921814,0.9979,red,123,True,driver_roi,[]
1928,32.163,True,c5_radio,0.42994871735572815,0.998,red,122,True,driver_roi,[]
1929,32.18,True,c5_radio,0.42994871735572815,0.998,red,122,True,driver_roi,[]
1930,32.197,True,c5_radio,0.3843162953853607,0.998,red,121,True,driver_roi,[]
1931,32.213,True,c5_radio,0.3843162953853607,0.998,red,121,True,driver_roi,[]
1932,32.23,True,c5_radio,0.3372061848640442,0.9979,red,120,True,driver_roi,[]
1933,32.247,True,c5_radio,0.3372061848640442,0.9979,red,120,True,driver_roi,[]
1934,32.263,True,c9_talking,0.33978191018104553,0.9979,red,119,True,driver_roi,[]
1935,32.28,True,c9_talking,0.33978191018104553,0.9979,red,119,True,driver_roi,[]
1936,32.297,True,c9_talking,0.3744426965713501,0.9979,red,118,True,driver_roi,[]
1937,32.313,True,c9_talking,0.3744426965713501,0.9979,red,118,True,driver_roi,[]
1938,32.33,True,c9_talking,0.39926677942276,0.998,red,117,True,driver_roi,[]
1939,32.347,True,c9_talking,0.39926677942276,0.998,red,117,True,driver_roi,[]
1940,32.363,True,c9_talking,0.42060795426368713,0.998,red,116,True,driver_roi,[]
1941,32.38,True,c9_talking,0.42060795426368713,0.998,red,116,True,driver_roi,[]
1942,32.397,True,c9_talking,0.4489111006259918,0.9981,red,115,True,driver_roi,[]
1943,32.414,True,c9_talking,0.4489111006259918,0.9981,red,115,True,driver_roi,[]
1944,32.43,True,c9_talking,0.4809756278991699,0.9984,red,114,True,driver_roi,[]
1945,32.447,True,c9_talking,0.4809756278991699,0.9984,red,114,True,driver_roi,[]
1946,32.464,True,c9_talking,0.5106038451194763,0.9986,red,113,True,driver_roi,[]
1947,32.48,True,c9_talking,0.5106038451194763,0.9986,red,113,True,driver_roi,[]
1948,32.497,True,c9_talking,0.544927716255188,0.9988,red,112,True,driver_roi,[]
1949,32.514,True,c9_talking,0.544927716255188,0.9988,red,112,True,driver_roi,[]
1950,32.53,True,c9_talking,0.5811177492141724,0.9988,red,111,True,driver_roi,[]
1951,32.547,True,c9_talking,0.5811177492141724,0.9988,red,111,True,driver_roi,[]
1952,32.564,True,c9_talking,0.6189925670623779,0.9989,red,110,True,driver_roi,[]
1953,32.58,True,c9_talking,0.6189925670623779,0.9989,red,110,True,driver_roi,[]
1954,32.597,True,c9_talking,0.6558708548545837,0.999,red,109,True,driver_roi,[]
1955,32.614,True,c9_talking,0.6558708548545837,0.999,red,109,True,driver_roi,[]
1956,32.63,True,c9_talking,0.6823223829269409,0.9991,red,108,True,driver_roi,[]
1957,32.647,True,c9_talking,0.6823223829269409,0.9991,red,108,True,driver_roi,[]
1958,32.664,True,c9_talking,0.7139283418655396,0.9991,red,109,True,driver_roi,[]
1959,32.68,True,c9_talking,0.7139283418655396,0.9991,red,109,True,driver_roi,[]
1960,32.697,True,c9_talking,0.7191900014877319,0.9991,red,110,True,driver_roi,[]
1961,32.714,True,c9_talking,0.7191900014877319,0.9991,red,110,True,driver_roi,[]
1962,32.73,True,c9_talking,0.7263815999031067,0.9991,red,111,True,driver_roi,[]
1963,32.747,True,c9_talking,0.7263815999031067,0.9991,red,111,True,driver_roi,[]
1964,32.764,True,c9_talking,0.7139696478843689,0.9991,red,112,True,driver_roi,[]
1965,32.781,True,c9_talking,0.7139696478843689,0.9991,red,112,True,driver_roi,[]
1966,32.797,True,c9_talking,0.6952359676361084,0.999,red,111,True,driver_roi,[]
1967,32.814,True,c9_talking,0.6952359676361084,0.999,red,111,True,driver_roi,[]
1968,32.831,True,c9_talking,0.6748802065849304,0.999,red,110,True,driver_roi,[]
1969,32.847,True,c9_talking,0.6748802065849304,0.999,red,110,True,driver_roi,[]
1970,32.864,True,c9_talking,0.6549884080886841,0.999,red,109,True,driver_roi,[]
1971,32.881,True,c9_talking,0.6549884080886841,0.999,red,109,True,driver_roi,[]
1972,32.897,True,c9_talking,0.635615885257721,0.999,red,108,True,driver_roi,[]
1973,32.914,True,c9_talking,0.635615885257721,0.999,red,108,True,driver_roi,[]
1974,32.931,True,c9_talking,0.6174010038375854,0.999,red,107,True,driver_roi,[]
1975,32.947,True,c9_talking,0.6174010038375854,0.999,red,107,True,driver_roi,[]
1976,32.964,True,c9_talking,0.596818208694458,0.999,red,106,True,driver_roi,[]
1977,32.981,True,c9_talking,0.596818208694458,0.999,red,106,True,driver_roi,[]
1978,32.997,True,c9_talking,0.5883094668388367,0.9991,red,105,True,driver_roi,[]
1979,33.014,True,c9_talking,0.5883094668388367,0.9991,red,105,True,driver_roi,[]
1980,33.031,True,c9_talking,0.5906957983970642,0.9991,red,104,True,driver_roi,[]
1981,33.047,True,c9_talking,0.5906957983970642,0.9991,red,104,True,driver_roi,[]
1982,33.064,True,c9_talking,0.5872878432273865,0.9992,red,103,True,driver_roi,[]
1983,33.081,True,c9_talking,0.5872878432273865,0.9992,red,103,True,driver_roi,[]
1984,33.098,True,c9_talking,0.5805673003196716,0.9992,red,102,True,driver_roi,[]
1985,33.114,True,c9_talking,0.5805673003196716,0.9992,red,102,True,driver_roi,[]
1986,33.131,True,c9_talking,0.5696643590927124,0.9992,red,101,True,driver_roi,[]
1987,33.148,True,c9_talking,0.5696643590927124,0.9992,red,101,True,driver_roi,[]
1988,33.164,True,c9_talking,0.5467573404312134,0.9992,red,100,True,driver_roi,[]
1989,33.181,True,c9_talking,0.5467573404312134,0.9992,red,100,True,driver_roi,[]
1990,33.198,True,c9_talking,0.5195131301879883,0.9992,red,99,True,driver_roi,[]
1991,33.214,True,c9_talking,0.5195131301879883,0.9992,red,99,True,driver_roi,[]
1992,33.231,True,c9_talking,0.49450892210006714,0.9992,red,98,True,driver_roi,[]
1993,33.248,True,c9_talking,0.49450892210006714,0.9992,red,98,True,driver_roi,[]
1994,33.264,True,c9_talking,0.47166624665260315,0.9991,red,97,True,driver_roi,[]
1995,33.281,True,c9_talking,0.47166624665260315,0.9991,red,97,True,driver_roi,[]
1996,33.298,True,c9_talking,0.45362553000450134,0.9991,red,96,True,driver_roi,[]
1997,33.314,True,c9_talking,0.45362553000450134,0.9991,red,96,True,driver_roi,[]
1998,33.331,True,c9_talking,0.43025070428848267,0.999,red,95,True,driver_roi,[]
1999,33.348,True,c9_talking,0.43025070428848267,0.999,red,95,True,driver_roi,[]
2000,33.364,True,c7_reaching,0.4283076822757721,0.999,red,94,True,driver_roi,[]
2001,33.381,True,c7_reaching,0.4283076822757721,0.999,red,94,True,driver_roi,[]
2002,33.398,True,c7_reaching,0.4491589665412903,0.999,red,93,True,driver_roi,[]
2003,33.414,True,c7_reaching,0.4491589665412903,0.999,red,93,True,driver_roi,[]
2004,33.431,True,c7_reaching,0.47099852561950684,0.9989,red,92,True,driver_roi,[]
2005,33.448,True,c7_reaching,0.47099852561950684,0.9989,red,92,True,driver_roi,[]
2006,33.465,True,c7_reaching,0.4854235053062439,0.9989,red,91,True,driver_roi,[]
2007,33.481,True,c7_reaching,0.4854235053062439,0.9989,red,91,True,driver_roi,[]
2008,33.498,True,c7_reaching,0.49354368448257446,0.9989,red,90,True,driver_roi,[]
2009,33.515,True,c7_reaching,0.49354368448257446,0.9989,red,90,True,driver_roi,[]
2010,33.531,True,c7_reaching,0.5039975047111511,0.9989,red,89,True,driver_roi,[]
2011,33.548,True,c7_reaching,0.5039975047111511,0.9989,red,89,True,driver_roi,[]
2012,33.565,True,c7_reaching,0.5099087357521057,0.9988,red,88,True,driver_roi,[]
2013,33.581,True,c7_reaching,0.5099087357521057,0.9988,red,88,True,driver_roi,[]
2014,33.598,True,c7_reaching,0.5143560171127319,0.9988,red,87,True,driver_roi,[]
2015,33.615,True,c7_reaching,0.5143560171127319,0.9988,red,87,True,driver_roi,[]
2016,33.631,True,c7_reaching,0.5147078633308411,0.9987,red,86,True,driver_roi,[]
2017,33.648,True,c7_reaching,0.5147078633308411,0.9987,red,86,True,driver_roi,[]
2018,33.665,True,c7_reaching,0.5160059332847595,0.9987,red,85,True,driver_roi,[]
2019,33.681,True,c7_reaching,0.5160059332847595,0.9987,red,85,True,driver_roi,[]
2020,33.698,True,c7_reaching,0.5314800143241882,0.9986,red,84,True,driver_roi,[]
2021,33.715,True,c7_reaching,0.5314800143241882,0.9986,red,84,True,driver_roi,[]
2022,33.731,True,c7_reaching,0.5457715392112732,0.9985,red,83,True,driver_roi,[]
2023,33.748,True,c7_reaching,0.5457715392112732,0.9985,red,83,True,driver_roi,[]
2024,33.765,True,c7_reaching,0.5567483901977539,0.9984,red,82,True,driver_roi,[]
2025,33.781,True,c7_reaching,0.5567483901977539,0.9984,red,82,True,driver_roi,[]
2026,33.798,True,c7_reaching,0.5712183713912964,0.9984,red,81,True,driver_roi,[]
2027,33.815,True,c7_reaching,0.5712183713912964,0.9984,red,81,True,driver_roi,[]
2028,33.832,True,c7_reaching,0.5673041343688965,0.9983,red,80,True,driver_roi,[]
2029,33.848,True,c7_reaching,0.5673041343688965,0.9983,red,80,True,driver_roi,[]
2030,33.865,True,c7_reaching,0.5531002283096313,0.9983,red,79,True,driver_roi,[]
2031,33.882,True,c7_reaching,0.5531002283096313,0.9983,red,79,True,driver_roi,[]
2032,33.898,True,c7_reaching,0.533649742603302,0.9983,red,78,True,driver_roi,[]
2033,33.915,True,c7_reaching,0.533649742603302,0.9983,red,78,True,driver_roi,[]
2034,33.932,True,c7_reaching,0.510146975517273,0.9983,red,77,True,driver_roi,[]
2035,33.948,True,c7_reaching,0.510146975517273,0.9983,red,77,True,driver_roi,[]
2036,33.965,True,c7_reaching,0.4806193709373474,0.9983,red,76,True,driver_roi,[]
2037,33.982,True,c7_reaching,0.4806193709373474,0.9983,red,76,True,driver_roi,[]
2038,33.998,True,c7_reaching,0.45490843057632446,0.9983,red,75,True,driver_roi,[]
2039,34.015,True,c7_reaching,0.45490843057632446,0.9983,red,75,True,driver_roi,[]
2040,34.032,True,c7_reaching,0.42682403326034546,0.9983,red,74,True,driver_roi,[]
2041,34.048,True,c7_reaching,0.42682403326034546,0.9983,red,74,True,driver_roi,[]
2042,34.065,True,c9_talking,0.41803795099258423,0.9983,red,73,True,driver_roi,[]
2043,34.082,True,c9_talking,0.41803795099258423,0.9983,red,73,True,driver_roi,[]
2044,34.098,True,c9_talking,0.4370538592338562,0.9983,red,72,True,driver_roi,[]
2045,34.115,True,c9_talking,0.4370538592338562,0.9983,red,72,True,driver_roi,[]
2046,34.132,True,c9_talking,0.4573044180870056,0.9983,red,71,True,driver_roi,[]
2047,34.148,True,c9_talking,0.4573044180870056,0.9983,red,71,True,driver_roi,[]
2048,34.165,True,c9_talking,0.473362535238266,0.9983,red,70,True,driver_roi,[]
2049,34.182,True,c9_talking,0.473362535238266,0.9983,red,70,True,driver_roi,[]
2050,34.199,True,c9_talking,0.4861733317375183,0.9983,red,69,True,driver_roi,[]
2051,34.215,True,c9_talking,0.4861733317375183,0.9983,red,69,True,driver_roi,[]
2052,34.232,True,c9_talking,0.49629783630371094,0.9983,red,68,True,driver_roi,[]
2053,34.249,True,c9_talking,0.49629783630371094,0.9983,red,68,True,driver_roi,[]
2054,34.265,True,c9_talking,0.505128800868988,0.9983,red,67,True,driver_roi,[]
2055,34.282,True,c9_talking,0.505128800868988,0.9983,red,67,True,driver_roi,[]
2056,34.299,True,c9_talking,0.5161217451095581,0.9984,red,66,True,driver_roi,[]
2057,34.315,True,c9_talking,0.5161217451095581,0.9984,red,66,True,driver_roi,[]
2058,34.332,True,c9_talking,0.5261852145195007,0.9984,red,65,True,driver_roi,[]
2059,34.349,True,c9_talking,0.5261852145195007,0.9984,red,65,True,driver_roi,[]
2060,34.365,True,c9_talking,0.5470315217971802,0.9984,red,64,True,driver_roi,[]
2061,34.382,True,c9_talking,0.5470315217971802,0.9984,red,64,True,driver_roi,[]
2062,34.399,True,c9_talking,0.5694498419761658,0.9985,red,63,True,driver_roi,[]
2063,34.415,True,c9_talking,0.5694498419761658,0.9985,red,63,True,driver_roi,[]
2064,34.432,True,c9_talking,0.5852851271629333,0.9985,red,62,True,driver_roi,[]
2065,34.449,True,c9_talking,0.5852851271629333,0.9985,red,62,True,driver_roi,[]
2066,34.465,True,c9_talking,0.5957146883010864,0.9984,red,61,True,driver_roi,[]
2067,34.482,True,c9_talking,0.5957146883010864,0.9984,red,61,True,driver_roi,[]
2068,34.499,True,c9_talking,0.604025661945343,0.9983,red,60,True,driver_roi,[]
2069,34.515,True,c9_talking,0.604025661945343,0.9983,red,60,True,driver_roi,[]
2070,34.532,True,c9_talking,0.6101868748664856,0.9982,red,59,True,driver_roi,[]
2071,34.549,True,c9_talking,0.6101868748664856,0.9982,red,59,True,driver_roi,[]
2072,34.566,True,c9_talking,0.616185188293457,0.9982,red,58,True,driver_roi,[]
2073,34.582,True,c9_talking,0.616185188293457,0.9982,red,58,True,driver_roi,[]
2074,34.599,True,c9_talking,0.619247317314148,0.9983,red,57,True,driver_roi,[]
2075,34.616,True,c9_talking,0.619247317314148,0.9983,red,57,True,driver_roi,[]
2076,34.632,True,c9_talking,0.6231752634048462,0.9983,red,56,True,driver_roi,[]
2077,34.649,True,c9_talking,0.6231752634048462,0.9983,red,56,True,driver_roi,[]
2078,34.666,True,c9_talking,0.6282103657722473,0.9983,red,55,True,driver_roi,[]
2079,34.682,True,c9_talking,0.6282103657722473,0.9983,red,55,True,driver_roi,[]
2080,34.699,True,c9_talking,0.6312226057052612,0.9983,red,54,True,driver_roi,[]
2081,34.716,True,c9_talking,0.6312226057052612,0.9983,red,54,True,driver_roi,[]
2082,34.732,True,c9_talking,0.6286855340003967,0.9983,red,53,True,driver_roi,[]
2083,34.749,True,c9_talking,0.6286855340003967,0.9983,red,53,True,driver_roi,[]
2084,34.766,True,c9_talking,0.634095311164856,0.9984,red,52,True,driver_roi,[]
2085,34.782,True,c9_talking,0.634095311164856,0.9984,red,52,True,driver_roi,[]
2086,34.799,True,c9_talking,0.6402855515480042,0.9984,red,51,True,driver_roi,[]
2087,34.816,True,c9_talking,0.6402855515480042,0.9984,red,51,True,driver_roi,[]
2088,34.832,True,c9_talking,0.6470288038253784,0.9985,red,50,True,driver_roi,[]
2089,34.849,True,c9_talking,0.6470288038253784,0.9985,red,50,True,driver_roi,[]
2090,34.866,True,c9_talking,0.6613732576370239,0.9985,red,49,True,driver_roi,[]
2091,34.883,True,c9_talking,0.6613732576370239,0.9985,red,49,True,driver_roi,[]
2092,34.899,True,c9_talking,0.6726091504096985,0.9985,red,48,True,driver_roi,[]
2093,34.916,True,c9_talking,0.6726091504096985,0.9985,red,48,True,driver_roi,[]
2094,34.933,True,c9_talking,0.6875897645950317,0.9985,red,47,True,driver_roi,[]
2095,34.949,True,c9_talking,0.6875897645950317,0.9985,red,47,True,driver_roi,[]
2096,34.966,True,c9_talking,0.6920578479766846,0.9986,red,46,True,driver_roi,[]
2097,34.983,True,c9_talking,0.6920578479766846,0.9986,red,46,True,driver_roi,[]
2098,34.999,True,c9_talking,0.7032350301742554,0.9986,red,47,True,driver_roi,[]
2099,35.016,True,c9_talking,0.7032350301742554,0.9986,red,47,True,driver_roi,[]
2100,35.033,True,c9_talking,0.7159219980239868,0.9986,red,48,True,driver_roi,[]
2101,35.049,True,c9_talking,0.7159219980239868,0.9986,red,48,True,driver_roi,[]
2102,35.066,True,c9_talking,0.7272265553474426,0.9987,red,49,True,driver_roi,[]
2103,35.083,True,c9_talking,0.7272265553474426,0.9987,red,49,True,driver_roi,[]
2104,35.099,True,c9_talking,0.7423714399337769,0.9988,red,50,True,driver_roi,[]
2105,35.116,True,c9_talking,0.7423714399337769,0.9988,red,50,True,driver_roi,[]
2106,35.133,True,c9_talking,0.763720691204071,0.9988,red,51,True,driver_roi,[]
2107,35.149,True,c9_talking,0.763720691204071,0.9988,red,51,True,driver_roi,[]
2108,35.166,True,c9_talking,0.7803274393081665,0.9989,red,52,True,driver_roi,[]
2109,35.183,True,c9_talking,0.7803274393081665,0.9989,red,52,True,driver_roi,[]
2110,35.199,True,c9_talking,0.7909979224205017,0.9988,red,53,True,driver_roi,[]
2111,35.216,True,c9_talking,0.7909979224205017,0.9988,red,53,True,driver_roi,[]
2112,35.233,True,c9_talking,0.7965920567512512,0.9984,red,54,True,driver_roi,[]
2113,35.25,True,c9_talking,0.7965920567512512,0.9984,red,54,True,driver_roi,[]
2114,35.266,True,c9_talking,0.7968382835388184,0.9978,red,55,True,driver_roi,[]
2115,35.283,True,c9_talking,0.7968382835388184,0.9978,red,55,True,driver_roi,[]
2116,35.3,True,c9_talking,0.7844562530517578,0.997,red,56,True,driver_roi,[]
2117,35.316,True,c9_talking,0.7844562530517578,0.997,red,56,True,driver_roi,[]
2118,35.333,True,c9_talking,0.7703654766082764,0.996,red,57,True,driver_roi,[]
2119,35.35,True,c9_talking,0.7703654766082764,0.996,red,57,True,driver_roi,[]
2120,35.366,True,c9_talking,0.7595852613449097,0.9951,red,58,True,driver_roi,[]
2121,35.383,True,c9_talking,0.7595852613449097,0.9951,red,58,True,driver_roi,[]
2122,35.4,True,c9_talking,0.7477326989173889,0.9938,red,59,True,driver_roi,[]
2123,35.416,True,c9_talking,0.7477326989173889,0.9938,red,59,True,driver_roi,[]
2124,35.433,True,c9_talking,0.7192335724830627,0.9935,red,60,True,driver_roi,[]
2125,35.45,True,c9_talking,0.7192335724830627,0.9935,red,60,True,driver_roi,[]
2126,35.466,True,c9_talking,0.7181416749954224,0.993,red,61,True,driver_roi,[]
2127,35.483,True,c9_talking,0.7181416749954224,0.993,red,61,True,driver_roi,[]
2128,35.5,True,c9_talking,0.6817772388458252,0.993,red,60,True,driver_roi,[]
2129,35.516,True,c9_talking,0.6817772388458252,0.993,red,60,True,driver_roi,[]
2130,35.533,True,c9_talking,0.6412636637687683,0.9931,red,59,True,driver_roi,[]
2131,35.55,True,c9_talking,0.6412636637687683,0.9931,red,59,True,driver_roi,[]
2132,35.566,True,c9_talking,0.6016713380813599,0.9925,red,58,True,driver_roi,[]
2133,35.583,True,c9_talking,0.6016713380813599,0.9925,red,58,True,driver_roi,[]
2134,35.6,True,c9_talking,0.5608267188072205,0.9925,red,57,True,driver_roi,[]
2135,35.617,True,c9_talking,0.5608267188072205,0.9925,red,57,True,driver_roi,[]
2136,35.633,True,c9_talking,0.5251032114028931,0.9925,red,56,True,driver_roi,[]
2137,35.65,True,c9_talking,0.5251032114028931,0.9925,red,56,True,driver_roi,[]
2138,35.667,True,c9_talking,0.4827885031700134,0.9925,red,55,True,driver_roi,[]
2139,35.683,True,c9_talking,0.4827885031700134,0.9925,red,55,True,driver_roi,[]
2140,35.7,True,c8_makeup,0.4401969909667969,0.9925,red,54,True,driver_roi,[]
2141,35.717,True,c8_makeup,0.4401969909667969,0.9925,red,54,True,driver_roi,[]
2142,35.733,True,c8_makeup,0.45501360297203064,0.9924,red,53,True,driver_roi,[]
2143,35.75,True,c8_makeup,0.45501360297203064,0.9924,red,53,True,driver_roi,[]
2144,35.767,True,c8_makeup,0.46921080350875854,0.9923,red,52,True,driver_roi,[]
2145,35.783,True,c8_makeup,0.46921080350875854,0.9923,red,52,True,driver_roi,[]
2146,35.8,True,c8_makeup,0.48163753747940063,0.991,red,51,True,driver_roi,[]
2147,35.817,True,c8_makeup,0.48163753747940063,0.991,red,51,True,driver_roi,[]
2148,35.833,True,c8_makeup,0.48121270537376404,0.985,red,50,True,driver_roi,[]
2149,35.85,True,c8_makeup,0.48121270537376404,0.985,red,50,True,driver_roi,[]
2150,35.867,True,c8_makeup,0.47778481245040894,0.9811,red,49,True,driver_roi,[]
2151,35.883,True,c8_makeup,0.47778481245040894,0.9811,red,49,True,driver_roi,[]
2152,35.9,True,c8_makeup,0.46998292207717896,0.9778,red,48,True,driver_roi,[]
2153,35.917,True,c8_makeup,0.46998292207717896,0.9778,red,48,True,driver_roi,[]
2154,35.933,True,c8_makeup,0.45837926864624023,0.9751,red,47,True,driver_roi,[]
2155,35.95,True,c8_makeup,0.45837926864624023,0.9751,red,47,True,driver_roi,[]
2156,35.967,True,c8_makeup,0.4379192292690277,0.973,red,46,True,driver_roi,[]
2157,35.984,True,c8_makeup,0.4379192292690277,0.973,red,46,True,driver_roi,[]
2158,36.0,True,c8_makeup,0.4158623218536377,0.9702,red,45,True,driver_roi,[]
2159,36.017,True,c8_makeup,0.4158623218536377,0.9702,red,45,True,driver_roi,[]
2160,36.034,True,c8_makeup,0.398362934589386,0.9684,red,44,True,driver_roi,[]
2161,36.05,True,c8_makeup,0.398362934589386,0.9684,red,44,True,driver_roi,[]
2162,36.067,True,c8_makeup,0.3811954855918884,0.9678,red,43,True,driver_roi,[]
2163,36.084,True,c8_makeup,0.3811954855918884,0.9678,red,43,True,driver_roi,[]
2164,36.1,True,c8_makeup,0.34708675742149353,0.9671,red,42,True,driver_roi,[]
2165,36.117,True,c8_makeup,0.34708675742149353,0.9671,red,42,True,driver_roi,[]
2166,36.134,True,c3_texting_left,0.34588465094566345,0.965,red,41,True,driver_roi,[]
2167,36.15,True,c3_texting_left,0.34588465094566345,0.965,red,41,True,driver_roi,[]
2168,36.167,True,c3_texting_left,0.36882731318473816,0.9583,red,40,True,driver_roi,[]
2169,36.184,True,c3_texting_left,0.36882731318473816,0.9583,red,40,True,driver_roi,[]
2170,36.2,True,c3_texting_left,0.3878132104873657,0.9487,red,39,True,driver_roi,[]
2171,36.217,True,c3_texting_left,0.3878132104873657,0.9487,red,39,True,driver_roi,[]
2172,36.234,True,c3_texting_left,0.40265384316444397,0.939,red,38,True,driver_roi,[]
2173,36.25,True,c3_texting_left,0.40265384316444397,0.939,red,38,True,driver_roi,[]
2174,36.267,True,c3_texting_left,0.41164249181747437,0.9291,red,37,True,driver_roi,[]
2175,36.284,True,c3_texting_left,0.41164249181747437,0.9291,red,37,True,driver_roi,[]
2176,36.3,True,c3_texting_left,0.41845637559890747,0.9218,red,36,True,driver_roi,[]
2177,36.317,True,c3_texting_left,0.41845637559890747,0.9218,red,36,True,driver_roi,[]
2178,36.334,True,c3_texting_left,0.4210297167301178,0.9166,red,35,True,driver_roi,[]
2179,36.351,True,c3_texting_left,0.4210297167301178,0.9166,red,35,True,driver_roi,[]
2180,36.367,True,c3_texting_left,0.4236685633659363,0.9101,red,34,True,driver_roi,[]
2181,36.384,True,c3_texting_left,0.4236685633659363,0.9101,red,34,True,driver_roi,[]
2182,36.401,True,c3_texting_left,0.3981134295463562,0.9029,red,33,True,driver_roi,[]
2183,36.417,True,c3_texting_left,0.3981134295463562,0.9029,red,33,True,driver_roi,[]
2184,36.434,True,c3_texting_left,0.37576931715011597,0.8953,red,32,True,driver_roi,[]
2185,36.451,True,c3_texting_left,0.37576931715011597,0.8953,red,32,True,driver_roi,[]
2186,36.467,True,c3_texting_left,0.36869868636131287,0.8862,red,31,True,driver_roi,[]
2187,36.484,True,c3_texting_left,0.36869868636131287,0.8862,red,31,True,driver_roi,[]
2188,36.501,True,c3_texting_left,0.37094470858573914,0.884,red,30,True,driver_roi,[]
2189,36.517,True,c3_texting_left,0.37094470858573914,0.884,red,30,True,driver_roi,[]
2190,36.534,True,c3_texting_left,0.3688122034072876,0.8801,red,29,True,driver_roi,[]
2191,36.551,True,c3_texting_left,0.3688122034072876,0.8801,red,29,True,driver_roi,[]
2192,36.567,True,c3_texting_left,0.3623684048652649,0.8766,red,28,True,driver_roi,[]
2193,36.584,True,c3_texting_left,0.3623684048652649,0.8766,red,28,True,driver_roi,[]
2194,36.601,True,c3_texting_left,0.3393767476081848,0.8724,red,27,True,driver_roi,[]
2195,36.617,True,c3_texting_left,0.3393767476081848,0.8724,red,27,True,driver_roi,[]
2196,36.634,True,c3_texting_left,0.3148804008960724,0.869,red,26,True,driver_roi,[]
2197,36.651,True,c3_texting_left,0.3148804008960724,0.869,red,26,True,driver_roi,[]
2198,36.667,True,c3_texting_left,0.2920006811618805,0.8652,red,25,True,driver_roi,[]
2199,36.684,True,c3_texting_left,0.2920006811618805,0.8652,red,25,True,driver_roi,[]
2200,36.701,True,c3_texting_left,0.2622102200984955,0.8618,red,24,True,driver_roi,[]
2201,36.718,True,c3_texting_left,0.2622102200984955,0.8618,red,24,True,driver_roi,[]
2202,36.734,True,c9_talking,0.27221447229385376,0.8592,red,23,True,driver_roi,[]
2203,36.751,True,c9_talking,0.27221447229385376,0.8592,red,23,True,driver_roi,[]
2204,36.768,True,c5_radio,0.29528963565826416,0.8558,red,22,True,driver_roi,[]
2205,36.784,True,c5_radio,0.29528963565826416,0.8558,red,22,True,driver_roi,[]
2206,36.801,True,c5_radio,0.32452017068862915,0.8542,red,21,True,driver_roi,[]
2207,36.818,True,c5_radio,0.32452017068862915,0.8542,red,21,True,driver_roi,[]
2208,36.834,True,c5_radio,0.3594039976596832,0.859,red,20,True,driver_roi,[]
2209,36.851,True,c5_radio,0.3594039976596832,0.859,red,20,True,driver_roi,[]
2210,36.868,True,c5_radio,0.40170973539352417,0.8677,red,19,True,driver_roi,[]
2211,36.884,True,c5_radio,0.40170973539352417,0.8677,red,19,True,driver_roi,[]
2212,36.901,True,c5_radio,0.44241875410079956,0.8772,red,18,True,driver_roi,[]
2213,36.918,True,c5_radio,0.44241875410079956,0.8772,red,18,True,driver_roi,[]
2214,36.934,True,c5_radio,0.4788270890712738,0.8669,red,17,False,driver_roi,[]
2215,36.951,True,c5_radio,0.4788270890712738,0.8669,red,17,False,driver_roi,[]
2216,36.968,True,c5_radio,0.509372889995575,0.8542,red,16,False,driver_roi,[]
2217,36.984,True,c5_radio,0.509372889995575,0.8542,red,16,False,driver_roi,[]
2218,37.001,True,c5_radio,0.5324817895889282,0.8393,orange,15,False,driver_roi,[]
2219,37.018,True,c5_radio,0.5324817895889282,0.8393,orange,15,False,driver_roi,[]
2220,37.035,True,c5_radio,0.5546464920043945,0.8256,orange,14,False,driver_roi,[]
2221,37.051,True,c5_radio,0.5546464920043945,0.8256,orange,14,False,driver_roi,[]
2222,37.068,True,c5_radio,0.5795382857322693,0.8124,orange,13,False,driver_roi,[]
2223,37.085,True,c5_radio,0.5795382857322693,0.8124,orange,13,False,driver_roi,[]
2224,37.101,True,c5_radio,0.6022360920906067,0.7997,orange,12,False,driver_roi,[]
2225,37.118,True,c5_radio,0.6022360920906067,0.7997,orange,12,False,driver_roi,[]
2226,37.135,True,c5_radio,0.6332945823669434,0.7894,orange,11,False,driver_roi,[]
2227,37.151,True,c5_radio,0.6332945823669434,0.7894,orange,11,False,driver_roi,[]
2228,37.168,True,c5_radio,0.6636277437210083,0.7766,orange,10,False,driver_roi,[]
2229,37.185,True,c5_radio,0.6636277437210083,0.7766,orange,10,False,driver_roi,[]
2230,37.201,True,c5_radio,0.6926809549331665,0.7628,orange,9,False,driver_roi,[]
2231,37.218,True,c5_radio,0.6926809549331665,0.7628,orange,9,False,driver_roi,[]
2232,37.235,True,c5_radio,0.7056283950805664,0.7837,orange,10,False,driver_roi,[]
2233,37.251,True,c5_radio,0.7056283950805664,0.7837,orange,10,False,driver_roi,[]
2234,37.268,True,c5_radio,0.7108888030052185,0.8033,orange,11,False,driver_roi,[]
2235,37.285,True,c5_radio,0.7108888030052185,0.8033,orange,11,False,driver_roi,[]
2236,37.301,True,c5_radio,0.7115944027900696,0.8207,orange,12,False,driver_roi,[]
2237,37.318,True,c5_radio,0.7115944027900696,0.8207,orange,12,False,driver_roi,[]
2238,37.335,True,c5_radio,0.7128182053565979,0.8412,orange,13,False,driver_roi,[]
2239,37.351,True,c5_radio,0.7128182053565979,0.8412,orange,13,False,driver_roi,[]
2240,37.368,True,c5_radio,0.7015501260757446,0.8616,red,14,False,driver_roi,[]
2241,37.385,True,c5_radio,0.7015501260757446,0.8616,red,14,False,driver_roi,[]
2242,37.402,True,c5_radio,0.6834921836853027,0.8421,orange,13,False,driver_roi,[]
2243,37.418,True,c5_radio,0.6834921836853027,0.8421,orange,13,False,driver_roi,[]
2244,37.435,True,c5_radio,0.6527000665664673,0.821,orange,12,False,driver_roi,[]
2245,37.452,True,c5_radio,0.6527000665664673,0.821,orange,12,False,driver_roi,[]
2246,37.468,True,c5_radio,0.6238735318183899,0.7989,orange,11,False,driver_roi,[]
2247,37.485,True,c5_radio,0.6238735318183899,0.7989,orange,11,False,driver_roi,[]
2248,37.502,True,c5_radio,0.5858098864555359,0.7739,orange,10,False,driver_roi,[]
2249,37.518,True,c5_radio,0.5858098864555359,0.7739,orange,10,False,driver_roi,[]
2250,37.535,True,c5_radio,0.5438359379768372,0.7475,orange,9,False,driver_roi,[]
2251,37.552,True,c5_radio,0.5438359379768372,0.7475,orange,9,False,driver_roi,[]
2252,37.568,True,c5_radio,0.502407431602478,0.7207,orange,8,False,driver_roi,[]
2253,37.585,True,c5_radio,0.502407431602478,0.7207,orange,8,False,driver_roi,[]
2254,37.602,True,c5_radio,0.46003928780555725,0.6937,orange,7,False,driver_roi,[]
2255,37.618,True,c5_radio,0.46003928780555725,0.6937,orange,7,False,driver_roi,[]
2256,37.635,True,c5_radio,0.41728633642196655,0.6657,orange,6,False,driver_roi,[]
2257,37.652,True,c5_radio,0.41728633642196655,0.6657,orange,6,False,driver_roi,[]
2258,37.668,True,c9_talking,0.39930254220962524,0.6382,yellow,5,False,driver_roi,[]
2259,37.685,True,c9_talking,0.39930254220962524,0.6382,yellow,5,False,driver_roi,[]
2260,37.702,True,c9_talking,0.4252999424934387,0.6121,yellow,4,False,driver_roi,[]
2261,37.718,True,c9_talking,0.4252999424934387,0.6121,yellow,4,False,driver_roi,[]
2262,37.735,True,c9_talking,0.4508849084377289,0.5876,yellow,3,False,driver_roi,[]
2263,37.752,True,c9_talking,0.4508849084377289,0.5876,yellow,3,False,driver_roi,[]
2264,37.769,True,c9_talking,0.4774559438228607,0.5642,yellow,2,False,driver_roi,[]
2265,37.785,True,c9_talking,0.4774559438228607,0.5642,yellow,2,False,driver_roi,[]
2266,37.802,True,c9_talking,0.5005197525024414,0.541,yellow,1,False,driver_roi,[]
2267,37.819,True,c9_talking,0.5005197525024414,0.541,yellow,1,False,driver_roi,[]
2268,37.835,True,c9_talking,0.5100244283676147,0.5179,yellow,0,False,driver_roi,[]
2269,37.852,True,c9_talking,0.5100244283676147,0.5179,yellow,0,False,driver_roi,[]
2270,37.869,True,c9_talking,0.5206006765365601,0.5125,yellow,0,False,driver_roi,[]
2271,37.885,True,c9_talking,0.5206006765365601,0.5125,yellow,0,False,driver_roi,[]
2272,37.902,True,c9_talking,0.5248244404792786,0.5128,yellow,0,False,driver_roi,[]
2273,37.919,True,c9_talking,0.5248244404792786,0.5128,yellow,0,False,driver_roi,[]
2274,37.935,True,c9_talking,0.523755669593811,0.5162,yellow,0,False,driver_roi,[]
2275,37.952,True,c9_talking,0.523755669593811,0.5162,yellow,0,False,driver_roi,[]
2276,37.969,True,c9_talking,0.5133248567581177,0.5226,yellow,0,False,driver_roi,[]
2277,37.985,True,c9_talking,0.5133248567581177,0.5226,yellow,0,False,driver_roi,[]
2278,38.002,True,c9_talking,0.4951649308204651,0.5275,yellow,0,False,driver_roi,[]
2279,38.019,True,c9_talking,0.4951649308204651,0.5275,yellow,0,False,driver_roi,[]
2280,38.035,True,c9_talking,0.46634870767593384,0.5313,yellow,0,False,driver_roi,[]
2281,38.052,True,c9_talking,0.46634870767593384,0.5313,yellow,0,False,driver_roi,[]
2282,38.069,True,c9_talking,0.4363584518432617,0.5343,yellow,0,False,driver_roi,[]
2283,38.085,True,c9_talking,0.4363584518432617,0.5343,yellow,0,False,driver_roi,[]
2284,38.102,True,c9_talking,0.40905827283859253,0.5387,yellow,0,False,driver_roi,[]
2285,38.119,True,c9_talking,0.40905827283859253,0.5387,yellow,0,False,driver_roi,[]
2286,38.136,True,c5_radio,0.38481763005256653,0.5443,yellow,0,False,driver_roi,[]
2287,38.152,True,c5_radio,0.38481763005256653,0.5443,yellow,0,False,driver_roi,[]
2288,38.169,True,c5_radio,0.42539316415786743,0.5507,yellow,0,False,driver_roi,[]
2289,38.186,True,c5_radio,0.42539316415786743,0.5507,yellow,0,False,driver_roi,[]
2290,38.202,True,c5_radio,0.46485060453414917,0.5572,yellow,0,False,driver_roi,[]
2291,38.219,True,c5_radio,0.46485060453414917,0.5572,yellow,0,False,driver_roi,[]
2292,38.236,True,c5_radio,0.5040366649627686,0.5637,yellow,0,False,driver_roi,[]
2293,38.252,True,c5_radio,0.5040366649627686,0.5637,yellow,0,False,driver_roi,[]
2294,38.269,True,c5_radio,0.5453222393989563,0.5708,yellow,0,False,driver_roi,[]
2295,38.286,True,c5_radio,0.5453222393989563,0.5708,yellow,0,False,driver_roi,[]
2296,38.302,True,c5_radio,0.5862480401992798,0.5788,yellow,0,False,driver_roi,[]
2297,38.319,True,c5_radio,0.5862480401992798,0.5788,yellow,0,False,driver_roi,[]
2298,38.336,True,c5_radio,0.6254645586013794,0.5861,yellow,0,False,driver_roi,[]
2299,38.352,True,c5_radio,0.6254645586013794,0.5861,yellow,0,False,driver_roi,[]
2300,38.369,True,c5_radio,0.6601728200912476,0.5913,yellow,0,False,driver_roi,[]
2301,38.386,True,c5_radio,0.6601728200912476,0.5913,yellow,0,False,driver_roi,[]
2302,38.402,True,c5_radio,0.6918438673019409,0.5948,yellow,0,False,driver_roi,[]
2303,38.419,True,c5_radio,0.6918438673019409,0.5948,yellow,0,False,driver_roi,[]
2304,38.436,True,c5_radio,0.719989538192749,0.6167,yellow,1,False,driver_roi,[]
2305,38.452,True,c5_radio,0.719989538192749,0.6167,yellow,1,False,driver_roi,[]
2306,38.469,True,c5_radio,0.7411626577377319,0.6378,yellow,2,False,driver_roi,[]
2307,38.486,True,c5_radio,0.7411626577377319,0.6378,yellow,2,False,driver_roi,[]
2308,38.503,True,c5_radio,0.7437723875045776,0.6557,orange,3,False,driver_roi,[]
2309,38.519,True,c5_radio,0.7437723875045776,0.6557,orange,3,False,driver_roi,[]
2310,38.536,True,c5_radio,0.7488232254981995,0.6777,orange,4,False,driver_roi,[]
2311,38.553,True,c5_radio,0.7488232254981995,0.6777,orange,4,False,driver_roi,[]
2312,38.569,True,c5_radio,0.7414505481719971,0.6983,orange,5,False,driver_roi,[]
2313,38.586,True,c5_radio,0.7414505481719971,0.6983,orange,5,False,driver_roi,[]
2314,38.603,True,c5_radio,0.726840615272522,0.718,orange,6,False,driver_roi,[]
2315,38.619,True,c5_radio,0.726840615272522,0.718,orange,6,False,driver_roi,[]
2316,38.636,True,c5_radio,0.7012932300567627,0.7343,orange,7,False,driver_roi,[]
2317,38.653,True,c5_radio,0.7012932300567627,0.7343,orange,7,False,driver_roi,[]
2318,38.669,True,c5_radio,0.6712884306907654,0.7117,orange,6,False,driver_roi,[]
2319,38.686,True,c5_radio,0.6712884306907654,0.7117,orange,6,False,driver_roi,[]
2320,38.703,True,c5_radio,0.643198549747467,0.6871,orange,5,False,driver_roi,[]
2321,38.719,True,c5_radio,0.643198549747467,0.6871,orange,5,False,driver_roi,[]
2322,38.736,True,c5_radio,0.6159549951553345,0.6615,orange,4,False,driver_roi,[]
2323,38.753,True,c5_radio,0.6159549951553345,0.6615,orange,4,False,driver_roi,[]
2324,38.769,True,c5_radio,0.5827152729034424,0.6358,yellow,3,False,driver_roi,[]
2325,38.786,True,c5_radio,0.5827152729034424,0.6358,yellow,3,False,driver_roi,[]
2326,38.803,True,c5_radio,0.5449246764183044,0.6071,yellow,2,False,driver_roi,[]
2327,38.82,True,c5_radio,0.5449246764183044,0.6071,yellow,2,False,driver_roi,[]
2328,38.836,True,c5_radio,0.5080426335334778,0.5804,yellow,1,False,driver_roi,[]
2329,38.853,True,c5_radio,0.5080426335334778,0.5804,yellow,1,False,driver_roi,[]
2330,38.87,True,c5_radio,0.4698140025138855,0.5532,yellow,0,False,driver_roi,[]
2331,38.886,True,c5_radio,0.4698140025138855,0.5532,yellow,0,False,driver_roi,[]
2332,38.903,True,c5_radio,0.43199867010116577,0.546,yellow,0,False,driver_roi,[]
2333,38.92,True,c5_radio,0.43199867010116577,0.546,yellow,0,False,driver_roi,[]
2334,38.936,True,c5_radio,0.3944800794124603,0.5383,yellow,0,False,driver_roi,[]
2335,38.953,True,c5_radio,0.3944800794124603,0.5383,yellow,0,False,driver_roi,[]
2336,38.97,True,c9_talking,0.3591223955154419,0.5319,yellow,0,False,driver_roi,[]
2337,38.986,True,c9_talking,0.3591223955154419,0.5319,yellow,0,False,driver_roi,[]
2338,39.003,True,c9_talking,0.37426820397377014,0.5272,yellow,0,False,driver_roi,[]
2339,39.02,True,c9_talking,0.37426820397377014,0.5272,yellow,0,False,driver_roi,[]
2340,39.036,True,c9_talking,0.3971408009529114,0.5239,yellow,0,False,driver_roi,[]
2341,39.053,True,c9_talking,0.3971408009529114,0.5239,yellow,0,False,driver_roi,[]
2342,39.07,True,c9_talking,0.4169653058052063,0.5207,yellow,0,False,driver_roi,[]
2343,39.086,True,c9_talking,0.4169653058052063,0.5207,yellow,0,False,driver_roi,[]
2344,39.103,True,c9_talking,0.4386516511440277,0.5182,yellow,0,False,driver_roi,[]
2345,39.12,True,c9_talking,0.4386516511440277,0.5182,yellow,0,False,driver_roi,[]
2346,39.136,True,c9_talking,0.448087602853775,0.5165,yellow,0,False,driver_roi,[]
2347,39.153,True,c9_talking,0.448087602853775,0.5165,yellow,0,False,driver_roi,[]
2348,39.17,True,c9_talking,0.4461791515350342,0.5199,yellow,0,False,driver_roi,[]
2349,39.187,True,c9_talking,0.4461791515350342,0.5199,yellow,0,False,driver_roi,[]
2350,39.203,True,c9_talking,0.43758124113082886,0.5222,yellow,0,False,driver_roi,[]
2351,39.22,True,c9_talking,0.43758124113082886,0.5222,yellow,0,False,driver_roi,[]
2352,39.237,True,c9_talking,0.41321271657943726,0.5234,yellow,0,False,driver_roi,[]
2353,39.253,True,c9_talking,0.41321271657943726,0.5234,yellow,0,False,driver_roi,[]
2354,39.27,True,c9_talking,0.38418951630592346,0.5232,yellow,0,False,driver_roi,[]
2355,39.287,True,c9_talking,0.38418951630592346,0.5232,yellow,0,False,driver_roi,[]
2356,39.303,True,c9_talking,0.36201900243759155,0.5249,yellow,0,False,driver_roi,[]
2357,39.32,True,c9_talking,0.36201900243759155,0.5249,yellow,0,False,driver_roi,[]
2358,39.337,True,c9_talking,0.34442001581192017,0.5252,yellow,0,False,driver_roi,[]
2359,39.353,True,c9_talking,0.34442001581192017,0.5252,yellow,0,False,driver_roi,[]
2360,39.37,True,c5_radio,0.35424238443374634,0.5266,yellow,0,False,driver_roi,[]
2361,39.387,True,c5_radio,0.35424238443374634,0.5266,yellow,0,False,driver_roi,[]
2362,39.403,True,c5_radio,0.36519527435302734,0.5294,yellow,0,False,driver_roi,[]
2363,39.42,True,c5_radio,0.36519527435302734,0.5294,yellow,0,False,driver_roi,[]
2364,39.437,True,c5_radio,0.38257765769958496,0.5318,yellow,0,False,driver_roi,[]
2365,39.453,True,c5_radio,0.38257765769958496,0.5318,yellow,0,False,driver_roi,[]
2366,39.47,True,c5_radio,0.40551361441612244,0.5379,yellow,0,False,driver_roi,[]
2367,39.487,True,c5_radio,0.40551361441612244,0.5379,yellow,0,False,driver_roi,[]
2368,39.503,True,c5_radio,0.42417973279953003,0.5405,yellow,0,False,driver_roi,[]
2369,39.52,True,c5_radio,0.42417973279953003,0.5405,yellow,0,False,driver_roi,[]
2370,39.537,True,c5_radio,0.4498056471347809,0.5453,yellow,0,False,driver_roi,[]
2371,39.554,True,c5_radio,0.4498056471347809,0.5453,yellow,0,False,driver_roi,[]
2372,39.57,True,c5_radio,0.4729860723018646,0.5503,yellow,0,False,driver_roi,[]
2373,39.587,True,c5_radio,0.4729860723018646,0.5503,yellow,0,False,driver_roi,[]
2374,39.604,True,c5_radio,0.5015710592269897,0.5559,yellow,0,False,driver_roi,[]
2375,39.62,True,c5_radio,0.5015710592269897,0.5559,yellow,0,False,driver_roi,[]
2376,39.637,True,c5_radio,0.5298930406570435,0.5609,yellow,0,False,driver_roi,[]
2377,39.654,True,c5_radio,0.5298930406570435,0.5609,yellow,0,False,driver_roi,[]
2378,39.67,True,c5_radio,0.5523388385772705,0.5635,yellow,0,False,driver_roi,[]
2379,39.687,True,c5_radio,0.5523388385772705,0.5635,yellow,0,False,driver_roi,[]
2380,39.704,True,c5_radio,0.5734627842903137,0.5648,yellow,0,False,driver_roi,[]
2381,39.72,True,c5_radio,0.5734627842903137,0.5648,yellow,0,False,driver_roi,[]
2382,39.737,True,c5_radio,0.5931204557418823,0.5671,yellow,0,False,driver_roi,[]
2383,39.754,True,c5_radio,0.5931204557418823,0.5671,yellow,0,False,driver_roi,[]
2384,39.77,True,c5_radio,0.6108411550521851,0.5676,yellow,0,False,driver_roi,[]
2385,39.787,True,c5_radio,0.6108411550521851,0.5676,yellow,0,False,driver_roi,[]
2386,39.804,True,c5_radio,0.6122004389762878,0.5682,yellow,0,False,driver_roi,[]
2387,39.82,True,c5_radio,0.6122004389762878,0.5682,yellow,0,False,driver_roi,[]
2388,39.837,True,c5_radio,0.5972855091094971,0.5663,yellow,0,False,driver_roi,[]
2389,39.854,True,c5_radio,0.5972855091094971,0.5663,yellow,0,False,driver_roi,[]
2390,39.87,True,c5_radio,0.5719562768936157,0.5642,yellow,0,False,driver_roi,[]
2391,39.887,True,c5_radio,0.5719562768936157,0.5642,yellow,0,False,driver_roi,[]
2392,39.904,True,c5_radio,0.5435080528259277,0.562,yellow,0,False,driver_roi,[]
2393,39.921,True,c5_radio,0.5435080528259277,0.562,yellow,0,False,driver_roi,[]
2394,39.937,True,c5_radio,0.5139840841293335,0.5591,yellow,0,False,driver_roi,[]
2395,39.954,True,c5_radio,0.5139840841293335,0.5591,yellow,0,False,driver_roi,[]
2396,39.971,True,c5_radio,0.48402100801467896,0.5559,yellow,0,False,driver_roi,[]
2397,39.987,True,c5_radio,0.48402100801467896,0.5559,yellow,0,False,driver_roi,[]
2398,40.004,True,c5_radio,0.46071189641952515,0.5532,yellow,0,False,driver_roi,[]
2399,40.021,True,c5_radio,0.46071189641952515,0.5532,yellow,0,False,driver_roi,[]
2400,40.037,True,c5_radio,0.43808045983314514,0.5502,yellow,0,False,driver_roi,[]
2401,40.054,True,c5_radio,0.43808045983314514,0.5502,yellow,0,False,driver_roi,[]
2402,40.071,True,c5_radio,0.4226612448692322,0.5484,yellow,0,False,driver_roi,[]
2403,40.087,True,c5_radio,0.4226612448692322,0.5484,yellow,0,False,driver_roi,[]
2404,40.104,True,c5_radio,0.40662074089050293,0.5483,yellow,0,False,driver_roi,[]
2405,40.121,True,c5_radio,0.40662074089050293,0.5483,yellow,0,False,driver_roi,[]
2406,40.137,True,c5_radio,0.3922838270664215,0.5466,yellow,0,False,driver_roi,[]
2407,40.154,True,c5_radio,0.3922838270664215,0.5466,yellow,0,False,driver_roi,[]
2408,40.171,True,c5_radio,0.38814812898635864,0.5463,yellow,0,False,driver_roi,[]
2409,40.187,True,c5_radio,0.38814812898635864,0.5463,yellow,0,False,driver_roi,[]
2410,40.204,True,c5_radio,0.3795912265777588,0.5452,yellow,0,False,driver_roi,[]
2411,40.221,True,c5_radio,0.3795912265777588,0.5452,yellow,0,False,driver_roi,[]
2412,40.237,True,c5_radio,0.3821462094783783,0.5457,yellow,0,False,driver_roi,[]
2413,40.254,True,c5_radio,0.3821462094783783,0.5457,yellow,0,False,driver_roi,[]
2414,40.271,True,c9_talking,0.384225994348526,0.5449,yellow,0,False,driver_roi,[]
2415,40.288,True,c9_talking,0.384225994348526,0.5449,yellow,0,False,driver_roi,[]
2416,40.304,True,c9_talking,0.3830485939979553,0.5447,yellow,0,False,driver_roi,[]
2417,40.321,True,c9_talking,0.3830485939979553,0.5447,yellow,0,False,driver_roi,[]
2418,40.338,True,c9_talking,0.3791324496269226,0.5465,yellow,0,False,driver_roi,[]
2419,40.354,True,c9_talking,0.3791324496269226,0.5465,yellow,0,False,driver_roi,[]
2420,40.371,True,c5_radio,0.3851920962333679,0.5481,yellow,0,False,driver_roi,[]
2421,40.388,True,c5_radio,0.3851920962333679,0.5481,yellow,0,False,driver_roi,[]
2422,40.404,True,c5_radio,0.3948657810688019,0.5499,yellow,0,False,driver_roi,[]
2423,40.421,True,c5_radio,0.3948657810688019,0.5499,yellow,0,False,driver_roi,[]
2424,40.438,True,c5_radio,0.4085667133331299,0.5532,yellow,0,False,driver_roi,[]
2425,40.454,True,c5_radio,0.4085667133331299,0.5532,yellow,0,False,driver_roi,[]
2426,40.471,True,c5_radio,0.4222067892551422,0.5549,yellow,0,False,driver_roi,[]
2427,40.488,True,c5_radio,0.4222067892551422,0.5549,yellow,0,False,driver_roi,[]
2428,40.504,True,c5_radio,0.44360512495040894,0.5583,yellow,0,False,driver_roi,[]
2429,40.521,True,c5_radio,0.44360512495040894,0.5583,yellow,0,False,driver_roi,[]
2430,40.538,True,c5_radio,0.4693792462348938,0.5612,yellow,0,False,driver_roi,[]
2431,40.554,True,c5_radio,0.4693792462348938,0.5612,yellow,0,False,driver_roi,[]
2432,40.571,True,c5_radio,0.49642109870910645,0.5648,yellow,0,False,driver_roi,[]
2433,40.588,True,c5_radio,0.49642109870910645,0.5648,yellow,0,False,driver_roi,[]
2434,40.605,True,c5_radio,0.5241524577140808,0.5692,yellow,0,False,driver_roi,[]
2435,40.621,True,c5_radio,0.5241524577140808,0.5692,yellow,0,False,driver_roi,[]
2436,40.638,True,c5_radio,0.5527611970901489,0.5732,yellow,0,False,driver_roi,[]
2437,40.655,True,c5_radio,0.5527611970901489,0.5732,yellow,0,False,driver_roi,[]
2438,40.671,True,c5_radio,0.5842482447624207,0.5778,yellow,0,False,driver_roi,[]
2439,40.688,True,c5_radio,0.5842482447624207,0.5778,yellow,0,False,driver_roi,[]
2440,40.705,True,c5_radio,0.6144758462905884,0.5823,yellow,0,False,driver_roi,[]
2441,40.721,True,c5_radio,0.6144758462905884,0.5823,yellow,0,False,driver_roi,[]
2442,40.738,True,c5_radio,0.6443716287612915,0.5867,yellow,0,False,driver_roi,[]
2443,40.755,True,c5_radio,0.6443716287612915,0.5867,yellow,0,False,driver_roi,[]
2444,40.771,True,c5_radio,0.6678956747055054,0.588,yellow,0,False,driver_roi,[]
2445,40.788,True,c5_radio,0.6678956747055054,0.588,yellow,0,False,driver_roi,[]
2446,40.805,True,c5_radio,0.6801006197929382,0.5885,yellow,0,False,driver_roi,[]
2447,40.821,True,c5_radio,0.6801006197929382,0.5885,yellow,0,False,driver_roi,[]
2448,40.838,True,c5_radio,0.6754307746887207,0.5873,yellow,0,False,driver_roi,[]
2449,40.855,True,c5_radio,0.6754307746887207,0.5873,yellow,0,False,driver_roi,[]
2450,40.871,True,c5_radio,0.6673316955566406,0.583,yellow,0,False,driver_roi,[]
2451,40.888,True,c5_radio,0.6673316955566406,0.583,yellow,0,False,driver_roi,[]
2452,40.905,True,c5_radio,0.6485520601272583,0.5747,yellow,0,False,driver_roi,[]
2453,40.921,True,c5_radio,0.6485520601272583,0.5747,yellow,0,False,driver_roi,[]
2454,40.938,True,c5_radio,0.632411539554596,0.5723,yellow,0,False,driver_roi,[]
2455,40.955,True,c5_radio,0.632411539554596,0.5723,yellow,0,False,driver_roi,[]
2456,40.972,True,c5_radio,0.6114180088043213,0.5705,yellow,0,False,driver_roi,[]
2457,40.988,True,c5_radio,0.6114180088043213,0.5705,yellow,0,False,driver_roi,[]
2458,41.005,True,c5_radio,0.5867541432380676,0.5682,yellow,0,False,driver_roi,[]
2459,41.022,True,c5_radio,0.5867541432380676,0.5682,yellow,0,False,driver_roi,[]
2460,41.038,True,c5_radio,0.5586903691291809,0.5649,yellow,0,False,driver_roi,[]
2461,41.055,True,c5_radio,0.5586903691291809,0.5649,yellow,0,False,driver_roi,[]
2462,41.072,True,c5_radio,0.5224666595458984,0.5594,yellow,0,False,driver_roi,[]
2463,41.088,True,c5_radio,0.5224666595458984,0.5594,yellow,0,False,driver_roi,[]
2464,41.105,True,c5_radio,0.4873126447200775,0.5531,yellow,0,False,driver_roi,[]
2465,41.122,True,c5_radio,0.4873126447200775,0.5531,yellow,0,False,driver_roi,[]
2466,41.138,True,c5_radio,0.4574359953403473,0.5484,yellow,0,False,driver_roi,[]
2467,41.155,True,c5_radio,0.4574359953403473,0.5484,yellow,0,False,driver_roi,[]
2468,41.172,True,c5_radio,0.42718976736068726,0.5437,yellow,0,False,driver_roi,[]
2469,41.188,True,c5_radio,0.42718976736068726,0.5437,yellow,0,False,driver_roi,[]
2470,41.205,True,c5_radio,0.39868229627609253,0.5391,yellow,0,False,driver_roi,[]
2471,41.222,True,c5_radio,0.39868229627609253,0.5391,yellow,0,False,driver_roi,[]
2472,41.238,True,c5_radio,0.3690778613090515,0.5359,yellow,0,False,driver_roi,[]
2473,41.255,True,c5_radio,0.3690778613090515,0.5359,yellow,0,False,driver_roi,[]
2474,41.272,True,c9_talking,0.3794810175895691,0.5343,yellow,0,False,driver_roi,[]
2475,41.288,True,c9_talking,0.3794810175895691,0.5343,yellow,0,False,driver_roi,[]
2476,41.305,True,c9_talking,0.40245380997657776,0.5332,yellow,0,False,driver_roi,[]
2477,41.322,True,c9_talking,0.40245380997657776,0.5332,yellow,0,False,driver_roi,[]
2478,41.339,True,c9_talking,0.4303975999355316,0.533,yellow,0,False,driver_roi,[]
2479,41.355,True,c9_talking,0.4303975999355316,0.533,yellow,0,False,driver_roi,[]
2480,41.372,True,c9_talking,0.4520876407623291,0.5325,yellow,0,False,driver_roi,[]
2481,41.389,True,c9_talking,0.4520876407623291,0.5325,yellow,0,False,driver_roi,[]
2482,41.405,True,c9_talking,0.4682556092739105,0.5291,yellow,0,False,driver_roi,[]
2483,41.422,True,c9_talking,0.4682556092739105,0.5291,yellow,0,False,driver_roi,[]
2484,41.439,True,c9_talking,0.4750533103942871,0.5277,yellow,0,False,driver_roi,[]
2485,41.455,True,c9_talking,0.4750533103942871,0.5277,yellow,0,False,driver_roi,[]
2486,41.472,True,c9_talking,0.47359004616737366,0.5288,yellow,0,False,driver_roi,[]
2487,41.489,True,c9_talking,0.47359004616737366,0.5288,yellow,0,False,driver_roi,[]
2488,41.505,True,c9_talking,0.47700563073158264,0.531,yellow,0,False,driver_roi,[]
2489,41.522,True,c9_talking,0.47700563073158264,0.531,yellow,0,False,driver_roi,[]
2490,41.539,True,c9_talking,0.48336726427078247,0.5341,yellow,0,False,driver_roi,[]
2491,41.555,True,c9_talking,0.48336726427078247,0.5341,yellow,0,False,driver_roi,[]
2492,41.572,True,c9_talking,0.4887540340423584,0.5403,yellow,0,False,driver_roi,[]
2493,41.589,True,c9_talking,0.4887540340423584,0.5403,yellow,0,False,driver_roi,[]
2494,41.605,True,c9_talking,0.4783581793308258,0.5438,yellow,0,False,driver_roi,[]
2495,41.622,True,c9_talking,0.4783581793308258,0.5438,yellow,0,False,driver_roi,[]
2496,41.639,True,c9_talking,0.46471452713012695,0.5446,yellow,0,False,driver_roi,[]
2497,41.655,True,c9_talking,0.46471452713012695,0.5446,yellow,0,False,driver_roi,[]
2498,41.672,True,c9_talking,0.44620785117149353,0.5459,yellow,0,False,driver_roi,[]
2499,41.689,True,c9_talking,0.44620785117149353,0.5459,yellow,0,False,driver_roi,[]
2500,41.706,True,c9_talking,0.4251500070095062,0.5495,yellow,0,False,driver_roi,[]
2501,41.722,True,c9_talking,0.4251500070095062,0.5495,yellow,0,False,driver_roi,[]
2502,41.739,True,c9_talking,0.4083039164543152,0.5543,yellow,0,False,driver_roi,[]
2503,41.756,True,c9_talking,0.4083039164543152,0.5543,yellow,0,False,driver_roi,[]
2504,41.772,True,c5_radio,0.40626707673072815,0.56,yellow,0,False,driver_roi,[]
2505,41.789,True,c5_radio,0.40626707673072815,0.56,yellow,0,False,driver_roi,[]
2506,41.806,True,c5_radio,0.4384455680847168,0.565,yellow,0,False,driver_roi,[]
2507,41.822,True,c5_radio,0.4384455680847168,0.565,yellow,0,False,driver_roi,[]
2508,41.839,True,c5_radio,0.4674302041530609,0.5691,yellow,0,False,driver_roi,[]
2509,41.856,True,c5_radio,0.4674302041530609,0.5691,yellow,0,False,driver_roi,[]
2510,41.872,True,c5_radio,0.49500614404678345,0.5728,yellow,0,False,driver_roi,[]
2511,41.889,True,c5_radio,0.49500614404678345,0.5728,yellow,0,False,driver_roi,[]
2512,41.906,True,c5_radio,0.5259829759597778,0.5752,yellow,0,False,driver_roi,[]
2513,41.922,True,c5_radio,0.5259829759597778,0.5752,yellow,0,False,driver_roi,[]
2514,41.939,True,c5_radio,0.5645713210105896,0.5781,yellow,0,False,driver_roi,[]
2515,41.956,True,c5_radio,0.5645713210105896,0.5781,yellow,0,False,driver_roi,[]
2516,41.972,True,c5_radio,0.60277259349823,0.5809,yellow,0,False,driver_roi,[]
2517,41.989,True,c5_radio,0.60277259349823,0.5809,yellow,0,False,driver_roi,[]
2518,42.006,True,c5_radio,0.64079749584198,0.583,yellow,0,False,driver_roi,[]
2519,42.022,True,c5_radio,0.64079749584198,0.583,yellow,0,False,driver_roi,[]
2520,42.039,True,c5_radio,0.6734203696250916,0.5859,yellow,0,False,driver_roi,[]
2521,42.056,True,c5_radio,0.6734203696250916,0.5859,yellow,0,False,driver_roi,[]
2522,42.073,True,c5_radio,0.705130934715271,0.6105,yellow,1,False,driver_roi,[]
2523,42.089,True,c5_radio,0.705130934715271,0.6105,yellow,1,False,driver_roi,[]
2524,42.106,True,c5_radio,0.7273456454277039,0.6347,yellow,2,False,driver_roi,[]
2525,42.123,True,c5_radio,0.7273456454277039,0.6347,yellow,2,False,driver_roi,[]
2526,42.139,True,c5_radio,0.7364480495452881,0.6573,orange,3,False,driver_roi,[]
2527,42.156,True,c5_radio,0.7364480495452881,0.6573,orange,3,False,driver_roi,[]
2528,42.173,True,c5_radio,0.7539888620376587,0.6803,orange,4,False,driver_roi,[]
2529,42.189,True,c5_radio,0.7539888620376587,0.6803,orange,4,False,driver_roi,[]
2530,42.206,True,c5_radio,0.7739889025688171,0.7041,orange,5,False,driver_roi,[]
2531,42.223,True,c5_radio,0.7739889025688171,0.7041,orange,5,False,driver_roi,[]
2532,42.239,True,c5_radio,0.7845914959907532,0.725,orange,6,False,driver_roi,[]
2533,42.256,True,c5_radio,0.7845914959907532,0.725,orange,6,False,driver_roi,[]
2534,42.273,True,c5_radio,0.7822443246841431,0.7442,orange,7,False,driver_roi,[]
2535,42.289,True,c5_radio,0.7822443246841431,0.7442,orange,7,False,driver_roi,[]
2536,42.306,True,c5_radio,0.7707605957984924,0.7616,orange,8,False,driver_roi,[]
2537,42.323,True,c5_radio,0.7707605957984924,0.7616,orange,8,False,driver_roi,[]
2538,42.339,True,c5_radio,0.7492192387580872,0.7793,orange,9,False,driver_roi,[]
2539,42.356,True,c5_radio,0.7492192387580872,0.7793,orange,9,False,driver_roi,[]
2540,42.373,True,c5_radio,0.7240320444107056,0.7978,orange,10,False,driver_roi,[]
2541,42.389,True,c5_radio,0.7240320444107056,0.7978,orange,10,False,driver_roi,[]
2542,42.406,True,c5_radio,0.7096406817436218,0.8174,orange,11,False,driver_roi,[]
2543,42.423,True,c5_radio,0.7096406817436218,0.8174,orange,11,False,driver_roi,[]
2544,42.44,True,c5_radio,0.6882386207580566,0.7974,orange,10,False,driver_roi,[]
2545,42.456,True,c5_radio,0.6882386207580566,0.7974,orange,10,False,driver_roi,[]
2546,42.473,True,c5_radio,0.6646711826324463,0.778,orange,9,False,driver_roi,[]
2547,42.49,True,c5_radio,0.6646711826324463,0.778,orange,9,False,driver_roi,[]
2548,42.506,True,c5_radio,0.642069935798645,0.7586,orange,8,False,driver_roi,[]
2549,42.523,True,c5_radio,0.642069935798645,0.7586,orange,8,False,driver_roi,[]
2550,42.54,True,c5_radio,0.617551326751709,0.7396,orange,7,False,driver_roi,[]
2551,42.556,True,c5_radio,0.617551326751709,0.7396,orange,7,False,driver_roi,[]
2552,42.573,True,c5_radio,0.592057466506958,0.7208,orange,6,False,driver_roi,[]
2553,42.59,True,c5_radio,0.592057466506958,0.7208,orange,6,False,driver_roi,[]
2554,42.606,True,c5_radio,0.5607155561447144,0.6998,orange,5,False,driver_roi,[]
2555,42.623,True,c5_radio,0.5607155561447144,0.6998,orange,5,False,driver_roi,[]
2556,42.64,True,c5_radio,0.5372938513755798,0.678,orange,4,False,driver_roi,[]
2557,42.656,True,c5_radio,0.5372938513755798,0.678,orange,4,False,driver_roi,[]
2558,42.673,True,c5_radio,0.514072597026825,0.6559,orange,3,False,driver_roi,[]
2559,42.69,True,c5_radio,0.514072597026825,0.6559,orange,3,False,driver_roi,[]
2560,42.706,True,c5_radio,0.4930729269981384,0.6321,yellow,2,False,driver_roi,[]
2561,42.723,True,c5_radio,0.4930729269981384,0.6321,yellow,2,False,driver_roi,[]
2562,42.74,True,c5_radio,0.4747380316257477,0.6097,yellow,1,False,driver_roi,[]
2563,42.757,True,c5_radio,0.4747380316257477,0.6097,yellow,1,False,driver_roi,[]
2564,42.773,True,c5_radio,0.45363950729370117,0.5871,yellow,0,False,driver_roi,[]
2565,42.79,True,c5_radio,0.45363950729370117,0.5871,yellow,0,False,driver_roi,[]
2566,42.807,True,c5_radio,0.44305580854415894,0.5862,yellow,0,False,driver_roi,[]
2567,42.823,True,c5_radio,0.44305580854415894,0.5862,yellow,0,False,driver_roi,[]
2568,42.84,True,c5_radio,0.4425733685493469,0.5866,yellow,0,False,driver_roi,[]
2569,42.857,True,c5_radio,0.4425733685493469,0.5866,yellow,0,False,driver_roi,[]
2570,42.873,True,c5_radio,0.44536614418029785,0.5879,yellow,0,False,driver_roi,[]
2571,42.89,True,c5_radio,0.44536614418029785,0.5879,yellow,0,False,driver_roi,[]
2572,42.907,True,c5_radio,0.4534704089164734,0.5903,yellow,0,False,driver_roi,[]
2573,42.923,True,c5_radio,0.4534704089164734,0.5903,yellow,0,False,driver_roi,[]
2574,42.94,True,c5_radio,0.4664061665534973,0.5929,yellow,0,False,driver_roi,[]
2575,42.957,True,c5_radio,0.4664061665534973,0.5929,yellow,0,False,driver_roi,[]
2576,42.973,True,c5_radio,0.490567147731781,0.5979,yellow,0,False,driver_roi,[]
2577,42.99,True,c5_radio,0.490567147731781,0.5979,yellow,0,False,driver_roi,[]
2578,43.007,True,c5_radio,0.5168710350990295,0.6014,yellow,0,False,driver_roi,[]
2579,43.023,True,c5_radio,0.5168710350990295,0.6014,yellow,0,False,driver_roi,[]
2580,43.04,True,c5_radio,0.5456080436706543,0.6035,yellow,0,False,driver_roi,[]
2581,43.057,True,c5_radio,0.5456080436706543,0.6035,yellow,0,False,driver_roi,[]
2582,43.073,True,c5_radio,0.5701552629470825,0.6048,yellow,0,False,driver_roi,[]
2583,43.09,True,c5_radio,0.5701552629470825,0.6048,yellow,0,False,driver_roi,[]
2584,43.107,True,c5_radio,0.599639356136322,0.6062,yellow,0,False,driver_roi,[]
2585,43.124,True,c5_radio,0.599639356136322,0.6062,yellow,0,False,driver_roi,[]
2586,43.14,True,c5_radio,0.6302174925804138,0.6076,yellow,0,False,driver_roi,[]
2587,43.157,True,c5_radio,0.6302174925804138,0.6076,yellow,0,False,driver_roi,[]
2588,43.174,True,c5_radio,0.6615182161331177,0.609,yellow,0,False,driver_roi,[]
2589,43.19,True,c5_radio,0.6615182161331177,0.609,yellow,0,False,driver_roi,[]
2590,43.207,True,c5_radio,0.6890593767166138,0.6084,yellow,0,False,driver_roi,[]
2591,43.224,True,c5_radio,0.6890593767166138,0.6084,yellow,0,False,driver_roi,[]
2592,43.24,True,c5_radio,0.7003539800643921,0.6237,yellow,1,False,driver_roi,[]
2593,43.257,True,c5_radio,0.7003539800643921,0.6237,yellow,1,False,driver_roi,[]
2594,43.274,True,c5_radio,0.701775848865509,0.639,yellow,2,False,driver_roi,[]
2595,43.29,True,c5_radio,0.701775848865509,0.639,yellow,2,False,driver_roi,[]
2596,43.307,True,c5_radio,0.6891965270042419,0.6168,yellow,1,False,driver_roi,[]
2597,43.324,True,c5_radio,0.6891965270042419,0.6168,yellow,1,False,driver_roi,[]
2598,43.34,True,c5_radio,0.6753454208374023,0.5946,yellow,0,False,driver_roi,[]
2599,43.357,True,c5_radio,0.6753454208374023,0.5946,yellow,0,False,driver_roi,[]
2600,43.374,True,c5_radio,0.6593520641326904,0.5927,yellow,0,False,driver_roi,[]
2601,43.39,True,c5_radio,0.6593520641326904,0.5927,yellow,0,False,driver_roi,[]
2602,43.407,True,c5_radio,0.6364188194274902,0.5877,yellow,0,False,driver_roi,[]
2603,43.424,True,c5_radio,0.6364188194274902,0.5877,yellow,0,False,driver_roi,[]
2604,43.44,True,c5_radio,0.619453489780426,0.5838,yellow,0,False,driver_roi,[]
2605,43.457,True,c5_radio,0.619453489780426,0.5838,yellow,0,False,driver_roi,[]
2606,43.474,True,c5_radio,0.5937135219573975,0.5774,yellow,0,False,driver_roi,[]
2607,43.491,True,c5_radio,0.5937135219573975,0.5774,yellow,0,False,driver_roi,[]
2608,43.507,True,c5_radio,0.5552559494972229,0.5698,yellow,0,False,driver_roi,[]
2609,43.524,True,c5_radio,0.5552559494972229,0.5698,yellow,0,False,driver_roi,[]
2610,43.541,True,c5_radio,0.5205699801445007,0.5622,yellow,0,False,driver_roi,[]
2611,43.557,True,c5_radio,0.5205699801445007,0.5622,yellow,0,False,driver_roi,[]
2612,43.574,True,c5_radio,0.49119123816490173,0.5593,yellow,0,False,driver_roi,[]
2613,43.591,True,c5_radio,0.49119123816490173,0.5593,yellow,0,False,driver_roi,[]
2614,43.607,True,c5_radio,0.4501575529575348,0.5572,yellow,0,False,driver_roi,[]
2615,43.624,True,c5_radio,0.4501575529575348,0.5572,yellow,0,False,driver_roi,[]
2616,43.641,True,c5_radio,0.40497714281082153,0.5574,yellow,0,False,driver_roi,[]
2617,43.657,True,c5_radio,0.40497714281082153,0.5574,yellow,0,False,driver_roi,[]
2618,43.674,True,c5_radio,0.36453118920326233,0.5575,yellow,0,False,driver_roi,[]
2619,43.691,True,c5_radio,0.36453118920326233,0.5575,yellow,0,False,driver_roi,[]
2620,43.707,True,c5_radio,0.3225499093532562,0.5576,yellow,0,False,driver_roi,[]
2621,43.724,True,c5_radio,0.3225499093532562,0.5576,yellow,0,False,driver_roi,[]
2622,43.741,True,c3_texting_left,0.34088191390037537,0.5575,yellow,0,False,driver_roi,[]
2623,43.757,True,c3_texting_left,0.34088191390037537,0.5575,yellow,0,False,driver_roi,[]
2624,43.774,True,c3_texting_left,0.37903910875320435,0.557,yellow,0,False,driver_roi,[]
2625,43.791,True,c3_texting_left,0.37903910875320435,0.557,yellow,0,False,driver_roi,[]
2626,43.807,True,c3_texting_left,0.40461310744285583,0.5529,yellow,0,False,driver_roi,[]
2627,43.824,True,c3_texting_left,0.40461310744285583,0.5529,yellow,0,False,driver_roi,[]
2628,43.841,True,c3_texting_left,0.42055025696754456,0.5479,yellow,0,False,driver_roi,[]
2629,43.858,True,c3_texting_left,0.42055025696754456,0.5479,yellow,0,False,driver_roi,[]
2630,43.874,True,c3_texting_left,0.42802104353904724,0.5452,yellow,0,False,driver_roi,[]
2631,43.891,True,c3_texting_left,0.42802104353904724,0.5452,yellow,0,False,driver_roi,[]
2632,43.908,True,c3_texting_left,0.4350152611732483,0.5475,yellow,0,False,driver_roi,[]
2633,43.924,True,c3_texting_left,0.4350152611732483,0.5475,yellow,0,False,driver_roi,[]
2634,43.941,True,c3_texting_left,0.4408322870731354,0.5516,yellow,0,False,driver_roi,[]
2635,43.958,True,c3_texting_left,0.4408322870731354,0.5516,yellow,0,False,driver_roi,[]
2636,43.974,True,c3_texting_left,0.4475793242454529,0.5558,yellow,0,False,driver_roi,[]
2637,43.991,True,c3_texting_left,0.4475793242454529,0.5558,yellow,0,False,driver_roi,[]
2638,44.008,True,c3_texting_left,0.44848117232322693,0.5611,yellow,0,False,driver_roi,[]
2639,44.024,True,c3_texting_left,0.44848117232322693,0.5611,yellow,0,False,driver_roi,[]
2640,44.041,True,c3_texting_left,0.4429306089878082,0.5678,yellow,0,False,driver_roi,[]
2641,44.058,True,c3_texting_left,0.4429306089878082,0.5678,yellow,0,False,driver_roi,[]
2642,44.074,True,c3_texting_left,0.43422001600265503,0.5762,yellow,0,False,driver_roi,[]
2643,44.091,True,c3_texting_left,0.43422001600265503,0.5762,yellow,0,False,driver_roi,[]
2644,44.108,True,c3_texting_left,0.42488279938697815,0.584,yellow,0,False,driver_roi,[]
2645,44.124,True,c3_texting_left,0.42488279938697815,0.584,yellow,0,False,driver_roi,[]
2646,44.141,True,c3_texting_left,0.4134254455566406,0.5926,yellow,0,False,driver_roi,[]
2647,44.158,True,c3_texting_left,0.4134254455566406,0.5926,yellow,0,False,driver_roi,[]
2648,44.174,True,c5_radio,0.44815197587013245,0.601,yellow,0,False,driver_roi,[]
2649,44.191,True,c5_radio,0.44815197587013245,0.601,yellow,0,False,driver_roi,[]
2650,44.208,True,c5_radio,0.4910290837287903,0.6097,yellow,0,False,driver_roi,[]
2651,44.225,True,c5_radio,0.4910290837287903,0.6097,yellow,0,False,driver_roi,[]
2652,44.241,True,c5_radio,0.5298045873641968,0.6138,yellow,0,False,driver_roi,[]
2653,44.258,True,c5_radio,0.5298045873641968,0.6138,yellow,0,False,driver_roi,[]
2654,44.275,True,c5_radio,0.5748944282531738,0.6166,yellow,0,False,driver_roi,[]
2655,44.291,True,c5_radio,0.5748944282531738,0.6166,yellow,0,False,driver_roi,[]
2656,44.308,True,c5_radio,0.6238026022911072,0.617,yellow,0,False,driver_roi,[]
2657,44.325,True,c5_radio,0.6238026022911072,0.617,yellow,0,False,driver_roi,[]
2658,44.341,True,c5_radio,0.670842707157135,0.6178,yellow,0,False,driver_roi,[]
2659,44.358,True,c5_radio,0.670842707157135,0.6178,yellow,0,False,driver_roi,[]
2660,44.375,True,c5_radio,0.7176698446273804,0.6379,yellow,1,False,driver_roi,[]
2661,44.391,True,c5_radio,0.7176698446273804,0.6379,yellow,1,False,driver_roi,[]
2662,44.408,True,c5_radio,0.7631038427352905,0.6581,orange,2,False,driver_roi,[]
2663,44.425,True,c5_radio,0.7631038427352905,0.6581,orange,2,False,driver_roi,[]
2664,44.441,True,c5_radio,0.8054311871528625,0.6788,orange,3,False,driver_roi,[]
2665,44.458,True,c5_radio,0.8054311871528625,0.6788,orange,3,False,driver_roi,[]
2666,44.475,True,c5_radio,0.840615451335907,0.7026,orange,4,False,driver_roi,[]
2667,44.491,True,c5_radio,0.840615451335907,0.7026,orange,4,False,driver_roi,[]
2668,44.508,True,c5_radio,0.8686790466308594,0.7275,orange,5,False,driver_roi,[]
2669,44.525,True,c5_radio,0.8686790466308594,0.7275,orange,5,False,driver_roi,[]
2670,44.542,True,c5_radio,0.891553521156311,0.7522,orange,6,False,driver_roi,[]
2671,44.558,True,c5_radio,0.891553521156311,0.7522,orange,6,False,driver_roi,[]
2672,44.575,True,c5_radio,0.9080235362052917,0.7751,orange,7,False,driver_roi,[]
2673,44.592,True,c5_radio,0.9080235362052917,0.7751,orange,7,False,driver_roi,[]
2674,44.608,True,c5_radio,0.9206016659736633,0.7966,orange,8,False,driver_roi,[]
2675,44.625,True,c5_radio,0.9206016659736633,0.7966,orange,8,False,driver_roi,[]
2676,44.642,True,c5_radio,0.9338045120239258,0.8169,orange,9,False,driver_roi,[]
2677,44.658,True,c5_radio,0.9338045120239258,0.8169,orange,9,False,driver_roi,[]
2678,44.675,True,c5_radio,0.9383767247200012,0.8367,orange,10,False,driver_roi,[]
2679,44.692,True,c5_radio,0.9383767247200012,0.8367,orange,10,False,driver_roi,[]
2680,44.708,True,c5_radio,0.9326978921890259,0.8559,red,11,False,driver_roi,[]
2681,44.725,True,c5_radio,0.9326978921890259,0.8559,red,11,False,driver_roi,[]
2682,44.742,True,c5_radio,0.9201071858406067,0.8739,red,12,False,driver_roi,[]
2683,44.758,True,c5_radio,0.9201071858406067,0.8739,red,12,False,driver_roi,[]
2684,44.775,True,c5_radio,0.9061657786369324,0.8913,red,13,False,driver_roi,[]
2685,44.792,True,c5_radio,0.9061657786369324,0.8913,red,13,False,driver_roi,[]
2686,44.808,True,c5_radio,0.8941326141357422,0.909,red,14,False,driver_roi,[]
2687,44.825,True,c5_radio,0.8941326141357422,0.909,red,14,False,driver_roi,[]
2688,44.842,True,c5_radio,0.883978545665741,0.9267,red,15,False,driver_roi,[]
2689,44.858,True,c5_radio,0.883978545665741,0.9267,red,15,False,driver_roi,[]
2690,44.875,True,c5_radio,0.8769246339797974,0.9446,red,16,False,driver_roi,[]
2691,44.892,True,c5_radio,0.8769246339797974,0.9446,red,16,False,driver_roi,[]
2692,44.909,True,c5_radio,0.8690093755722046,0.9625,red,17,False,driver_roi,[]
2693,44.925,True,c5_radio,0.8690093755722046,0.9625,red,17,False,driver_roi,[]
2694,44.942,True,c5_radio,0.860356330871582,0.9798,red,18,True,driver_roi,[]
2695,44.959,True,c5_radio,0.860356330871582,0.9798,red,18,True,driver_roi,[]
2696,44.975,True,c5_radio,0.8515387773513794,0.9775,red,19,True,driver_roi,[]
2697,44.992,True,c5_radio,0.8515387773513794,0.9775,red,19,True,driver_roi,[]
2698,45.009,True,c5_radio,0.8460837602615356,0.9761,red,20,True,driver_roi,[]
2699,45.025,True,c5_radio,0.8460837602615356,0.9761,red,20,True,driver_roi,[]
2700,45.042,True,c5_radio,0.8380267024040222,0.9735,red,21,True,driver_roi,[]
2701,45.059,True,c5_radio,0.8380267024040222,0.9735,red,21,True,driver_roi,[]
2702,45.075,True,c5_radio,0.8323074579238892,0.9716,red,22,True,driver_roi,[]
2703,45.092,True,c5_radio,0.8323074579238892,0.9716,red,22,True,driver_roi,[]
2704,45.109,True,c5_radio,0.8206526637077332,0.9686,red,23,True,driver_roi,[]
2705,45.125,True,c5_radio,0.8206526637077332,0.9686,red,23,True,driver_roi,[]
2706,45.142,True,c5_radio,0.8050891757011414,0.9645,red,24,True,driver_roi,[]
2707,45.159,True,c5_radio,0.8050891757011414,0.9645,red,24,True,driver_roi,[]
2708,45.175,True,c5_radio,0.7871991991996765,0.9602,red,25,True,driver_roi,[]
2709,45.192,True,c5_radio,0.7871991991996765,0.9602,red,25,True,driver_roi,[]
2710,45.209,True,c5_radio,0.7641983032226562,0.9549,red,26,True,driver_roi,[]
2711,45.225,True,c5_radio,0.7641983032226562,0.9549,red,26,True,driver_roi,[]
2712,45.242,True,c5_radio,0.743865430355072,0.9494,red,27,True,driver_roi,[]
2713,45.259,True,c5_radio,0.743865430355072,0.9494,red,27,True,driver_roi,[]
2714,45.276,True,c5_radio,0.727109968662262,0.9457,red,28,True,driver_roi,[]
2715,45.292,True,c5_radio,0.727109968662262,0.9457,red,28,True,driver_roi,[]
2716,45.309,True,c5_radio,0.715518593788147,0.942,red,29,True,driver_roi,[]
2717,45.326,True,c5_radio,0.715518593788147,0.942,red,29,True,driver_roi,[]
2718,45.342,True,c5_radio,0.697161853313446,0.9371,red,28,True,driver_roi,[]
2719,45.359,True,c5_radio,0.697161853313446,0.9371,red,28,True,driver_roi,[]
2720,45.376,True,c5_radio,0.679280698299408,0.9323,red,27,True,driver_roi,[]
2721,45.392,True,c5_radio,0.679280698299408,0.9323,red,27,True,driver_roi,[]
2722,45.409,True,c5_radio,0.6630493402481079,0.927,red,26,True,driver_roi,[]
2723,45.426,True,c5_radio,0.6630493402481079,0.927,red,26,True,driver_roi,[]
2724,45.442,True,c5_radio,0.647719144821167,0.9224,red,25,True,driver_roi,[]
2725,45.459,True,c5_radio,0.647719144821167,0.9224,red,25,True,driver_roi,[]
2726,45.476,True,c5_radio,0.626994252204895,0.9182,red,24,True,driver_roi,[]
2727,45.492,True,c5_radio,0.626994252204895,0.9182,red,24,True,driver_roi,[]
2728,45.509,True,c5_radio,0.6011145114898682,0.9126,red,23,True,driver_roi,[]
2729,45.526,True,c5_radio,0.6011145114898682,0.9126,red,23,True,driver_roi,[]
2730,45.542,True,c5_radio,0.5761005282402039,0.9088,red,22,True,driver_roi,[]
2731,45.559,True,c5_radio,0.5761005282402039,0.9088,red,22,True,driver_roi,[]
2732,45.576,True,c5_radio,0.5527557134628296,0.9046,red,21,True,driver_roi,[]
2733,45.592,True,c5_radio,0.5527557134628296,0.9046,red,21,True,driver_roi,[]
2734,45.609,True,c5_radio,0.5271333456039429,0.9014,red,20,True,driver_roi,[]
2735,45.626,True,c5_radio,0.5271333456039429,0.9014,red,20,True,driver_roi,[]
2736,45.643,True,c5_radio,0.5074734687805176,0.8995,red,19,True,driver_roi,[]
2737,45.659,True,c5_radio,0.5074734687805176,0.8995,red,19,True,driver_roi,[]
2738,45.676,True,c5_radio,0.4889500141143799,0.8968,red,18,True,driver_roi,[]
2739,45.693,True,c5_radio,0.4889500141143799,0.8968,red,18,True,driver_roi,[]
2740,45.709,True,c5_radio,0.47448867559432983,0.8764,red,17,False,driver_roi,[]
2741,45.726,True,c5_radio,0.47448867559432983,0.8764,red,17,False,driver_roi,[]
2742,45.743,True,c5_radio,0.4639210104942322,0.856,red,16,False,driver_roi,[]
2743,45.759,True,c5_radio,0.4639210104942322,0.856,red,16,False,driver_roi,[]
2744,45.776,True,c5_radio,0.46263259649276733,0.8378,orange,15,False,driver_roi,[]
2745,45.793,True,c5_radio,0.46263259649276733,0.8378,orange,15,False,driver_roi,[]
2746,45.809,True,c5_radio,0.4698651432991028,0.8214,orange,14,False,driver_roi,[]
2747,45.826,True,c5_radio,0.4698651432991028,0.8214,orange,14,False,driver_roi,[]
2748,45.843,True,c5_radio,0.4824897348880768,0.8058,orange,13,False,driver_roi,[]
2749,45.859,True,c5_radio,0.4824897348880768,0.8058,orange,13,False,driver_roi,[]
2750,45.876,True,c5_radio,0.49868136644363403,0.791,orange,12,False,driver_roi,[]
2751,45.893,True,c5_radio,0.49868136644363403,0.791,orange,12,False,driver_roi,[]
2752,45.909,True,c5_radio,0.5160531997680664,0.7767,orange,11,False,driver_roi,[]
2753,45.926,True,c5_radio,0.5160531997680664,0.7767,orange,11,False,driver_roi,[]
2754,45.943,True,c5_radio,0.5347226858139038,0.761,orange,10,False,driver_roi,[]
2755,45.959,True,c5_radio,0.5347226858139038,0.761,orange,10,False,driver_roi,[]
2756,45.976,True,c5_radio,0.5542575716972351,0.746,orange,9,False,driver_roi,[]
2757,45.993,True,c5_radio,0.5542575716972351,0.746,orange,9,False,driver_roi,[]
2758,46.01,True,c5_radio,0.5783270597457886,0.7321,orange,8,False,driver_roi,[]
2759,46.026,True,c5_radio,0.5783270597457886,0.7321,orange,8,False,driver_roi,[]
2760,46.043,True,c5_radio,0.6048445105552673,0.7182,orange,7,False,driver_roi,[]
2761,46.06,True,c5_radio,0.6048445105552673,0.7182,orange,7,False,driver_roi,[]
2762,46.076,True,c5_radio,0.6352287530899048,0.7058,orange,6,False,driver_roi,[]
2763,46.093,True,c5_radio,0.6352287530899048,0.7058,orange,6,False,driver_roi,[]
2764,46.11,True,c5_radio,0.6644806265830994,0.693,orange,5,False,driver_roi,[]
2765,46.126,True,c5_radio,0.6644806265830994,0.693,orange,5,False,driver_roi,[]
2766,46.143,True,c5_radio,0.6971136927604675,0.6795,orange,4,False,driver_roi,[]
2767,46.16,True,c5_radio,0.6971136927604675,0.6795,orange,4,False,driver_roi,[]
2768,46.176,True,c5_radio,0.732545018196106,0.7061,orange,5,False,driver_roi,[]
2769,46.193,True,c5_radio,0.732545018196106,0.7061,orange,5,False,driver_roi,[]
2770,46.21,True,c5_radio,0.7632910013198853,0.7307,orange,6,False,driver_roi,[]
2771,46.226,True,c5_radio,0.7632910013198853,0.7307,orange,6,False,driver_roi,[]
2772,46.243,True,c5_radio,0.7938194274902344,0.7558,orange,7,False,driver_roi,[]
2773,46.26,True,c5_radio,0.7938194274902344,0.7558,orange,7,False,driver_roi,[]
2774,46.276,True,c5_radio,0.8274894952774048,0.7804,orange,8,False,driver_roi,[]
2775,46.293,True,c5_radio,0.8274894952774048,0.7804,orange,8,False,driver_roi,[]
2776,46.31,True,c5_radio,0.854483425617218,0.8037,orange,9,False,driver_roi,[]
2777,46.327,True,c5_radio,0.854483425617218,0.8037,orange,9,False,driver_roi,[]
2778,46.343,True,c5_radio,0.8786836862564087,0.8273,orange,10,False,driver_roi,[]
2779,46.36,True,c5_radio,0.8786836862564087,0.8273,orange,10,False,driver_roi,[]
2780,46.377,True,c5_radio,0.9010492563247681,0.8502,red,11,False,driver_roi,[]
2781,46.393,True,c5_radio,0.9010492563247681,0.8502,red,11,False,driver_roi,[]
2782,46.41,True,c5_radio,0.9175065755844116,0.8723,red,12,False,driver_roi,[]
2783,46.427,True,c5_radio,0.9175065755844116,0.8723,red,12,False,driver_roi,[]
2784,46.443,True,c5_radio,0.9302836656570435,0.8935,red,13,False,driver_roi,[]
2785,46.46,True,c5_radio,0.9302836656570435,0.8935,red,13,False,driver_roi,[]
2786,46.477,True,c5_radio,0.9395149946212769,0.9142,red,14,False,driver_roi,[]
2787,46.493,True,c5_radio,0.9395149946212769,0.9142,red,14,False,driver_roi,[]
2788,46.51,True,c5_radio,0.9466131329536438,0.9343,red,15,False,driver_roi,[]
2789,46.527,True,c5_radio,0.9466131329536438,0.9343,red,15,False,driver_roi,[]
2790,46.543,True,c5_radio,0.9533756971359253,0.9545,red,16,False,driver_roi,[]
2791,46.56,True,c5_radio,0.9533756971359253,0.9545,red,16,False,driver_roi,[]
2792,46.577,True,c5_radio,0.9585328102111816,0.9745,red,17,False,driver_roi,[]
2793,46.593,True,c5_radio,0.9585328102111816,0.9745,red,17,False,driver_roi,[]
2794,46.61,True,c5_radio,0.9575210809707642,0.9937,red,18,True,driver_roi,[]
2795,46.627,True,c5_radio,0.9575210809707642,0.9937,red,18,True,driver_roi,[]
2796,46.643,True,c5_radio,0.9545445442199707,0.9928,red,19,True,driver_roi,[]
2797,46.66,True,c5_radio,0.9545445442199707,0.9928,red,19,True,driver_roi,[]
2798,46.677,True,c5_radio,0.9475405812263489,0.991,red,20,True,driver_roi,[]
2799,46.694,True,c5_radio,0.9475405812263489,0.991,red,20,True,driver_roi,[]
2800,46.71,True,c5_radio,0.9399747848510742,0.989,red,21,True,driver_roi,[]
2801,46.727,True,c5_radio,0.9399747848510742,0.989,red,21,True,driver_roi,[]
2802,46.744,True,c5_radio,0.9334192276000977,0.9878,red,22,True,driver_roi,[]
2803,46.76,True,c5_radio,0.9334192276000977,0.9878,red,22,True,driver_roi,[]
2804,46.777,True,c5_radio,0.9235172271728516,0.9862,red,23,True,driver_roi,[]
2805,46.794,True,c5_radio,0.9235172271728516,0.9862,red,23,True,driver_roi,[]
2806,46.81,True,c5_radio,0.9115290641784668,0.9842,red,24,True,driver_roi,[]
2807,46.827,True,c5_radio,0.9115290641784668,0.9842,red,24,True,driver_roi,[]
2808,46.844,True,c5_radio,0.8995822668075562,0.9818,red,25,True,driver_roi,[]
2809,46.86,True,c5_radio,0.8995822668075562,0.9818,red,25,True,driver_roi,[]
2810,46.877,True,c5_radio,0.8855544924736023,0.9798,red,26,True,driver_roi,[]
2811,46.894,True,c5_radio,0.8855544924736023,0.9798,red,26,True,driver_roi,[]
2812,46.91,True,c5_radio,0.8730518221855164,0.9769,red,27,True,driver_roi,[]
2813,46.927,True,c5_radio,0.8730518221855164,0.9769,red,27,True,driver_roi,[]
2814,46.944,True,c5_radio,0.8587363958358765,0.9738,red,28,True,driver_roi,[]
2815,46.96,True,c5_radio,0.8587363958358765,0.9738,red,28,True,driver_roi,[]
2816,46.977,True,c5_radio,0.8473140597343445,0.9709,red,29,True,driver_roi,[]
2817,46.994,True,c5_radio,0.8473140597343445,0.9709,red,29,True,driver_roi,[]
2818,47.01,True,c5_radio,0.8351612091064453,0.9678,red,30,True,driver_roi,[]
2819,47.027,True,c5_radio,0.8351612091064453,0.9678,red,30,True,driver_roi,[]
2820,47.044,True,c5_radio,0.8245660662651062,0.9651,red,31,True,driver_roi,[]
2821,47.061,True,c5_radio,0.8245660662651062,0.9651,red,31,True,driver_roi,[]
2822,47.077,True,c5_radio,0.8108050227165222,0.9607,red,32,True,driver_roi,[]
2823,47.094,True,c5_radio,0.8108050227165222,0.9607,red,32,True,driver_roi,[]
2824,47.111,True,c5_radio,0.7900635004043579,0.9547,red,33,True,driver_roi,[]
2825,47.127,True,c5_radio,0.7900635004043579,0.9547,red,33,True,driver_roi,[]
2826,47.144,True,c5_radio,0.7681745290756226,0.9483,red,34,True,driver_roi,[]
2827,47.161,True,c5_radio,0.7681745290756226,0.9483,red,34,True,driver_roi,[]
2828,47.177,True,c5_radio,0.7497378587722778,0.9438,red,35,True,driver_roi,[]
2829,47.194,True,c5_radio,0.7497378587722778,0.9438,red,35,True,driver_roi,[]
2830,47.211,True,c5_radio,0.727313756942749,0.9405,red,36,True,driver_roi,[]
2831,47.227,True,c5_radio,0.727313756942749,0.9405,red,36,True,driver_roi,[]
2832,47.244,True,c5_radio,0.70524662733078,0.9362,red,37,True,driver_roi,[]
2833,47.261,True,c5_radio,0.70524662733078,0.9362,red,37,True,driver_roi,[]
2834,47.277,True,c5_radio,0.6907796859741211,0.9331,red,36,True,driver_roi,[]
2835,47.294,True,c5_radio,0.6907796859741211,0.9331,red,36,True,driver_roi,[]
2836,47.311,True,c5_radio,0.6710322499275208,0.9281,red,35,True,driver_roi,[]
2837,47.327,True,c5_radio,0.6710322499275208,0.9281,red,35,True,driver_roi,[]
2838,47.344,True,c5_radio,0.6638600826263428,0.926,red,34,True,driver_roi,[]
2839,47.361,True,c5_radio,0.6638600826263428,0.926,red,34,True,driver_roi,[]
2840,47.377,True,c5_radio,0.6571881175041199,0.9242,red,33,True,driver_roi,[]
2841,47.394,True,c5_radio,0.6571881175041199,0.9242,red,33,True,driver_roi,[]
2842,47.411,True,c5_radio,0.6477257013320923,0.9216,red,32,True,driver_roi,[]
2843,47.428,True,c5_radio,0.6477257013320923,0.9216,red,32,True,driver_roi,[]
2844,47.444,True,c5_radio,0.6468181610107422,0.9211,red,31,True,driver_roi,[]
2845,47.461,True,c5_radio,0.6468181610107422,0.9211,red,31,True,driver_roi,[]
2846,47.478,True,c5_radio,0.6408727169036865,0.9196,red,30,True,driver_roi,[]
2847,47.494,True,c5_radio,0.6408727169036865,0.9196,red,30,True,driver_roi,[]
2848,47.511,True,c5_radio,0.6337575912475586,0.9188,red,29,True,driver_roi,[]
2849,47.528,True,c5_radio,0.6337575912475586,0.9188,red,29,True,driver_roi,[]
2850,47.544,True,c5_radio,0.6288558840751648,0.9161,red,28,True,driver_roi,[]
2851,47.561,True,c5_radio,0.6288558840751648,0.9161,red,28,True,driver_roi,[]
2852,47.578,True,c5_radio,0.6285092234611511,0.9152,red,27,True,driver_roi,[]
2853,47.594,True,c5_radio,0.6285092234611511,0.9152,red,27,True,driver_roi,[]
2854,47.611,True,c5_radio,0.6255990266799927,0.914,red,26,True,driver_roi,[]
2855,47.628,True,c5_radio,0.6255990266799927,0.914,red,26,True,driver_roi,[]
2856,47.644,True,c5_radio,0.6236123442649841,0.9124,red,25,True,driver_roi,[]
2857,47.661,True,c5_radio,0.6236123442649841,0.9124,red,25,True,driver_roi,[]
2858,47.678,True,c5_radio,0.6272898316383362,0.9128,red,24,True,driver_roi,[]
2859,47.694,True,c5_radio,0.6272898316383362,0.9128,red,24,True,driver_roi,[]
2860,47.711,True,c5_radio,0.627118706703186,0.9121,red,23,True,driver_roi,[]
2861,47.728,True,c5_radio,0.627118706703186,0.9121,red,23,True,driver_roi,[]
2862,47.744,True,c5_radio,0.6317991018295288,0.9144,red,22,True,driver_roi,[]
2863,47.761,True,c5_radio,0.6317991018295288,0.9144,red,22,True,driver_roi,[]
2864,47.778,True,c5_radio,0.6486996412277222,0.9194,red,21,True,driver_roi,[]
2865,47.795,True,c5_radio,0.6486996412277222,0.9194,red,21,True,driver_roi,[]
2866,47.811,True,c5_radio,0.6672184467315674,0.9251,red,20,True,driver_roi,[]
2867,47.828,True,c5_radio,0.6672184467315674,0.9251,red,20,True,driver_roi,[]
2868,47.845,True,c5_radio,0.6816144585609436,0.9291,red,19,True,driver_roi,[]
2869,47.861,True,c5_radio,0.6816144585609436,0.9291,red,19,True,driver_roi,[]
2870,47.878,True,c5_radio,0.700211226940155,0.9316,red,20,True,driver_roi,[]
2871,47.895,True,c5_radio,0.700211226940155,0.9316,red,20,True,driver_roi,[]
2872,47.911,True,c5_radio,0.7191452980041504,0.9353,red,21,True,driver_roi,[]
2873,47.928,True,c5_radio,0.7191452980041504,0.9353,red,21,True,driver_roi,[]
2874,47.945,True,c5_radio,0.7302729487419128,0.9381,red,22,True,driver_roi,[]
2875,47.961,True,c5_radio,0.7302729487419128,0.9381,red,22,True,driver_roi,[]
2876,47.978,True,c5_radio,0.7436612248420715,0.9427,red,23,True,driver_roi,[]
2877,47.995,True,c5_radio,0.7436612248420715,0.9427,red,23,True,driver_roi,[]
2878,48.011,True,c5_radio,0.7482783198356628,0.9449,red,24,True,driver_roi,[]
2879,48.028,True,c5_radio,0.7482783198356628,0.9449,red,24,True,driver_roi,[]
2880,48.045,True,c5_radio,0.7485188841819763,0.9469,red,25,True,driver_roi,[]
2881,48.061,True,c5_radio,0.7485188841819763,0.9469,red,25,True,driver_roi,[]
2882,48.078,True,c5_radio,0.754875123500824,0.9491,red,26,True,driver_roi,[]
2883,48.095,True,c5_radio,0.754875123500824,0.9491,red,26,True,driver_roi,[]
2884,48.111,True,c5_radio,0.7582863569259644,0.9498,red,27,True,driver_roi,[]
2885,48.128,True,c5_radio,0.7582863569259644,0.9498,red,27,True,driver_roi,[]
2886,48.145,True,c5_radio,0.7698661088943481,0.9518,red,28,True,driver_roi,[]
2887,48.162,True,c5_radio,0.7698661088943481,0.9518,red,28,True,driver_roi,[]
2888,48.178,True,c5_radio,0.7825731039047241,0.9538,red,29,True,driver_roi,[]
2889,48.195,True,c5_radio,0.7825731039047241,0.9538,red,29,True,driver_roi,[]
2890,48.212,True,c5_radio,0.7959229350090027,0.9573,red,30,True,driver_roi,[]
2891,48.228,True,c5_radio,0.7959229350090027,0.9573,red,30,True,driver_roi,[]
2892,48.245,True,c5_radio,0.8042254447937012,0.9591,red,31,True,driver_roi,[]
2893,48.262,True,c5_radio,0.8042254447937012,0.9591,red,31,True,driver_roi,[]
2894,48.278,True,c5_radio,0.8125386238098145,0.9605,red,32,True,driver_roi,[]
2895,48.295,True,c5_radio,0.8125386238098145,0.9605,red,32,True,driver_roi,[]
2896,48.312,True,c5_radio,0.8198750615119934,0.9641,red,33,True,driver_roi,[]
2897,48.328,True,c5_radio,0.8198750615119934,0.9641,red,33,True,driver_roi,[]
2898,48.345,True,c5_radio,0.8200076818466187,0.9648,red,34,True,driver_roi,[]
2899,48.362,True,c5_radio,0.8200076818466187,0.9648,red,34,True,driver_roi,[]
2900,48.378,True,c5_radio,0.826012134552002,0.9671,red,35,True,driver_roi,[]
2901,48.395,True,c5_radio,0.826012134552002,0.9671,red,35,True,driver_roi,[]
2902,48.412,True,c5_radio,0.8304306864738464,0.968,red,36,True,driver_roi,[]
2903,48.428,True,c5_radio,0.8304306864738464,0.968,red,36,True,driver_roi,[]
2904,48.445,True,c5_radio,0.833437442779541,0.9688,red,37,True,driver_roi,[]
2905,48.462,True,c5_radio,0.833437442779541,0.9688,red,37,True,driver_roi,[]
2906,48.479,True,c5_radio,0.8362774848937988,0.9693,red,38,True,driver_roi,[]
2907,48.495,True,c5_radio,0.8362774848937988,0.9693,red,38,True,driver_roi,[]
2908,48.512,True,c5_radio,0.8394733667373657,0.9694,red,39,True,driver_roi,[]
2909,48.529,True,c5_radio,0.8394733667373657,0.9694,red,39,True,driver_roi,[]
2910,48.545,True,c5_radio,0.8430269956588745,0.9695,red,40,True,driver_roi,[]
2911,48.562,True,c5_radio,0.8430269956588745,0.9695,red,40,True,driver_roi,[]
2912,48.579,True,c5_radio,0.8424641489982605,0.9688,red,41,True,driver_roi,[]
2913,48.595,True,c5_radio,0.8424641489982605,0.9688,red,41,True,driver_roi,[]
2914,48.612,True,c5_radio,0.8425785899162292,0.9675,red,42,True,driver_roi,[]
2915,48.629,True,c5_radio,0.8425785899162292,0.9675,red,42,True,driver_roi,[]
2916,48.645,True,c5_radio,0.8448671102523804,0.9667,red,43,True,driver_roi,[]
2917,48.662,True,c5_radio,0.8448671102523804,0.9667,red,43,True,driver_roi,[]
2918,48.679,True,c5_radio,0.8451194763183594,0.9657,red,44,True,driver_roi,[]
2919,48.695,True,c5_radio,0.8451194763183594,0.9657,red,44,True,driver_roi,[]
2920,48.712,True,c5_radio,0.8453350067138672,0.9639,red,45,True,driver_roi,[]
2921,48.729,True,c5_radio,0.8453350067138672,0.9639,red,45,True,driver_roi,[]
2922,48.745,True,c5_radio,0.8363796472549438,0.9617,red,46,True,driver_roi,[]
2923,48.762,True,c5_radio,0.8363796472549438,0.9617,red,46,True,driver_roi,[]
2924,48.779,True,c5_radio,0.8228551745414734,0.9603,red,47,True,driver_roi,[]
2925,48.795,True,c5_radio,0.8228551745414734,0.9603,red,47,True,driver_roi,[]
2926,48.812,True,c5_radio,0.8195855021476746,0.96,red,48,True,driver_roi,[]
2927,48.829,True,c5_radio,0.8195855021476746,0.96,red,48,True,driver_roi,[]
2928,48.846,True,c5_radio,0.8199478983879089,0.9601,red,49,True,driver_roi,[]
2929,48.862,True,c5_radio,0.8199478983879089,0.9601,red,49,True,driver_roi,[]
2930,48.879,True,c5_radio,0.8190988302230835,0.9597,red,50,True,driver_roi,[]
2931,48.896,True,c5_radio,0.8190988302230835,0.9597,red,50,True,driver_roi,[]
2932,48.912,True,c5_radio,0.8140163421630859,0.9601,red,51,True,driver_roi,[]
2933,48.929,True,c5_radio,0.8140163421630859,0.9601,red,51,True,driver_roi,[]
2934,48.946,True,c5_radio,0.8094385266304016,0.961,red,52,True,driver_roi,[]
2935,48.962,True,c5_radio,0.8094385266304016,0.961,red,52,True,driver_roi,[]
2936,48.979,True,c5_radio,0.8012553453445435,0.96,red,53,True,driver_roi,[]
2937,48.996,True,c5_radio,0.8012553453445435,0.96,red,53,True,driver_roi,[]
2938,49.012,True,c5_radio,0.7900450825691223,0.9599,red,54,True,driver_roi,[]
2939,49.029,True,c5_radio,0.7900450825691223,0.9599,red,54,True,driver_roi,[]
2940,49.046,True,c5_radio,0.7794312834739685,0.9594,red,55,True,driver_roi,[]
2941,49.062,True,c5_radio,0.7794312834739685,0.9594,red,55,True,driver_roi,[]
2942,49.079,True,c5_radio,0.758056640625,0.9583,red,56,True,driver_roi,[]
2943,49.096,True,c5_radio,0.758056640625,0.9583,red,56,True,driver_roi,[]
2944,49.112,True,c5_radio,0.7370805740356445,0.9541,red,57,True,driver_roi,[]
2945,49.129,True,c5_radio,0.7370805740356445,0.9541,red,57,True,driver_roi,[]
2946,49.146,True,c5_radio,0.7228625416755676,0.9513,red,58,True,driver_roi,[]
2947,49.162,True,c5_radio,0.7228625416755676,0.9513,red,58,True,driver_roi,[]
2948,49.179,True,c5_radio,0.7163357734680176,0.9503,red,59,True,driver_roi,[]
2949,49.196,True,c5_radio,0.7163357734680176,0.9503,red,59,True,driver_roi,[]
2950,49.213,True,c5_radio,0.70961594581604,0.9498,red,60,True,driver_roi,[]
2951,49.229,True,c5_radio,0.70961594581604,0.9498,red,60,True,driver_roi,[]
2952,49.246,True,c5_radio,0.7030212879180908,0.9499,red,61,True,driver_roi,[]
2953,49.263,True,c5_radio,0.7030212879180908,0.9499,red,61,True,driver_roi,[]
2954,49.279,True,c5_radio,0.6917942762374878,0.9502,red,60,True,driver_roi,[]
2955,49.296,True,c5_radio,0.6917942762374878,0.9502,red,60,True,driver_roi,[]
2956,49.313,True,c5_radio,0.6784650683403015,0.9516,red,59,True,driver_roi,[]
2957,49.329,True,c5_radio,0.6784650683403015,0.9516,red,59,True,driver_roi,[]
2958,49.346,True,c5_radio,0.6637759208679199,0.9523,red,58,True,driver_roi,[]
2959,49.363,True,c5_radio,0.6637759208679199,0.9523,red,58,True,driver_roi,[]
2960,49.379,True,c5_radio,0.6522538065910339,0.9533,red,57,True,driver_roi,[]
2961,49.396,True,c5_radio,0.6522538065910339,0.9533,red,57,True,driver_roi,[]
2962,49.413,True,c5_radio,0.6393766403198242,0.955,red,56,True,driver_roi,[]
2963,49.429,True,c5_radio,0.6393766403198242,0.955,red,56,True,driver_roi,[]
2964,49.446,True,c5_radio,0.638765275478363,0.9562,red,55,True,driver_roi,[]
2965,49.463,True,c5_radio,0.638765275478363,0.9562,red,55,True,driver_roi,[]
2966,49.479,True,c5_radio,0.6249257326126099,0.9552,red,54,True,driver_roi,[]
2967,49.496,True,c5_radio,0.6249257326126099,0.9552,red,54,True,driver_roi,[]
2968,49.513,True,c5_radio,0.6152598857879639,0.955,red,53,True,driver_roi,[]
2969,49.529,True,c5_radio,0.6152598857879639,0.955,red,53,True,driver_roi,[]
2970,49.546,True,c5_radio,0.6065971851348877,0.9547,red,52,True,driver_roi,[]
2971,49.563,True,c5_radio,0.6065971851348877,0.9547,red,52,True,driver_roi,[]
2972,49.58,True,c5_radio,0.594723105430603,0.9542,red,51,True,driver_roi,[]
2973,49.596,True,c5_radio,0.594723105430603,0.9542,red,51,True,driver_roi,[]
2974,49.613,True,c5_radio,0.5790448784828186,0.9544,red,50,True,driver_roi,[]
2975,49.63,True,c5_radio,0.5790448784828186,0.9544,red,50,True,driver_roi,[]
2976,49.646,True,c5_radio,0.5524013042449951,0.9554,red,49,True,driver_roi,[]
2977,49.663,True,c5_radio,0.5524013042449951,0.9554,red,49,True,driver_roi,[]
2978,49.68,True,c5_radio,0.5370811223983765,0.9562,red,48,True,driver_roi,[]
2979,49.696,True,c5_radio,0.5370811223983765,0.9562,red,48,True,driver_roi,[]
2980,49.713,True,c5_radio,0.5207008123397827,0.957,red,47,True,driver_roi,[]
2981,49.73,True,c5_radio,0.5207008123397827,0.957,red,47,True,driver_roi,[]
2982,49.746,True,c5_radio,0.5096396207809448,0.9584,red,46,True,driver_roi,[]
2983,49.763,True,c5_radio,0.5096396207809448,0.9584,red,46,True,driver_roi,[]
2984,49.78,True,c5_radio,0.5031260848045349,0.9623,red,45,True,driver_roi,[]
2985,49.796,True,c5_radio,0.5031260848045349,0.9623,red,45,True,driver_roi,[]
2986,49.813,True,c5_radio,0.48412689566612244,0.9654,red,44,True,driver_roi,[]
2987,49.83,True,c5_radio,0.48412689566612244,0.9654,red,44,True,driver_roi,[]
2988,49.846,True,c5_radio,0.46300697326660156,0.9666,red,43,True,driver_roi,[]
2989,49.863,True,c5_radio,0.46300697326660156,0.9666,red,43,True,driver_roi,[]
2990,49.88,True,c5_radio,0.44900980591773987,0.9674,red,42,True,driver_roi,[]
2991,49.896,True,c5_radio,0.44900980591773987,0.9674,red,42,True,driver_roi,[]
2992,49.913,True,c5_radio,0.44339317083358765,0.9679,red,41,True,driver_roi,[]
2993,49.93,True,c5_radio,0.44339317083358765,0.9679,red,41,True,driver_roi,[]
2994,49.947,True,c5_radio,0.43332797288894653,0.9694,red,40,True,driver_roi,[]
2995,49.963,True,c5_radio,0.43332797288894653,0.9694,red,40,True,driver_roi,[]
2996,49.98,True,c5_radio,0.43953651189804077,0.9699,red,39,True,driver_roi,[]
2997,49.997,True,c5_radio,0.43953651189804077,0.9699,red,39,True,driver_roi,[]
2998,50.013,True,c5_radio,0.44915971159935,0.9714,red,38,True,driver_roi,[]
2999,50.03,True,c5_radio,0.44915971159935,0.9714,red,38,True,driver_roi,[]
3000,50.047,True,c5_radio,0.4606553912162781,0.9732,red,37,True,driver_roi,[]
3001,50.063,True,c5_radio,0.4606553912162781,0.9732,red,37,True,driver_roi,[]
3002,50.08,True,c5_radio,0.47257810831069946,0.9738,red,36,True,driver_roi,[]
3003,50.097,True,c5_radio,0.47257810831069946,0.9738,red,36,True,driver_roi,[]
3004,50.113,True,c5_radio,0.4667925238609314,0.9739,red,35,True,driver_roi,[]
3005,50.13,True,c5_radio,0.4667925238609314,0.9739,red,35,True,driver_roi,[]
3006,50.147,True,c5_radio,0.47566938400268555,0.976,red,34,True,driver_roi,[]
3007,50.163,True,c5_radio,0.47566938400268555,0.976,red,34,True,driver_roi,[]
3008,50.18,True,c5_radio,0.47018593549728394,0.977,red,33,True,driver_roi,[]
3009,50.197,True,c5_radio,0.47018593549728394,0.977,red,33,True,driver_roi,[]
3010,50.213,True,c5_radio,0.4764983654022217,0.9789,red,32,True,driver_roi,[]
3011,50.23,True,c5_radio,0.4764983654022217,0.9789,red,32,True,driver_roi,[]
3012,50.247,True,c5_radio,0.486346572637558,0.9809,red,31,True,driver_roi,[]
3013,50.264,True,c5_radio,0.486346572637558,0.9809,red,31,True,driver_roi,[]
3014,50.28,True,c5_radio,0.5057058334350586,0.9829,red,30,True,driver_roi,[]
3015,50.297,True,c5_radio,0.5057058334350586,0.9829,red,30,True,driver_roi,[]
3016,50.314,True,c5_radio,0.5479752421379089,0.9842,red,29,True,driver_roi,[]
3017,50.33,True,c5_radio,0.5479752421379089,0.9842,red,29,True,driver_roi,[]
3018,50.347,True,c5_radio,0.5841792225837708,0.9857,red,28,True,driver_roi,[]
3019,50.364,True,c5_radio,0.5841792225837708,0.9857,red,28,True,driver_roi,[]
3020,50.38,True,c5_radio,0.6156648993492126,0.9869,red,27,True,driver_roi,[]
3021,50.397,True,c5_radio,0.6156648993492126,0.9869,red,27,True,driver_roi,[]
3022,50.414,True,c5_radio,0.649321973323822,0.9881,red,26,True,driver_roi,[]
3023,50.43,True,c5_radio,0.649321973323822,0.9881,red,26,True,driver_roi,[]
3024,50.447,True,c5_radio,0.6763107180595398,0.989,red,25,True,driver_roi,[]
3025,50.464,True,c5_radio,0.6763107180595398,0.989,red,25,True,driver_roi,[]
3026,50.48,True,c5_radio,0.7073374390602112,0.9894,red,26,True,driver_roi,[]
3027,50.497,True,c5_radio,0.7073374390602112,0.9894,red,26,True,driver_roi,[]
3028,50.514,True,c5_radio,0.7314037084579468,0.9899,red,27,True,driver_roi,[]
3029,50.53,True,c5_radio,0.7314037084579468,0.9899,red,27,True,driver_roi,[]
3030,50.547,True,c5_radio,0.7485759854316711,0.9907,red,28,True,driver_roi,[]
3031,50.564,True,c5_radio,0.7485759854316711,0.9907,red,28,True,driver_roi,[]
3032,50.58,True,c5_radio,0.7614536285400391,0.9914,red,29,True,driver_roi,[]
3033,50.597,True,c5_radio,0.7614536285400391,0.9914,red,29,True,driver_roi,[]
3034,50.614,True,c5_radio,0.7853649258613586,0.992,red,30,True,driver_roi,[]
3035,50.631,True,c5_radio,0.7853649258613586,0.992,red,30,True,driver_roi,[]
3036,50.647,True,c5_radio,0.7989288568496704,0.9924,red,31,True,driver_roi,[]
3037,50.664,True,c5_radio,0.7989288568496704,0.9924,red,31,True,driver_roi,[]
3038,50.681,True,c5_radio,0.8118816614151001,0.9931,red,32,True,driver_roi,[]
3039,50.697,True,c5_radio,0.8118816614151001,0.9931,red,32,True,driver_roi,[]
3040,50.714,True,c5_radio,0.823184609413147,0.994,red,33,True,driver_roi,[]
3041,50.731,True,c5_radio,0.823184609413147,0.994,red,33,True,driver_roi,[]
3042,50.747,True,c5_radio,0.8413798213005066,0.9958,red,34,True,driver_roi,[]
3043,50.764,True,c5_radio,0.8413798213005066,0.9958,red,34,True,driver_roi,[]
3044,50.781,True,c5_radio,0.8673413991928101,0.9974,red,35,True,driver_roi,[]
3045,50.797,True,c5_radio,0.8673413991928101,0.9974,red,35,True,driver_roi,[]
3046,50.814,True,c5_radio,0.8811169862747192,0.9981,red,36,True,driver_roi,[]
3047,50.831,True,c5_radio,0.8811169862747192,0.9981,red,36,True,driver_roi,[]
3048,50.847,True,c5_radio,0.9011433720588684,0.9987,red,37,True,driver_roi,[]
3049,50.864,True,c5_radio,0.9011433720588684,0.9987,red,37,True,driver_roi,[]
3050,50.881,True,c5_radio,0.9089008569717407,0.999,red,38,True,driver_roi,[]
3051,50.897,True,c5_radio,0.9089008569717407,0.999,red,38,True,driver_roi,[]
3052,50.914,True,c5_radio,0.919111430644989,0.9992,red,39,True,driver_roi,[]
3053,50.931,True,c5_radio,0.919111430644989,0.9992,red,39,True,driver_roi,[]
3054,50.947,True,c5_radio,0.927115261554718,0.9994,red,40,True,driver_roi,[]
3055,50.964,True,c5_radio,0.927115261554718,0.9994,red,40,True,driver_roi,[]
3056,50.981,True,c5_radio,0.9263812899589539,0.9994,red,41,True,driver_roi,[]
3057,50.998,True,c5_radio,0.9263812899589539,0.9994,red,41,True,driver_roi,[]
3058,51.014,True,c5_radio,0.9244235754013062,0.9994,red,42,True,driver_roi,[]
3059,51.031,True,c5_radio,0.9244235754013062,0.9994,red,42,True,driver_roi,[]
3060,51.048,True,c5_radio,0.9246522188186646,0.9994,red,43,True,driver_roi,[]
3061,51.064,True,c5_radio,0.9246522188186646,0.9994,red,43,True,driver_roi,[]
3062,51.081,True,c5_radio,0.9269137382507324,0.9994,red,44,True,driver_roi,[]
3063,51.098,True,c5_radio,0.9269137382507324,0.9994,red,44,True,driver_roi,[]
3064,51.114,True,c5_radio,0.9292610287666321,0.9994,red,45,True,driver_roi,[]
3065,51.131,True,c5_radio,0.9292610287666321,0.9994,red,45,True,driver_roi,[]
3066,51.148,True,c5_radio,0.9336482882499695,0.9995,red,46,True,driver_roi,[]
3067,51.164,True,c5_radio,0.9336482882499695,0.9995,red,46,True,driver_roi,[]
3068,51.181,True,c5_radio,0.936731219291687,0.9996,red,47,True,driver_roi,[]
3069,51.198,True,c5_radio,0.936731219291687,0.9996,red,47,True,driver_roi,[]
3070,51.214,True,c5_radio,0.9288175702095032,0.9996,red,48,True,driver_roi,[]
3071,51.231,True,c5_radio,0.9288175702095032,0.9996,red,48,True,driver_roi,[]
3072,51.248,True,c5_radio,0.9259330630302429,0.9996,red,49,True,driver_roi,[]
3073,51.264,True,c5_radio,0.9259330630302429,0.9996,red,49,True,driver_roi,[]
3074,51.281,True,c5_radio,0.9273351430892944,0.9997,red,50,True,driver_roi,[]
3075,51.298,True,c5_radio,0.9273351430892944,0.9997,red,50,True,driver_roi,[]
3076,51.314,True,c5_radio,0.9255180358886719,0.9997,red,51,True,driver_roi,[]
3077,51.331,True,c5_radio,0.9255180358886719,0.9997,red,51,True,driver_roi,[]
3078,51.348,True,c5_radio,0.9215300679206848,0.9997,red,52,True,driver_roi,[]
3079,51.365,True,c5_radio,0.9215300679206848,0.9997,red,52,True,driver_roi,[]
3080,51.381,True,c5_radio,0.9134222865104675,0.9996,red,53,True,driver_roi,[]
3081,51.398,True,c5_radio,0.9134222865104675,0.9996,red,53,True,driver_roi,[]
3082,51.415,True,c5_radio,0.8959258794784546,0.9996,red,54,True,driver_roi,[]
3083,51.431,True,c5_radio,0.8959258794784546,0.9996,red,54,True,driver_roi,[]
3084,51.448,True,c5_radio,0.8798576593399048,0.9996,red,55,True,driver_roi,[]
3085,51.465,True,c5_radio,0.8798576593399048,0.9996,red,55,True,driver_roi,[]
3086,51.481,True,c5_radio,0.8620971441268921,0.9996,red,56,True,driver_roi,[]
3087,51.498,True,c5_radio,0.8620971441268921,0.9996,red,56,True,driver_roi,[]
3088,51.515,True,c5_radio,0.8249198794364929,0.9994,red,57,True,driver_roi,[]
3089,51.531,True,c5_radio,0.8249198794364929,0.9994,red,57,True,driver_roi,[]
3090,51.548,True,c5_radio,0.7877873182296753,0.9993,red,58,True,driver_roi,[]
3091,51.565,True,c5_radio,0.7877873182296753,0.9993,red,58,True,driver_roi,[]
3092,51.581,True,c5_radio,0.7522999048233032,0.9992,red,59,True,driver_roi,[]
3093,51.598,True,c5_radio,0.7522999048233032,0.9992,red,59,True,driver_roi,[]
3094,51.615,True,c5_radio,0.7081294059753418,0.9989,red,60,True,driver_roi,[]
3095,51.631,True,c5_radio,0.7081294059753418,0.9989,red,60,True,driver_roi,[]
3096,51.648,True,c5_radio,0.6663062572479248,0.9988,red,59,True,driver_roi,[]
3097,51.665,True,c5_radio,0.6663062572479248,0.9988,red,59,True,driver_roi,[]
3098,51.681,True,c5_radio,0.641582190990448,0.9987,red,58,True,driver_roi,[]
3099,51.698,True,c5_radio,0.641582190990448,0.9987,red,58,True,driver_roi,[]
3100,51.715,True,c5_radio,0.6052160859107971,0.9986,red,57,True,driver_roi,[]
3101,51.732,True,c5_radio,0.6052160859107971,0.9986,red,57,True,driver_roi,[]
3102,51.748,True,c5_radio,0.5679556131362915,0.9986,red,56,True,driver_roi,[]
3103,51.765,True,c5_radio,0.5679556131362915,0.9986,red,56,True,driver_roi,[]
3104,51.782,True,c5_radio,0.5330983400344849,0.9985,red,55,True,driver_roi,[]
3105,51.798,True,c5_radio,0.5330983400344849,0.9985,red,55,True,driver_roi,[]
3106,51.815,True,c5_radio,0.4960658550262451,0.9985,red,54,True,driver_roi,[]
3107,51.832,True,c5_radio,0.4960658550262451,0.9985,red,54,True,driver_roi,[]
3108,51.848,True,c9_talking,0.4797726571559906,0.9984,red,53,True,driver_roi,[]
3109,51.865,True,c9_talking,0.4797726571559906,0.9984,red,53,True,driver_roi,[]
3110,51.882,True,c9_talking,0.49504098296165466,0.9983,red,52,True,driver_roi,[]
3111,51.898,True,c9_talking,0.49504098296165466,0.9983,red,52,True,driver_roi,[]
3112,51.915,True,c9_talking,0.5156912803649902,0.9982,red,51,True,driver_roi,[]
3113,51.932,True,c9_talking,0.5156912803649902,0.9982,red,51,True,driver_roi,[]
3114,51.948,True,c9_talking,0.5319923758506775,0.9981,red,50,True,driver_roi,[]
3115,51.965,True,c9_talking,0.5319923758506775,0.9981,red,50,True,driver_roi,[]
3116,51.982,True,c9_talking,0.5607503652572632,0.998,red,49,True,driver_roi,[]
3117,51.998,True,c9_talking,0.5607503652572632,0.998,red,49,True,driver_roi,[]
3118,52.015,True,c9_talking,0.5865164399147034,0.9978,red,48,True,driver_roi,[]
3119,52.032,True,c9_talking,0.5865164399147034,0.9978,red,48,True,driver_roi,[]
3120,52.048,True,c9_talking,0.6048976182937622,0.9975,red,47,True,driver_roi,[]
3121,52.065,True,c9_talking,0.6048976182937622,0.9975,red,47,True,driver_roi,[]
3122,52.082,True,c9_talking,0.6069296598434448,0.9972,red,46,True,driver_roi,[]
3123,52.099,True,c9_talking,0.6069296598434448,0.9972,red,46,True,driver_roi,[]
3124,52.115,True,c9_talking,0.6153160333633423,0.9968,red,45,True,driver_roi,[]
3125,52.132,True,c9_talking,0.6153160333633423,0.9968,red,45,True,driver_roi,[]
3126,52.149,True,c9_talking,0.6258523464202881,0.996,red,44,True,driver_roi,[]
3127,52.165,True,c9_talking,0.6258523464202881,0.996,red,44,True,driver_roi,[]
3128,52.182,True,c9_talking,0.6036771535873413,0.9952,red,43,True,driver_roi,[]
3129,52.199,True,c9_talking,0.6036771535873413,0.9952,red,43,True,driver_roi,[]
3130,52.215,True,c9_talking,0.5757889151573181,0.9946,red,42,True,driver_roi,[]
3131,52.232,True,c9_talking,0.5757889151573181,0.9946,red,42,True,driver_roi,[]
3132,52.249,True,c9_talking,0.5421165227890015,0.9943,red,41,True,driver_roi,[]
3133,52.265,True,c9_talking,0.5421165227890015,0.9943,red,41,True,driver_roi,[]
3134,52.282,True,c9_talking,0.49929457902908325,0.9944,red,40,True,driver_roi,[]
3135,52.299,True,c9_talking,0.49929457902908325,0.9944,red,40,True,driver_roi,[]
3136,52.315,True,c9_talking,0.4604701101779938,0.9944,red,39,True,driver_roi,[]
3137,52.332,True,c9_talking,0.4604701101779938,0.9944,red,39,True,driver_roi,[]
3138,52.349,True,c9_talking,0.4396890699863434,0.9942,red,38,True,driver_roi,[]
3139,52.365,True,c9_talking,0.4396890699863434,0.9942,red,38,True,driver_roi,[]
3140,52.382,True,c9_talking,0.4061582684516907,0.994,red,37,True,driver_roi,[]
3141,52.399,True,c9_talking,0.4061582684516907,0.994,red,37,True,driver_roi,[]
3142,52.416,True,c9_talking,0.3737526535987854,0.9937,red,36,True,driver_roi,[]
3143,52.432,True,c9_talking,0.3737526535987854,0.9937,red,36,True,driver_roi,[]
3144,52.449,True,c9_talking,0.3467537462711334,0.9935,red,35,True,driver_roi,[]
3145,52.466,True,c9_talking,0.3467537462711334,0.9935,red,35,True,driver_roi,[]
3146,52.482,True,c9_talking,0.3234778046607971,0.9934,red,34,True,driver_roi,[]
3147,52.499,True,c9_talking,0.3234778046607971,0.9934,red,34,True,driver_roi,[]
3148,52.516,True,c9_talking,0.29914578795433044,0.9934,red,33,True,driver_roi,[]
3149,52.532,True,c9_talking,0.29914578795433044,0.9934,red,33,True,driver_roi,[]
3150,52.549,True,c5_radio,0.3128246068954468,0.9932,red,32,True,driver_roi,[]
3151,52.566,True,c5_radio,0.3128246068954468,0.9932,red,32,True,driver_roi,[]
3152,52.582,True,c5_radio,0.3195595145225525,0.993,red,31,True,driver_roi,[]
3153,52.599,True,c5_radio,0.3195595145225525,0.993,red,31,True,driver_roi,[]
3154,52.616,True,c5_radio,0.318485289812088,0.9929,red,30,True,driver_roi,[]
3155,52.632,True,c5_radio,0.318485289812088,0.9929,red,30,True,driver_roi,[]
3156,52.649,True,c5_radio,0.3172841966152191,0.993,red,29,True,driver_roi,[]
3157,52.666,True,c5_radio,0.3172841966152191,0.993,red,29,True,driver_roi,[]
3158,52.682,True,c5_radio,0.31312066316604614,0.9931,red,28,True,driver_roi,[]
3159,52.699,True,c5_radio,0.31312066316604614,0.9931,red,28,True,driver_roi,[]
3160,52.716,True,c5_radio,0.30815771222114563,0.9932,red,27,True,driver_roi,[]
3161,52.732,True,c5_radio,0.30815771222114563,0.9932,red,27,True,driver_roi,[]
3162,52.749,True,c5_radio,0.30079585313796997,0.9933,red,26,True,driver_roi,[]
3163,52.766,True,c5_radio,0.30079585313796997,0.9933,red,26,True,driver_roi,[]
3164,52.783,True,c1_texting_right,0.33123987913131714,0.9937,red,25,True,driver_roi,[]
3165,52.799,True,c1_texting_right,0.33123987913131714,0.9937,red,25,True,driver_roi,[]
3166,52.816,True,c1_texting_right,0.37093645334243774,0.9943,red,24,True,driver_roi,[]
3167,52.833,True,c1_texting_right,0.37093645334243774,0.9943,red,24,True,driver_roi,[]
3168,52.849,True,c1_texting_right,0.41235262155532837,0.9953,red,23,True,driver_roi,[]
3169,52.866,True,c1_texting_right,0.41235262155532837,0.9953,red,23,True,driver_roi,[]
3170,52.883,True,c1_texting_right,0.45234209299087524,0.996,red,22,True,driver_roi,[]
3171,52.899,True,c1_texting_right,0.45234209299087524,0.996,red,22,True,driver_roi,[]
3172,52.916,True,c1_texting_right,0.49365663528442383,0.9963,red,21,True,driver_roi,[]
3173,52.933,True,c1_texting_right,0.49365663528442383,0.9963,red,21,True,driver_roi,[]
3174,52.949,True,c1_texting_right,0.5348172187805176,0.9964,red,20,True,driver_roi,[]
3175,52.966,True,c1_texting_right,0.5348172187805176,0.9964,red,20,True,driver_roi,[]
3176,52.983,True,c1_texting_right,0.5779880881309509,0.9966,red,19,True,driver_roi,[]
3177,52.999,True,c1_texting_right,0.5779880881309509,0.9966,red,19,True,driver_roi,[]
3178,53.016,True,c1_texting_right,0.6155921220779419,0.9968,red,18,True,driver_roi,[]
3179,53.033,True,c1_texting_right,0.6155921220779419,0.9968,red,18,True,driver_roi,[]
3180,53.049,True,c1_texting_right,0.6430615186691284,0.9775,red,17,False,driver_roi,[]
3181,53.066,True,c1_texting_right,0.6430615186691284,0.9775,red,17,False,driver_roi,[]
3182,53.083,True,c1_texting_right,0.6634734272956848,0.9583,red,16,False,driver_roi,[]
3183,53.099,True,c1_texting_right,0.6634734272956848,0.9583,red,16,False,driver_roi,[]
3184,53.116,True,c1_texting_right,0.6921682357788086,0.9391,red,15,False,driver_roi,[]
3185,53.133,True,c1_texting_right,0.6921682357788086,0.9391,red,15,False,driver_roi,[]
3186,53.15,True,c1_texting_right,0.72104811668396,0.9585,red,16,False,driver_roi,[]
3187,53.166,True,c1_texting_right,0.72104811668396,0.9585,red,16,False,driver_roi,[]
3188,53.183,True,c1_texting_right,0.7500274777412415,0.9781,red,17,False,driver_roi,[]
3189,53.2,True,c1_texting_right,0.7500274777412415,0.9781,red,17,False,driver_roi,[]
3190,53.216,True,c1_texting_right,0.7825080752372742,0.9977,red,18,True,driver_roi,[]
3191,53.233,True,c1_texting_right,0.7825080752372742,0.9977,red,18,True,driver_roi,[]
3192,53.25,True,c1_texting_right,0.79739910364151,0.9979,red,19,True,driver_roi,[]
3193,53.266,True,c1_texting_right,0.79739910364151,0.9979,red,19,True,driver_roi,[]
3194,53.283,True,c1_texting_right,0.8054251670837402,0.998,red,20,True,driver_roi,[]
3195,53.3,True,c1_texting_right,0.8054251670837402,0.998,red,20,True,driver_roi,[]
3196,53.316,True,c1_texting_right,0.8024298548698425,0.998,red,21,True,driver_roi,[]
3197,53.333,True,c1_texting_right,0.8024298548698425,0.998,red,21,True,driver_roi,[]
3198,53.35,True,c1_texting_right,0.7877494692802429,0.998,red,22,True,driver_roi,[]
3199,53.366,True,c1_texting_right,0.7877494692802429,0.998,red,22,True,driver_roi,[]
3200,53.383,True,c1_texting_right,0.7696964740753174,0.998,red,23,True,driver_roi,[]
3201,53.4,True,c1_texting_right,0.7696964740753174,0.998,red,23,True,driver_roi,[]
3202,53.416,True,c1_texting_right,0.7530580759048462,0.998,red,24,True,driver_roi,[]
3203,53.433,True,c1_texting_right,0.7530580759048462,0.998,red,24,True,driver_roi,[]
3204,53.45,True,c1_texting_right,0.7317405939102173,0.998,red,25,True,driver_roi,[]
3205,53.466,True,c1_texting_right,0.7317405939102173,0.998,red,25,True,driver_roi,[]
3206,53.483,True,c1_texting_right,0.7183207869529724,0.9981,red,26,True,driver_roi,[]
3207,53.5,True,c1_texting_right,0.7183207869529724,0.9981,red,26,True,driver_roi,[]
3208,53.517,True,c1_texting_right,0.6989736557006836,0.998,red,25,True,driver_roi,[]
3209,53.533,True,c1_texting_right,0.6989736557006836,0.998,red,25,True,driver_roi,[]
3210,53.55,True,c1_texting_right,0.6788058876991272,0.9979,red,24,True,driver_roi,[]
3211,53.567,True,c1_texting_right,0.6788058876991272,0.9979,red,24,True,driver_roi,[]
3212,53.583,True,c1_texting_right,0.6581544280052185,0.9979,red,23,True,driver_roi,[]
3213,53.6,True,c1_texting_right,0.6581544280052185,0.9979,red,23,True,driver_roi,[]
3214,53.617,True,c1_texting_right,0.6394833326339722,0.9979,red,22,True,driver_roi,[]
3215,53.633,True,c1_texting_right,0.6394833326339722,0.9979,red,22,True,driver_roi,[]
3216,53.65,True,c1_texting_right,0.6225475072860718,0.9979,red,21,True,driver_roi,[]
3217,53.667,True,c1_texting_right,0.6225475072860718,0.9979,red,21,True,driver_roi,[]
3218,53.683,True,c1_texting_right,0.6133937835693359,0.9979,red,20,True,driver_roi,[]
3219,53.7,True,c1_texting_right,0.6133937835693359,0.9979,red,20,True,driver_roi,[]
3220,53.717,True,c1_texting_right,0.6085234880447388,0.998,red,19,True,driver_roi,[]
3221,53.733,True,c1_texting_right,0.6085234880447388,0.998,red,19,True,driver_roi,[]
3222,53.75,True,c1_texting_right,0.6084078550338745,0.998,red,18,True,driver_roi,[]
3223,53.767,True,c1_texting_right,0.6084078550338745,0.998,red,18,True,driver_roi,[]
3224,53.783,True,c1_texting_right,0.608401894569397,0.9786,red,17,False,driver_roi,[]
3225,53.8,True,c1_texting_right,0.608401894569397,0.9786,red,17,False,driver_roi,[]
3226,53.817,True,c1_texting_right,0.6150736212730408,0.9592,red,16,False,driver_roi,[]
3227,53.833,True,c1_texting_right,0.6150736212730408,0.9592,red,16,False,driver_roi,[]
3228,53.85,True,c1_texting_right,0.6206408739089966,0.9398,red,15,False,driver_roi,[]
3229,53.867,True,c1_texting_right,0.6206408739089966,0.9398,red,15,False,driver_roi,[]
3230,53.884,True,c1_texting_right,0.6188611388206482,0.9204,red,14,False,driver_roi,[]
3231,53.9,True,c1_texting_right,0.6188611388206482,0.9204,red,14,False,driver_roi,[]
3232,53.917,True,c1_texting_right,0.6260675191879272,0.901,red,13,False,driver_roi,[]
3233,53.934,True,c1_texting_right,0.6260675191879272,0.901,red,13,False,driver_roi,[]
3234,53.95,True,c1_texting_right,0.6261822581291199,0.8816,red,12,False,driver_roi,[]
3235,53.967,True,c1_texting_right,0.6261822581291199,0.8816,red,12,False,driver_roi,[]
3236,53.984,True,c1_texting_right,0.6234842538833618,0.8622,red,11,False,driver_roi,[]
3237,54.0,True,c1_texting_right,0.6234842538833618,0.8622,red,11,False,driver_roi,[]
3238,54.017,True,c1_texting_right,0.6340731978416443,0.8428,orange,10,False,driver_roi,[]
3239,54.034,True,c1_texting_right,0.6340731978416443,0.8428,orange,10,False,driver_roi,[]
3240,54.05,True,c1_texting_right,0.6534641981124878,0.8235,orange,9,False,driver_roi,[]
3241,54.067,True,c1_texting_right,0.6534641981124878,0.8235,orange,9,False,driver_roi,[]
3242,54.084,True,c1_texting_right,0.6712470650672913,0.8041,orange,8,False,driver_roi,[]
3243,54.1,True,c1_texting_right,0.6712470650672913,0.8041,orange,8,False,driver_roi,[]
3244,54.117,True,c1_texting_right,0.6907433867454529,0.7848,orange,7,False,driver_roi,[]
3245,54.134,True,c1_texting_right,0.6907433867454529,0.7848,orange,7,False,driver_roi,[]
3246,54.15,True,c1_texting_right,0.7016388177871704,0.8043,orange,8,False,driver_roi,[]
3247,54.167,True,c1_texting_right,0.7016388177871704,0.8043,orange,8,False,driver_roi,[]
3248,54.184,True,c1_texting_right,0.7093914151191711,0.8237,orange,9,False,driver_roi,[]
3249,54.201,True,c1_texting_right,0.7093914151191711,0.8237,orange,9,False,driver_roi,[]
3250,54.217,True,c1_texting_right,0.7152068614959717,0.8432,orange,10,False,driver_roi,[]
3251,54.234,True,c1_texting_right,0.7152068614959717,0.8432,orange,10,False,driver_roi,[]
3252,54.251,True,c1_texting_right,0.71822589635849,0.8625,red,11,False,driver_roi,[]
3253,54.267,True,c1_texting_right,0.71822589635849,0.8625,red,11,False,driver_roi,[]
3254,54.284,True,c1_texting_right,0.7127044796943665,0.8819,red,12,False,driver_roi,[]
3255,54.301,True,c1_texting_right,0.7127044796943665,0.8819,red,12,False,driver_roi,[]
3256,54.317,True,c1_texting_right,0.7027080059051514,0.9013,red,13,False,driver_roi,[]
3257,54.334,True,c1_texting_right,0.7027080059051514,0.9013,red,13,False,driver_roi,[]
3258,54.351,True,c1_texting_right,0.6933469772338867,0.8818,red,12,False,driver_roi,[]
3259,54.367,True,c1_texting_right,0.6933469772338867,0.8818,red,12,False,driver_roi,[]
3260,54.384,True,c1_texting_right,0.693691611289978,0.8623,red,11,False,driver_roi,[]
3261,54.401,True,c1_texting_right,0.693691611289978,0.8623,red,11,False,driver_roi,[]
3262,54.417,True,c1_texting_right,0.6919413208961487,0.8428,orange,10,False,driver_roi,[]
3263,54.434,True,c1_texting_right,0.6919413208961487,0.8428,orange,10,False,driver_roi,[]
3264,54.451,True,c1_texting_right,0.6807518005371094,0.8233,orange,9,False,driver_roi,[]
3265,54.467,True,c1_texting_right,0.6807518005371094,0.8233,orange,9,False,driver_roi,[]
3266,54.484,True,c1_texting_right,0.6528818607330322,0.8038,orange,8,False,driver_roi,[]
3267,54.501,True,c1_texting_right,0.6528818607330322,0.8038,orange,8,False,driver_roi,[]
3268,54.517,True,c1_texting_right,0.6295107007026672,0.7843,orange,7,False,driver_roi,[]
3269,54.534,True,c1_texting_right,0.6295107007026672,0.7843,orange,7,False,driver_roi,[]
3270,54.551,True,c1_texting_right,0.6072161197662354,0.7647,orange,6,False,driver_roi,[]
3271,54.568,True,c1_texting_right,0.6072161197662354,0.7647,orange,6,False,driver_roi,[]
3272,54.584,True,c1_texting_right,0.5822504758834839,0.7452,orange,5,False,driver_roi,[]
3273,54.601,True,c1_texting_right,0.5822504758834839,0.7452,orange,5,False,driver_roi,[]
3274,54.618,True,c1_texting_right,0.5685173869132996,0.7256,orange,4,False,driver_roi,[]
3275,54.634,True,c1_texting_right,0.5685173869132996,0.7256,orange,4,False,driver_roi,[]
3276,54.651,True,c1_texting_right,0.5655406713485718,0.7062,orange,3,False,driver_roi,[]
3277,54.668,True,c1_texting_right,0.5655406713485718,0.7062,orange,3,False,driver_roi,[]
3278,54.684,True,c1_texting_right,0.5519068837165833,0.6868,orange,2,False,driver_roi,[]
3279,54.701,True,c1_texting_right,0.5519068837165833,0.6868,orange,2,False,driver_roi,[]
3280,54.718,True,c1_texting_right,0.5302814245223999,0.6673,orange,1,False,driver_roi,[]
3281,54.734,True,c1_texting_right,0.5302814245223999,0.6673,orange,1,False,driver_roi,[]
3282,54.751,True,c1_texting_right,0.5040475726127625,0.6478,yellow,0,False,driver_roi,[]
3283,54.768,True,c1_texting_right,0.5040475726127625,0.6478,yellow,0,False,driver_roi,[]
3284,54.784,True,c1_texting_right,0.4749714434146881,0.6478,yellow,0,False,driver_roi,[]
3285,54.801,True,c1_texting_right,0.4749714434146881,0.6478,yellow,0,False,driver_roi,[]
3286,54.818,True,c1_texting_right,0.45298585295677185,0.6477,yellow,0,False,driver_roi,[]
3287,54.834,True,c1_texting_right,0.45298585295677185,0.6477,yellow,0,False,driver_roi,[]
3288,54.851,True,c1_texting_right,0.44160813093185425,0.6478,yellow,0,False,driver_roi,[]
3289,54.868,True,c1_texting_right,0.44160813093185425,0.6478,yellow,0,False,driver_roi,[]
3290,54.884,True,c1_texting_right,0.4358701705932617,0.6478,yellow,0,False,driver_roi,[]
3291,54.901,True,c1_texting_right,0.4358701705932617,0.6478,yellow,0,False,driver_roi,[]
3292,54.918,True,c1_texting_right,0.4314223825931549,0.6478,yellow,0,False,driver_roi,[]
3293,54.935,True,c1_texting_right,0.4314223825931549,0.6478,yellow,0,False,driver_roi,[]
3294,54.951,True,c1_texting_right,0.43064942955970764,0.6477,yellow,0,False,driver_roi,[]
3295,54.968,True,c1_texting_right,0.43064942955970764,0.6477,yellow,0,False,driver_roi,[]
3296,54.985,True,c1_texting_right,0.434887558221817,0.6475,yellow,0,False,driver_roi,[]
3297,55.001,True,c1_texting_right,0.434887558221817,0.6475,yellow,0,False,driver_roi,[]
3298,55.018,True,c1_texting_right,0.44107913970947266,0.6475,yellow,0,False,driver_roi,[]
3299,55.035,True,c1_texting_right,0.44107913970947266,0.6475,yellow,0,False,driver_roi,[]
3300,55.051,True,c1_texting_right,0.4413447976112366,0.6475,yellow,0,False,driver_roi,[]
3301,55.068,True,c1_texting_right,0.4413447976112366,0.6475,yellow,0,False,driver_roi,[]
3302,55.085,True,c1_texting_right,0.44115108251571655,0.6476,yellow,0,False,driver_roi,[]
3303,55.101,True,c1_texting_right,0.44115108251571655,0.6476,yellow,0,False,driver_roi,[]
3304,55.118,True,c1_texting_right,0.4436491131782532,0.6476,yellow,0,False,driver_roi,[]
3305,55.135,True,c1_texting_right,0.4436491131782532,0.6476,yellow,0,False,driver_roi,[]
3306,55.151,True,c1_texting_right,0.464344322681427,0.6476,yellow,0,False,driver_roi,[]
3307,55.168,True,c1_texting_right,0.464344322681427,0.6476,yellow,0,False,driver_roi,[]
3308,55.185,True,c1_texting_right,0.4820539057254791,0.6477,yellow,0,False,driver_roi,[]
3309,55.201,True,c1_texting_right,0.4820539057254791,0.6477,yellow,0,False,driver_roi,[]
3310,55.218,True,c1_texting_right,0.5045368671417236,0.6478,yellow,0,False,driver_roi,[]
3311,55.235,True,c1_texting_right,0.5045368671417236,0.6478,yellow,0,False,driver_roi,[]
3312,55.251,True,c1_texting_right,0.5285041928291321,0.6479,yellow,0,False,driver_roi,[]
3313,55.268,True,c1_texting_right,0.5285041928291321,0.6479,yellow,0,False,driver_roi,[]
3314,55.285,True,c1_texting_right,0.5493403673171997,0.6481,yellow,0,False,driver_roi,[]
3315,55.302,True,c1_texting_right,0.5493403673171997,0.6481,yellow,0,False,driver_roi,[]
3316,55.318,True,c1_texting_right,0.5648963451385498,0.6481,yellow,0,False,driver_roi,[]
3317,55.335,True,c1_texting_right,0.5648963451385498,0.6481,yellow,0,False,driver_roi,[]
3318,55.352,True,c1_texting_right,0.5799504518508911,0.6482,yellow,0,False,driver_roi,[]
3319,55.368,True,c1_texting_right,0.5799504518508911,0.6482,yellow,0,False,driver_roi,[]
3320,55.385,True,c1_texting_right,0.5916953682899475,0.6483,yellow,0,False,driver_roi,[]
3321,55.402,True,c1_texting_right,0.5916953682899475,0.6483,yellow,0,False,driver_roi,[]
3322,55.418,True,c1_texting_right,0.6002947092056274,0.6482,yellow,0,False,driver_roi,[]
3323,55.435,True,c1_texting_right,0.6002947092056274,0.6482,yellow,0,False,driver_roi,[]
3324,55.452,True,c1_texting_right,0.6091872453689575,0.6482,yellow,0,False,driver_roi,[]
3325,55.468,True,c1_texting_right,0.6091872453689575,0.6482,yellow,0,False,driver_roi,[]
3326,55.485,True,c1_texting_right,0.6144745945930481,0.6482,yellow,0,False,driver_roi,[]
3327,55.502,True,c1_texting_right,0.6144745945930481,0.6482,yellow,0,False,driver_roi,[]
3328,55.518,True,c1_texting_right,0.6213134527206421,0.6483,yellow,0,False,driver_roi,[]
3329,55.535,True,c1_texting_right,0.6213134527206421,0.6483,yellow,0,False,driver_roi,[]
3330,55.552,True,c1_texting_right,0.6262610554695129,0.6483,yellow,0,False,driver_roi,[]
3331,55.568,True,c1_texting_right,0.6262610554695129,0.6483,yellow,0,False,driver_roi,[]
3332,55.585,True,c1_texting_right,0.6333571672439575,0.6485,yellow,0,False,driver_roi,[]
3333,55.602,True,c1_texting_right,0.6333571672439575,0.6485,yellow,0,False,driver_roi,[]
3334,55.618,True,c1_texting_right,0.6457586884498596,0.6487,yellow,0,False,driver_roi,[]
3335,55.635,True,c1_texting_right,0.6457586884498596,0.6487,yellow,0,False,driver_roi,[]
3336,55.652,True,c1_texting_right,0.657512366771698,0.6489,yellow,0,False,driver_roi,[]
3337,55.669,True,c1_texting_right,0.657512366771698,0.6489,yellow,0,False,driver_roi,[]
3338,55.685,True,c1_texting_right,0.6646307706832886,0.649,yellow,0,False,driver_roi,[]
3339,55.702,True,c1_texting_right,0.6646307706832886,0.649,yellow,0,False,driver_roi,[]
3340,55.719,True,c1_texting_right,0.676247775554657,0.649,yellow,0,False,driver_roi,[]
3341,55.735,True,c1_texting_right,0.676247775554657,0.649,yellow,0,False,driver_roi,[]
3342,55.752,True,c1_texting_right,0.687360405921936,0.649,yellow,0,False,driver_roi,[]
3343,55.769,True,c1_texting_right,0.687360405921936,0.649,yellow,0,False,driver_roi,[]
3344,55.785,True,c1_texting_right,0.6934577226638794,0.6491,yellow,0,False,driver_roi,[]
3345,55.802,True,c1_texting_right,0.6934577226638794,0.6491,yellow,0,False,driver_roi,[]
3346,55.819,True,c1_texting_right,0.6952165365219116,0.6491,yellow,0,False,driver_roi,[]
3347,55.835,True,c1_texting_right,0.6952165365219116,0.6491,yellow,0,False,driver_roi,[]
3348,55.852,True,c1_texting_right,0.6887022852897644,0.6491,yellow,0,False,driver_roi,[]
3349,55.869,True,c1_texting_right,0.6887022852897644,0.6491,yellow,0,False,driver_roi,[]
3350,55.885,True,c1_texting_right,0.6710937023162842,0.649,yellow,0,False,driver_roi,[]
3351,55.902,True,c1_texting_right,0.6710937023162842,0.649,yellow,0,False,driver_roi,[]
3352,55.919,True,c1_texting_right,0.6610545516014099,0.6489,yellow,0,False,driver_roi,[]
3353,55.935,True,c1_texting_right,0.6610545516014099,0.6489,yellow,0,False,driver_roi,[]
3354,55.952,True,c1_texting_right,0.658028244972229,0.6489,yellow,0,False,driver_roi,[]
3355,55.969,True,c1_texting_right,0.658028244972229,0.6489,yellow,0,False,driver_roi,[]
3356,55.986,True,c1_texting_right,0.6484299898147583,0.6488,yellow,0,False,driver_roi,[]
3357,56.002,True,c1_texting_right,0.6484299898147583,0.6488,yellow,0,False,driver_roi,[]
3358,56.019,True,c1_texting_right,0.6320563554763794,0.6487,yellow,0,False,driver_roi,[]
3359,56.036,True,c1_texting_right,0.6320563554763794,0.6487,yellow,0,False,driver_roi,[]
3360,56.052,True,c1_texting_right,0.6177840232849121,0.6485,yellow,0,False,driver_roi,[]
3361,56.069,True,c1_texting_right,0.6177840232849121,0.6485,yellow,0,False,driver_roi,[]
3362,56.086,True,c1_texting_right,0.6020582914352417,0.6483,yellow,0,False,driver_roi,[]
3363,56.102,True,c1_texting_right,0.6020582914352417,0.6483,yellow,0,False,driver_roi,[]
3364,56.119,True,c1_texting_right,0.5809748768806458,0.6472,yellow,0,False,driver_roi,[]
3365,56.136,True,c1_texting_right,0.5809748768806458,0.6472,yellow,0,False,driver_roi,[]
3366,56.152,True,c1_texting_right,0.5574660301208496,0.6468,yellow,0,False,driver_roi,[]
3367,56.169,True,c1_texting_right,0.5574660301208496,0.6468,yellow,0,False,driver_roi,[]
3368,56.186,True,c1_texting_right,0.5277233719825745,0.6467,yellow,0,False,driver_roi,[]
3369,56.202,True,c1_texting_right,0.5277233719825745,0.6467,yellow,0,False,driver_roi,[]
3370,56.219,True,c1_texting_right,0.49676600098609924,0.6466,yellow,0,False,driver_roi,[]
3371,56.236,True,c1_texting_right,0.49676600098609924,0.6466,yellow,0,False,driver_roi,[]
3372,56.252,True,c1_texting_right,0.4646243155002594,0.6466,yellow,0,False,driver_roi,[]
3373,56.269,True,c1_texting_right,0.4646243155002594,0.6466,yellow,0,False,driver_roi,[]
3374,56.286,True,c1_texting_right,0.4299456477165222,0.6465,yellow,0,False,driver_roi,[]
3375,56.302,True,c1_texting_right,0.4299456477165222,0.6465,yellow,0,False,driver_roi,[]
3376,56.319,True,c1_texting_right,0.3933415114879608,0.6464,yellow,0,False,driver_roi,[]
3377,56.336,True,c1_texting_right,0.3933415114879608,0.6464,yellow,0,False,driver_roi,[]
3378,56.353,True,c1_texting_right,0.3570502996444702,0.6455,yellow,0,False,driver_roi,[]
3379,56.369,True,c1_texting_right,0.3570502996444702,0.6455,yellow,0,False,driver_roi,[]
3380,56.386,True,c5_radio,0.3281857371330261,0.6447,yellow,0,False,driver_roi,[]
3381,56.403,True,c5_radio,0.3281857371330261,0.6447,yellow,0,False,driver_roi,[]
3382,56.419,True,c5_radio,0.3354341983795166,0.6446,yellow,0,False,driver_roi,[]
3383,56.436,True,c5_radio,0.3354341983795166,0.6446,yellow,0,False,driver_roi,[]
3384,56.453,True,c5_radio,0.3481040596961975,0.6445,yellow,0,False,driver_roi,[]
3385,56.469,True,c5_radio,0.3481040596961975,0.6445,yellow,0,False,driver_roi,[]
3386,56.486,True,c5_radio,0.3760940432548523,0.6445,yellow,0,False,driver_roi,[]
3387,56.503,True,c5_radio,0.3760940432548523,0.6445,yellow,0,False,driver_roi,[]
3388,56.519,True,c5_radio,0.4041500985622406,0.6446,yellow,0,False,driver_roi,[]
3389,56.536,True,c5_radio,0.4041500985622406,0.6446,yellow,0,False,driver_roi,[]
3390,56.553,True,c5_radio,0.42333537340164185,0.6447,yellow,0,False,driver_roi,[]
3391,56.569,True,c5_radio,0.42333537340164185,0.6447,yellow,0,False,driver_roi,[]
3392,56.586,True,c5_radio,0.4402164816856384,0.6447,yellow,0,False,driver_roi,[]
3393,56.603,True,c5_radio,0.4402164816856384,0.6447,yellow,0,False,driver_roi,[]
3394,56.619,True,c5_radio,0.45605191588401794,0.6447,yellow,0,False,driver_roi,[]
3395,56.636,True,c5_radio,0.45605191588401794,0.6447,yellow,0,False,driver_roi,[]
3396,56.653,True,c5_radio,0.46052637696266174,0.6448,yellow,0,False,driver_roi,[]
3397,56.669,True,c5_radio,0.46052637696266174,0.6448,yellow,0,False,driver_roi,[]
3398,56.686,True,c5_radio,0.45458585023880005,0.6449,yellow,0,False,driver_roi,[]
3399,56.703,True,c5_radio,0.45458585023880005,0.6449,yellow,0,False,driver_roi,[]
3400,56.72,True,c5_radio,0.44222718477249146,0.6451,yellow,0,False,driver_roi,[]
3401,56.736,True,c5_radio,0.44222718477249146,0.6451,yellow,0,False,driver_roi,[]
3402,56.753,True,c5_radio,0.42751890420913696,0.6454,yellow,0,False,driver_roi,[]
3403,56.77,True,c5_radio,0.42751890420913696,0.6454,yellow,0,False,driver_roi,[]
3404,56.786,True,c5_radio,0.41616344451904297,0.6465,yellow,0,False,driver_roi,[]
3405,56.803,True,c5_radio,0.41616344451904297,0.6465,yellow,0,False,driver_roi,[]
3406,56.82,True,c5_radio,0.40345263481140137,0.6468,yellow,0,False,driver_roi,[]
3407,56.836,True,c5_radio,0.40345263481140137,0.6468,yellow,0,False,driver_roi,[]
3408,56.853,True,c5_radio,0.375005304813385,0.6469,yellow,0,False,driver_roi,[]
3409,56.87,True,c5_radio,0.375005304813385,0.6469,yellow,0,False,driver_roi,[]
3410,56.886,True,c5_radio,0.34254974126815796,0.6469,yellow,0,False,driver_roi,[]
3411,56.903,True,c5_radio,0.34254974126815796,0.6469,yellow,0,False,driver_roi,[]
3412,56.92,True,c5_radio,0.32699519395828247,0.647,yellow,0,False,driver_roi,[]
3413,56.936,True,c5_radio,0.32699519395828247,0.647,yellow,0,False,driver_roi,[]
3414,56.953,True,c8_makeup,0.3376089036464691,0.647,yellow,0,False,driver_roi,[]
3415,56.97,True,c8_makeup,0.3376089036464691,0.647,yellow,0,False,driver_roi,[]
3416,56.986,True,c8_makeup,0.3511674702167511,0.6471,yellow,0,False,driver_roi,[]
3417,57.003,True,c8_makeup,0.3511674702167511,0.6471,yellow,0,False,driver_roi,[]
3418,57.02,True,c8_makeup,0.3654105067253113,0.648,yellow,0,False,driver_roi,[]
3419,57.036,True,c8_makeup,0.3654105067253113,0.648,yellow,0,False,driver_roi,[]
3420,57.053,True,c8_makeup,0.38717812299728394,0.6488,yellow,0,False,driver_roi,[]
3421,57.07,True,c8_makeup,0.38717812299728394,0.6488,yellow,0,False,driver_roi,[]
3422,57.087,True,c8_makeup,0.4152894616127014,0.649,yellow,0,False,driver_roi,[]
3423,57.103,True,c8_makeup,0.4152894616127014,0.649,yellow,0,False,driver_roi,[]
3424,57.12,True,c8_makeup,0.42940419912338257,0.649,yellow,0,False,driver_roi,[]
3425,57.137,True,c8_makeup,0.42940419912338257,0.649,yellow,0,False,driver_roi,[]
3426,57.153,True,c8_makeup,0.43913954496383667,0.649,yellow,0,False,driver_roi,[]
3427,57.17,True,c8_makeup,0.43913954496383667,0.649,yellow,0,False,driver_roi,[]
3428,57.187,True,c8_makeup,0.4474509358406067,0.649,yellow,0,False,driver_roi,[]
3429,57.203,True,c8_makeup,0.4474509358406067,0.649,yellow,0,False,driver_roi,[]
3430,57.22,True,c8_makeup,0.46759432554244995,0.649,yellow,0,False,driver_roi,[]
3431,57.237,True,c8_makeup,0.46759432554244995,0.649,yellow,0,False,driver_roi,[]
3432,57.253,True,c8_makeup,0.48628777265548706,0.649,yellow,0,False,driver_roi,[]
3433,57.27,True,c8_makeup,0.48628777265548706,0.649,yellow,0,False,driver_roi,[]
3434,57.287,True,c8_makeup,0.5068430304527283,0.649,yellow,0,False,driver_roi,[]
3435,57.303,True,c8_makeup,0.5068430304527283,0.649,yellow,0,False,driver_roi,[]
3436,57.32,True,c8_makeup,0.5281990170478821,0.649,yellow,0,False,driver_roi,[]
3437,57.337,True,c8_makeup,0.5281990170478821,0.649,yellow,0,False,driver_roi,[]
3438,57.353,True,c8_makeup,0.5471153855323792,0.6491,yellow,0,False,driver_roi,[]
3439,57.37,True,c8_makeup,0.5471153855323792,0.6491,yellow,0,False,driver_roi,[]
3440,57.387,True,c8_makeup,0.5521448850631714,0.6491,yellow,0,False,driver_roi,[]
3441,57.403,True,c8_makeup,0.5521448850631714,0.6491,yellow,0,False,driver_roi,[]
3442,57.42,True,c8_makeup,0.5649595856666565,0.6491,yellow,0,False,driver_roi,[]
3443,57.437,True,c8_makeup,0.5649595856666565,0.6491,yellow,0,False,driver_roi,[]
3444,57.454,True,c8_makeup,0.5771740674972534,0.6492,yellow,0,False,driver_roi,[]
3445,57.47,True,c8_makeup,0.5771740674972534,0.6492,yellow,0,False,driver_roi,[]
3446,57.487,True,c8_makeup,0.586887538433075,0.6492,yellow,0,False,driver_roi,[]
3447,57.504,True,c8_makeup,0.586887538433075,0.6492,yellow,0,False,driver_roi,[]
3448,57.52,True,c8_makeup,0.5936239957809448,0.6493,yellow,0,False,driver_roi,[]
3449,57.537,True,c8_makeup,0.5936239957809448,0.6493,yellow,0,False,driver_roi,[]
3450,57.554,True,c8_makeup,0.5970669984817505,0.6494,yellow,0,False,driver_roi,[]
3451,57.57,True,c8_makeup,0.5970669984817505,0.6494,yellow,0,False,driver_roi,[]
3452,57.587,True,c8_makeup,0.6070315837860107,0.6494,yellow,0,False,driver_roi,[]
3453,57.604,True,c8_makeup,0.6070315837860107,0.6494,yellow,0,False,driver_roi,[]
3454,57.62,True,c8_makeup,0.623335599899292,0.6495,yellow,0,False,driver_roi,[]
3455,57.637,True,c8_makeup,0.623335599899292,0.6495,yellow,0,False,driver_roi,[]
3456,57.654,True,c8_makeup,0.6441624164581299,0.6495,yellow,0,False,driver_roi,[]
3457,57.67,True,c8_makeup,0.6441624164581299,0.6495,yellow,0,False,driver_roi,[]
3458,57.687,True,c8_makeup,0.6661795377731323,0.6495,yellow,0,False,driver_roi,[]
3459,57.704,True,c8_makeup,0.6661795377731323,0.6495,yellow,0,False,driver_roi,[]
3460,57.72,True,c8_makeup,0.682529091835022,0.6495,yellow,0,False,driver_roi,[]
3461,57.737,True,c8_makeup,0.682529091835022,0.6495,yellow,0,False,driver_roi,[]
3462,57.754,True,c8_makeup,0.6844502687454224,0.6496,yellow,0,False,driver_roi,[]
3463,57.77,True,c8_makeup,0.6844502687454224,0.6496,yellow,0,False,driver_roi,[]
3464,57.787,True,c8_makeup,0.6795142889022827,0.6496,yellow,0,False,driver_roi,[]
3465,57.804,True,c8_makeup,0.6795142889022827,0.6496,yellow,0,False,driver_roi,[]
3466,57.821,True,c8_makeup,0.672248899936676,0.6496,yellow,0,False,driver_roi,[]
3467,57.837,True,c8_makeup,0.672248899936676,0.6496,yellow,0,False,driver_roi,[]
3468,57.854,True,c8_makeup,0.6688333749771118,0.6496,yellow,0,False,driver_roi,[]
3469,57.871,True,c8_makeup,0.6688333749771118,0.6496,yellow,0,False,driver_roi,[]
3470,57.887,True,c8_makeup,0.6365138292312622,0.6496,yellow,0,False,driver_roi,[]
3471,57.904,True,c8_makeup,0.6365138292312622,0.6496,yellow,0,False,driver_roi,[]
3472,57.921,True,c8_makeup,0.6020357608795166,0.6496,yellow,0,False,driver_roi,[]
3473,57.937,True,c8_makeup,0.6020357608795166,0.6496,yellow,0,False,driver_roi,[]
3474,57.954,True,c8_makeup,0.5632414817810059,0.6496,yellow,0,False,driver_roi,[]
3475,57.971,True,c8_makeup,0.5632414817810059,0.6496,yellow,0,False,driver_roi,[]
3476,57.987,True,c8_makeup,0.523698627948761,0.6495,yellow,0,False,driver_roi,[]
3477,58.004,True,c8_makeup,0.523698627948761,0.6495,yellow,0,False,driver_roi,[]
3478,58.021,True,c8_makeup,0.4886168837547302,0.6492,yellow,0,False,driver_roi,[]
3479,58.037,True,c8_makeup,0.4886168837547302,0.6492,yellow,0,False,driver_roi,[]
3480,58.054,True,c8_makeup,0.4619637131690979,0.6487,yellow,0,False,driver_roi,[]
3481,58.071,True,c8_makeup,0.4619637131690979,0.6487,yellow,0,False,driver_roi,[]
3482,58.087,True,c8_makeup,0.43262019753456116,0.648,yellow,0,False,driver_roi,[]
3483,58.104,True,c8_makeup,0.43262019753456116,0.648,yellow,0,False,driver_roi,[]
3484,58.121,True,c8_makeup,0.4076925814151764,0.6472,yellow,0,False,driver_roi,[]
3485,58.138,True,c8_makeup,0.4076925814151764,0.6472,yellow,0,False,driver_roi,[]
3486,58.154,True,c5_radio,0.4118555188179016,0.6456,yellow,0,False,driver_roi,[]
3487,58.171,True,c5_radio,0.4118555188179016,0.6456,yellow,0,False,driver_roi,[]
3488,58.188,True,c5_radio,0.4175697863101959,0.6433,yellow,0,False,driver_roi,[]
3489,58.204,True,c5_radio,0.4175697863101959,0.6433,yellow,0,False,driver_roi,[]
3490,58.221,True,c5_radio,0.4179961681365967,0.6407,yellow,0,False,driver_roi,[]
3491,58.238,True,c5_radio,0.4179961681365967,0.6407,yellow,0,False,driver_roi,[]
3492,58.254,True,c5_radio,0.42050901055336,0.6379,yellow,0,False,driver_roi,[]
3493,58.271,True,c5_radio,0.42050901055336,0.6379,yellow,0,False,driver_roi,[]
3494,58.288,True,c5_radio,0.4225660264492035,0.6357,yellow,0,False,driver_roi,[]
3495,58.304,True,c5_radio,0.4225660264492035,0.6357,yellow,0,False,driver_roi,[]
3496,58.321,True,c5_radio,0.41923803091049194,0.6328,yellow,0,False,driver_roi,[]
3497,58.338,True,c5_radio,0.41923803091049194,0.6328,yellow,0,False,driver_roi,[]
3498,58.354,True,c5_radio,0.4181583821773529,0.6295,yellow,0,False,driver_roi,[]
3499,58.371,True,c5_radio,0.4181583821773529,0.6295,yellow,0,False,driver_roi,[]
3500,58.388,True,c5_radio,0.4173080325126648,0.6257,yellow,0,False,driver_roi,[]
3501,58.404,True,c5_radio,0.4173080325126648,0.6257,yellow,0,False,driver_roi,[]
3502,58.421,True,c5_radio,0.4146527647972107,0.6237,yellow,0,False,driver_roi,[]
3503,58.438,True,c5_radio,0.4146527647972107,0.6237,yellow,0,False,driver_roi,[]
3504,58.454,True,c5_radio,0.4007713198661804,0.6217,yellow,0,False,driver_roi,[]
3505,58.471,True,c5_radio,0.4007713198661804,0.6217,yellow,0,False,driver_roi,[]
3506,58.488,True,c5_radio,0.3835912048816681,0.6183,yellow,0,False,driver_roi,[]
3507,58.505,True,c5_radio,0.3835912048816681,0.6183,yellow,0,False,driver_roi,[]
3508,58.521,True,c5_radio,0.36737921833992004,0.6152,yellow,0,False,driver_roi,[]
3509,58.538,True,c5_radio,0.36737921833992004,0.6152,yellow,0,False,driver_roi,[]
3510,58.555,True,c9_talking,0.3488791584968567,0.6113,yellow,0,False,driver_roi,[]
3511,58.571,True,c9_talking,0.3488791584968567,0.6113,yellow,0,False,driver_roi,[]
3512,58.588,True,c9_talking,0.36629584431648254,0.6074,yellow,0,False,driver_roi,[]
3513,58.605,True,c9_talking,0.36629584431648254,0.6074,yellow,0,False,driver_roi,[]
3514,58.621,True,c9_talking,0.38410481810569763,0.6034,yellow,0,False,driver_roi,[]
3515,58.638,True,c9_talking,0.38410481810569763,0.6034,yellow,0,False,driver_roi,[]
3516,58.655,True,c9_talking,0.39948272705078125,0.5995,yellow,0,False,driver_roi,[]
3517,58.671,True,c9_talking,0.39948272705078125,0.5995,yellow,0,False,driver_roi,[]
3518,58.688,True,c9_talking,0.4032880663871765,0.5964,yellow,0,False,driver_roi,[]
3519,58.705,True,c9_talking,0.4032880663871765,0.5964,yellow,0,False,driver_roi,[]
3520,58.721,True,c9_talking,0.41809168457984924,0.5932,yellow,0,False,driver_roi,[]
3521,58.738,True,c9_talking,0.41809168457984924,0.5932,yellow,0,False,driver_roi,[]
3522,58.755,True,c9_talking,0.43333619832992554,0.5923,yellow,0,False,driver_roi,[]
3523,58.771,True,c9_talking,0.43333619832992554,0.5923,yellow,0,False,driver_roi,[]
3524,58.788,True,c9_talking,0.4484078884124756,0.5916,yellow,0,False,driver_roi,[]
3525,58.805,True,c9_talking,0.4484078884124756,0.5916,yellow,0,False,driver_roi,[]
3526,58.821,True,c9_talking,0.4664291441440582,0.5906,yellow,0,False,driver_roi,[]
3527,58.838,True,c9_talking,0.4664291441440582,0.5906,yellow,0,False,driver_roi,[]
3528,58.855,True,c9_talking,0.47306108474731445,0.5893,yellow,0,False,driver_roi,[]
3529,58.872,True,c9_talking,0.47306108474731445,0.5893,yellow,0,False,driver_roi,[]
3530,58.888,True,c9_talking,0.4836989939212799,0.5883,yellow,0,False,driver_roi,[]
3531,58.905,True,c9_talking,0.4836989939212799,0.5883,yellow,0,False,driver_roi,[]
3532,58.922,True,c9_talking,0.4990667402744293,0.5888,yellow,0,False,driver_roi,[]
3533,58.938,True,c9_talking,0.4990667402744293,0.5888,yellow,0,False,driver_roi,[]
3534,58.955,True,c9_talking,0.5156113505363464,0.5891,yellow,0,False,driver_roi,[]
3535,58.972,True,c9_talking,0.5156113505363464,0.5891,yellow,0,False,driver_roi,[]
3536,58.988,True,c9_talking,0.5257039070129395,0.5901,yellow,0,False,driver_roi,[]
3537,59.005,True,c9_talking,0.5257039070129395,0.5901,yellow,0,False,driver_roi,[]
3538,59.022,True,c9_talking,0.539133608341217,0.5911,yellow,0,False,driver_roi,[]
3539,59.038,True,c9_talking,0.539133608341217,0.5911,yellow,0,False,driver_roi,[]
3540,59.055,True,c9_talking,0.5553327202796936,0.5927,yellow,0,False,driver_roi,[]
3541,59.072,True,c9_talking,0.5553327202796936,0.5927,yellow,0,False,driver_roi,[]
3542,59.088,True,c9_talking,0.5737084150314331,0.5933,yellow,0,False,driver_roi,[]
3543,59.105,True,c9_talking,0.5737084150314331,0.5933,yellow,0,False,driver_roi,[]
3544,59.122,True,c9_talking,0.59209144115448,0.594,yellow,0,False,driver_roi,[]
3545,59.138,True,c9_talking,0.59209144115448,0.594,yellow,0,False,driver_roi,[]
3546,59.155,True,c9_talking,0.6089142560958862,0.5958,yellow,0,False,driver_roi,[]
3547,59.172,True,c9_talking,0.6089142560958862,0.5958,yellow,0,False,driver_roi,[]
3548,59.188,True,c9_talking,0.6142683029174805,0.5975,yellow,0,False,driver_roi,[]
3549,59.205,True,c9_talking,0.6142683029174805,0.5975,yellow,0,False,driver_roi,[]
3550,59.222,True,c9_talking,0.6159279942512512,0.5998,yellow,0,False,driver_roi,[]
3551,59.239,True,c9_talking,0.6159279942512512,0.5998,yellow,0,False,driver_roi,[]
3552,59.255,True,c9_talking,0.6257662773132324,0.6025,yellow,0,False,driver_roi,[]
3553,59.272,True,c9_talking,0.6257662773132324,0.6025,yellow,0,False,driver_roi,[]
3554,59.289,True,c9_talking,0.6412409543991089,0.6053,yellow,0,False,driver_roi,[]
3555,59.305,True,c9_talking,0.6412409543991089,0.6053,yellow,0,False,driver_roi,[]
3556,59.322,True,c9_talking,0.6557034254074097,0.6082,yellow,0,False,driver_roi,[]
3557,59.339,True,c9_talking,0.6557034254074097,0.6082,yellow,0,False,driver_roi,[]
3558,59.355,True,c9_talking,0.672116756439209,0.6104,yellow,0,False,driver_roi,[]
3559,59.372,True,c9_talking,0.672116756439209,0.6104,yellow,0,False,driver_roi,[]
3560,59.389,True,c9_talking,0.6868330240249634,0.6131,yellow,0,False,driver_roi,[]
3561,59.405,True,c9_talking,0.6868330240249634,0.6131,yellow,0,False,driver_roi,[]
3562,59.422,True,c9_talking,0.6892927289009094,0.6132,yellow,0,False,driver_roi,[]
3563,59.439,True,c9_talking,0.6892927289009094,0.6132,yellow,0,False,driver_roi,[]
3564,59.455,True,c9_talking,0.6798948049545288,0.6128,yellow,0,False,driver_roi,[]
3565,59.472,True,c9_talking,0.6798948049545288,0.6128,yellow,0,False,driver_roi,[]
3566,59.489,True,c9_talking,0.6737651824951172,0.6136,yellow,0,False,driver_roi,[]
3567,59.505,True,c9_talking,0.6737651824951172,0.6136,yellow,0,False,driver_roi,[]
3568,59.522,True,c9_talking,0.6759502291679382,0.6151,yellow,0,False,driver_roi,[]
3569,59.539,True,c9_talking,0.6759502291679382,0.6151,yellow,0,False,driver_roi,[]
3570,59.555,True,c9_talking,0.6826798319816589,0.6172,yellow,0,False,driver_roi,[]
3571,59.572,True,c9_talking,0.6826798319816589,0.6172,yellow,0,False,driver_roi,[]
3572,59.589,True,c9_talking,0.6897207498550415,0.6188,yellow,0,False,driver_roi,[]
3573,59.606,True,c9_talking,0.6897207498550415,0.6188,yellow,0,False,driver_roi,[]
3574,59.622,True,c9_talking,0.6898035407066345,0.6201,yellow,0,False,driver_roi,[]
3575,59.639,True,c9_talking,0.6898035407066345,0.6201,yellow,0,False,driver_roi,[]
3576,59.656,True,c9_talking,0.6884269714355469,0.6215,yellow,0,False,driver_roi,[]
3577,59.672,True,c9_talking,0.6884269714355469,0.6215,yellow,0,False,driver_roi,[]
3578,59.689,True,c9_talking,0.6870359778404236,0.6233,yellow,0,False,driver_roi,[]
3579,59.706,True,c9_talking,0.6870359778404236,0.6233,yellow,0,False,driver_roi,[]
3580,59.722,True,c9_talking,0.6812652945518494,0.6249,yellow,0,False,driver_roi,[]
3581,59.739,True,c9_talking,0.6812652945518494,0.6249,yellow,0,False,driver_roi,[]
3582,59.756,True,c9_talking,0.6756519675254822,0.6254,yellow,0,False,driver_roi,[]
3583,59.772,True,c9_talking,0.6756519675254822,0.6254,yellow,0,False,driver_roi,[]
3584,59.789,True,c9_talking,0.6689332127571106,0.6254,yellow,0,False,driver_roi,[]
3585,59.806,True,c9_talking,0.6689332127571106,0.6254,yellow,0,False,driver_roi,[]
3586,59.822,True,c9_talking,0.6506465673446655,0.6257,yellow,0,False,driver_roi,[]
3587,59.839,True,c9_talking,0.6506465673446655,0.6257,yellow,0,False,driver_roi,[]
3588,59.856,True,c9_talking,0.6370605826377869,0.6255,yellow,0,False,driver_roi,[]
3589,59.872,True,c9_talking,0.6370605826377869,0.6255,yellow,0,False,driver_roi,[]
3590,59.889,True,c9_talking,0.6261458396911621,0.6258,yellow,0,False,driver_roi,[]
3591,59.906,True,c9_talking,0.6261458396911621,0.6258,yellow,0,False,driver_roi,[]
3592,59.923,True,c9_talking,0.6162973046302795,0.626,yellow,0,False,driver_roi,[]
3593,59.939,True,c9_talking,0.6162973046302795,0.626,yellow,0,False,driver_roi,[]
3594,59.956,True,c9_talking,0.5998319983482361,0.6262,yellow,0,False,driver_roi,[]
3595,59.973,True,c9_talking,0.5998319983482361,0.6262,yellow,0,False,driver_roi,[]
3596,59.989,True,c9_talking,0.585715115070343,0.6263,yellow,0,False,driver_roi,[]
3597,60.006,True,c9_talking,0.585715115070343,0.6263,yellow,0,False,driver_roi,[]
3598,60.023,True,c9_talking,0.5728257894515991,0.6266,yellow,0,False,driver_roi,[]
3599,60.039,True,c9_talking,0.5728257894515991,0.6266,yellow,0,False,driver_roi,[]
3600,60.056,True,c9_talking,0.5639567971229553,0.6267,yellow,0,False,driver_roi,[]
3601,60.073,True,c9_talking,0.5639567971229553,0.6267,yellow,0,False,driver_roi,[]
3602,60.089,True,c9_talking,0.5644025206565857,0.6269,yellow,0,False,driver_roi,[]
3603,60.106,True,c9_talking,0.5644025206565857,0.6269,yellow,0,False,driver_roi,[]
3604,60.123,True,c9_talking,0.5747580528259277,0.6279,yellow,0,False,driver_roi,[]
3605,60.139,True,c9_talking,0.5747580528259277,0.6279,yellow,0,False,driver_roi,[]
3606,60.156,True,c9_talking,0.5811593532562256,0.629,yellow,0,False,driver_roi,[]
3607,60.173,True,c9_talking,0.5811593532562256,0.629,yellow,0,False,driver_roi,[]
3608,60.189,True,c9_talking,0.5846003293991089,0.63,yellow,0,False,driver_roi,[]
3609,60.206,True,c9_talking,0.5846003293991089,0.63,yellow,0,False,driver_roi,[]
3610,60.223,True,c9_talking,0.5885363817214966,0.6302,yellow,0,False,driver_roi,[]
3611,60.239,True,c9_talking,0.5885363817214966,0.6302,yellow,0,False,driver_roi,[]
3612,60.256,True,c9_talking,0.5801613330841064,0.6281,yellow,0,False,driver_roi,[]
3613,60.273,True,c9_talking,0.5801613330841064,0.6281,yellow,0,False,driver_roi,[]
3614,60.29,True,c9_talking,0.5792074203491211,0.6262,yellow,0,False,driver_roi,[]
3615,60.306,True,c9_talking,0.5792074203491211,0.6262,yellow,0,False,driver_roi,[]
3616,60.323,True,c9_talking,0.5747104287147522,0.6249,yellow,0,False,driver_roi,[]
3617,60.34,True,c9_talking,0.5747104287147522,0.6249,yellow,0,False,driver_roi,[]
3618,60.356,True,c9_talking,0.5691999197006226,0.6241,yellow,0,False,driver_roi,[]
3619,60.373,True,c9_talking,0.5691999197006226,0.6241,yellow,0,False,driver_roi,[]
3620,60.39,True,c9_talking,0.5655726790428162,0.6235,yellow,0,False,driver_roi,[]
3621,60.406,True,c9_talking,0.5655726790428162,0.6235,yellow,0,False,driver_roi,[]
3622,60.423,True,c9_talking,0.561371386051178,0.6235,yellow,0,False,driver_roi,[]
3623,60.44,True,c9_talking,0.561371386051178,0.6235,yellow,0,False,driver_roi,[]
3624,60.456,True,c9_talking,0.5585991740226746,0.6236,yellow,0,False,driver_roi,[]
3625,60.473,True,c9_talking,0.5585991740226746,0.6236,yellow,0,False,driver_roi,[]
3626,60.49,True,c9_talking,0.5644163489341736,0.6239,yellow,0,False,driver_roi,[]
3627,60.506,True,c9_talking,0.5644163489341736,0.6239,yellow,0,False,driver_roi,[]
3628,60.523,True,c9_talking,0.5700639486312866,0.6249,yellow,0,False,driver_roi,[]
3629,60.54,True,c9_talking,0.5700639486312866,0.6249,yellow,0,False,driver_roi,[]
3630,60.556,True,c9_talking,0.5789440870285034,0.6254,yellow,0,False,driver_roi,[]
3631,60.573,True,c9_talking,0.5789440870285034,0.6254,yellow,0,False,driver_roi,[]
3632,60.59,True,c9_talking,0.5850945711135864,0.6257,yellow,0,False,driver_roi,[]
3633,60.606,True,c9_talking,0.5850945711135864,0.6257,yellow,0,False,driver_roi,[]
3634,60.623,True,c9_talking,0.5935771465301514,0.6258,yellow,0,False,driver_roi,[]
3635,60.64,True,c9_talking,0.5935771465301514,0.6258,yellow,0,False,driver_roi,[]
3636,60.657,True,c9_talking,0.6029993295669556,0.6258,yellow,0,False,driver_roi,[]
3637,60.673,True,c9_talking,0.6029993295669556,0.6258,yellow,0,False,driver_roi,[]
3638,60.69,True,c9_talking,0.6114469170570374,0.6258,yellow,0,False,driver_roi,[]
3639,60.707,True,c9_talking,0.6114469170570374,0.6258,yellow,0,False,driver_roi,[]
3640,60.723,True,c9_talking,0.6165453195571899,0.6248,yellow,0,False,driver_roi,[]
3641,60.74,True,c9_talking,0.6165453195571899,0.6248,yellow,0,False,driver_roi,[]
3642,60.757,True,c9_talking,0.6171431541442871,0.6234,yellow,0,False,driver_roi,[]
3643,60.773,True,c9_talking,0.6171431541442871,0.6234,yellow,0,False,driver_roi,[]
3644,60.79,True,c9_talking,0.6090981364250183,0.622,yellow,0,False,driver_roi,[]
3645,60.807,True,c9_talking,0.6090981364250183,0.622,yellow,0,False,driver_roi,[]
3646,60.823,True,c9_talking,0.5982707738876343,0.6199,yellow,0,False,driver_roi,[]
3647,60.84,True,c9_talking,0.5982707738876343,0.6199,yellow,0,False,driver_roi,[]
3648,60.857,True,c9_talking,0.584676206111908,0.6186,yellow,0,False,driver_roi,[]
3649,60.873,True,c9_talking,0.584676206111908,0.6186,yellow,0,False,driver_roi,[]
3650,60.89,True,c9_talking,0.5664571523666382,0.6175,yellow,0,False,driver_roi,[]
3651,60.907,True,c9_talking,0.5664571523666382,0.6175,yellow,0,False,driver_roi,[]
3652,60.923,True,c9_talking,0.5557345151901245,0.6179,yellow,0,False,driver_roi,[]
3653,60.94,True,c9_talking,0.5557345151901245,0.6179,yellow,0,False,driver_roi,[]
3654,60.957,True,c9_talking,0.543243944644928,0.6182,yellow,0,False,driver_roi,[]
3655,60.973,True,c9_talking,0.543243944644928,0.6182,yellow,0,False,driver_roi,[]
3656,60.99,True,c9_talking,0.5366746783256531,0.6185,yellow,0,False,driver_roi,[]
3657,61.007,True,c9_talking,0.5366746783256531,0.6185,yellow,0,False,driver_roi,[]
3658,61.024,True,c9_talking,0.5305356383323669,0.6183,yellow,0,False,driver_roi,[]
3659,61.04,True,c9_talking,0.5305356383323669,0.6183,yellow,0,False,driver_roi,[]
3660,61.057,True,c9_talking,0.5243562459945679,0.618,yellow,0,False,driver_roi,[]
3661,61.074,True,c9_talking,0.5243562459945679,0.618,yellow,0,False,driver_roi,[]
3662,61.09,True,c9_talking,0.5154845714569092,0.6172,yellow,0,False,driver_roi,[]
3663,61.107,True,c9_talking,0.5154845714569092,0.6172,yellow,0,False,driver_roi,[]
3664,61.124,True,c9_talking,0.5042519569396973,0.6165,yellow,0,False,driver_roi,[]
3665,61.14,True,c9_talking,0.5042519569396973,0.6165,yellow,0,False,driver_roi,[]
3666,61.157,True,c9_talking,0.49675050377845764,0.6153,yellow,0,False,driver_roi,[]
3667,61.174,True,c9_talking,0.49675050377845764,0.6153,yellow,0,False,driver_roi,[]
3668,61.19,True,c9_talking,0.49000364542007446,0.6132,yellow,0,False,driver_roi,[]
3669,61.207,True,c9_talking,0.49000364542007446,0.6132,yellow,0,False,driver_roi,[]
3670,61.224,True,c9_talking,0.48251599073410034,0.6114,yellow,0,False,driver_roi,[]
3671,61.24,True,c9_talking,0.48251599073410034,0.6114,yellow,0,False,driver_roi,[]
3672,61.257,True,c9_talking,0.4773976802825928,0.6098,yellow,0,False,driver_roi,[]
3673,61.274,True,c9_talking,0.4773976802825928,0.6098,yellow,0,False,driver_roi,[]
3674,61.29,True,c9_talking,0.4714745879173279,0.6088,yellow,0,False,driver_roi,[]
3675,61.307,True,c9_talking,0.4714745879173279,0.6088,yellow,0,False,driver_roi,[]
3676,61.324,True,c9_talking,0.46159377694129944,0.6068,yellow,0,False,driver_roi,[]
3677,61.34,True,c9_talking,0.46159377694129944,0.6068,yellow,0,False,driver_roi,[]
3678,61.357,True,c9_talking,0.4499961733818054,0.6035,yellow,0,False,driver_roi,[]
3679,61.374,True,c9_talking,0.4499961733818054,0.6035,yellow,0,False,driver_roi,[]
3680,61.391,True,c9_talking,0.4389980435371399,0.6013,yellow,0,False,driver_roi,[]
3681,61.407,True,c9_talking,0.4389980435371399,0.6013,yellow,0,False,driver_roi,[]
3682,61.424,True,c9_talking,0.4288753569126129,0.6009,yellow,0,False,driver_roi,[]
3683,61.441,True,c9_talking,0.4288753569126129,0.6009,yellow,0,False,driver_roi,[]
3684,61.457,True,c9_talking,0.4229000508785248,0.6011,yellow,0,False,driver_roi,[]
3685,61.474,True,c9_talking,0.4229000508785248,0.6011,yellow,0,False,driver_roi,[]
3686,61.491,True,c9_talking,0.4198710322380066,0.6015,yellow,0,False,driver_roi,[]
3687,61.507,True,c9_talking,0.4198710322380066,0.6015,yellow,0,False,driver_roi,[]
3688,61.524,True,c9_talking,0.42171138525009155,0.6016,yellow,0,False,driver_roi,[]
3689,61.541,True,c9_talking,0.42171138525009155,0.6016,yellow,0,False,driver_roi,[]
3690,61.557,True,c9_talking,0.42274555563926697,0.6017,yellow,0,False,driver_roi,[]
3691,61.574,True,c9_talking,0.42274555563926697,0.6017,yellow,0,False,driver_roi,[]
3692,61.591,True,c9_talking,0.4259267747402191,0.6022,yellow,0,False,driver_roi,[]
3693,61.607,True,c9_talking,0.4259267747402191,0.6022,yellow,0,False,driver_roi,[]
3694,61.624,True,c9_talking,0.435342401266098,0.602,yellow,0,False,driver_roi,[]
3695,61.641,True,c9_talking,0.435342401266098,0.602,yellow,0,False,driver_roi,[]
3696,61.657,True,c9_talking,0.4459042549133301,0.6018,yellow,0,False,driver_roi,[]
3697,61.674,True,c9_talking,0.4459042549133301,0.6018,yellow,0,False,driver_roi,[]
3698,61.691,True,c9_talking,0.4606618881225586,0.602,yellow,0,False,driver_roi,[]
3699,61.707,True,c9_talking,0.4606618881225586,0.602,yellow,0,False,driver_roi,[]
3700,61.724,True,c9_talking,0.47250857949256897,0.6019,yellow,0,False,driver_roi,[]
3701,61.741,True,c9_talking,0.47250857949256897,0.6019,yellow,0,False,driver_roi,[]
3702,61.758,True,c9_talking,0.4858601987361908,0.6029,yellow,0,False,driver_roi,[]
3703,61.774,True,c9_talking,0.4858601987361908,0.6029,yellow,0,False,driver_roi,[]
3704,61.791,True,c9_talking,0.5101698637008667,0.6038,yellow,0,False,driver_roi,[]
3705,61.808,True,c9_talking,0.5101698637008667,0.6038,yellow,0,False,driver_roi,[]
3706,61.824,True,c9_talking,0.5327982306480408,0.6052,yellow,0,False,driver_roi,[]
3707,61.841,True,c9_talking,0.5327982306480408,0.6052,yellow,0,False,driver_roi,[]
3708,61.858,True,c9_talking,0.5565105080604553,0.6075,yellow,0,False,driver_roi,[]
3709,61.874,True,c9_talking,0.5565105080604553,0.6075,yellow,0,False,driver_roi,[]
3710,61.891,True,c9_talking,0.5799500942230225,0.6094,yellow,0,False,driver_roi,[]
3711,61.908,True,c9_talking,0.5799500942230225,0.6094,yellow,0,False,driver_roi,[]
3712,61.924,True,c9_talking,0.6008633971214294,0.611,yellow,0,False,driver_roi,[]
3713,61.941,True,c9_talking,0.6008633971214294,0.611,yellow,0,False,driver_roi,[]
3714,61.958,True,c9_talking,0.6177639365196228,0.6125,yellow,0,False,driver_roi,[]
3715,61.974,True,c9_talking,0.6177639365196228,0.6125,yellow,0,False,driver_roi,[]
3716,61.991,True,c9_talking,0.623303234577179,0.6151,yellow,0,False,driver_roi,[]
3717,62.008,True,c9_talking,0.623303234577179,0.6151,yellow,0,False,driver_roi,[]
3718,62.024,True,c9_talking,0.6298047304153442,0.6193,yellow,0,False,driver_roi,[]
3719,62.041,True,c9_talking,0.6298047304153442,0.6193,yellow,0,False,driver_roi,[]
3720,62.058,True,c9_talking,0.6338689923286438,0.6234,yellow,0,False,driver_roi,[]
3721,62.075,True,c9_talking,0.6338689923286438,0.6234,yellow,0,False,driver_roi,[]
3722,62.091,True,c9_talking,0.6224550008773804,0.6265,yellow,0,False,driver_roi,[]
3723,62.108,True,c9_talking,0.6224550008773804,0.6265,yellow,0,False,driver_roi,[]
3724,62.125,True,c9_talking,0.6167058348655701,0.6288,yellow,0,False,driver_roi,[]
3725,62.141,True,c9_talking,0.6167058348655701,0.6288,yellow,0,False,driver_roi,[]
3726,62.158,True,c9_talking,0.6028175950050354,0.6312,yellow,0,False,driver_roi,[]
3727,62.175,True,c9_talking,0.6028175950050354,0.6312,yellow,0,False,driver_roi,[]
3728,62.191,True,c9_talking,0.5799371004104614,0.6335,yellow,0,False,driver_roi,[]
3729,62.208,True,c9_talking,0.5799371004104614,0.6335,yellow,0,False,driver_roi,[]
3730,62.225,True,c9_talking,0.5561755895614624,0.6356,yellow,0,False,driver_roi,[]
3731,62.241,True,c9_talking,0.5561755895614624,0.6356,yellow,0,False,driver_roi,[]
3732,62.258,True,c9_talking,0.531028151512146,0.6376,yellow,0,False,driver_roi,[]
3733,62.275,True,c9_talking,0.531028151512146,0.6376,yellow,0,False,driver_roi,[]
3734,62.291,True,c9_talking,0.5006245374679565,0.64,yellow,0,False,driver_roi,[]
3735,62.308,True,c9_talking,0.5006245374679565,0.64,yellow,0,False,driver_roi,[]
3736,62.325,True,c9_talking,0.4673547148704529,0.6418,yellow,0,False,driver_roi,[]
3737,62.341,True,c9_talking,0.4673547148704529,0.6418,yellow,0,False,driver_roi,[]
3738,62.358,True,c9_talking,0.4311192035675049,0.6432,yellow,0,False,driver_roi,[]
3739,62.375,True,c9_talking,0.4311192035675049,0.6432,yellow,0,False,driver_roi,[]
3740,62.391,True,c9_talking,0.39998817443847656,0.6445,yellow,0,False,driver_roi,[]
3741,62.408,True,c9_talking,0.39998817443847656,0.6445,yellow,0,False,driver_roi,[]
3742,62.425,True,c8_makeup,0.40257424116134644,0.6454,yellow,0,False,driver_roi,[]
3743,62.442,True,c8_makeup,0.40257424116134644,0.6454,yellow,0,False,driver_roi,[]
3744,62.458,True,c8_makeup,0.44100213050842285,0.6463,yellow,0,False,driver_roi,[]
3745,62.475,True,c8_makeup,0.44100213050842285,0.6463,yellow,0,False,driver_roi,[]
3746,62.492,True,c8_makeup,0.4584656357765198,0.6471,yellow,0,False,driver_roi,[]
3747,62.508,True,c8_makeup,0.4584656357765198,0.6471,yellow,0,False,driver_roi,[]
3748,62.525,True,c8_makeup,0.4678334593772888,0.6475,yellow,0,False,driver_roi,[]
3749,62.542,True,c8_makeup,0.4678334593772888,0.6475,yellow,0,False,driver_roi,[]
3750,62.558,True,c8_makeup,0.47636133432388306,0.6482,yellow,0,False,driver_roi,[]
3751,62.575,True,c8_makeup,0.47636133432388306,0.6482,yellow,0,False,driver_roi,[]
3752,62.592,True,c8_makeup,0.4838784337043762,0.649,yellow,0,False,driver_roi,[]
3753,62.608,True,c8_makeup,0.4838784337043762,0.649,yellow,0,False,driver_roi,[]
3754,62.625,True,c8_makeup,0.48864302039146423,0.6494,yellow,0,False,driver_roi,[]
3755,62.642,True,c8_makeup,0.48864302039146423,0.6494,yellow,0,False,driver_roi,[]
3756,62.658,True,c8_makeup,0.4973161816596985,0.6497,yellow,0,False,driver_roi,[]
3757,62.675,True,c8_makeup,0.4973161816596985,0.6497,yellow,0,False,driver_roi,[]
3758,62.692,True,c8_makeup,0.5035877227783203,0.6497,yellow,0,False,driver_roi,[]
3759,62.708,True,c8_makeup,0.5035877227783203,0.6497,yellow,0,False,driver_roi,[]
3760,62.725,True,c8_makeup,0.5049811005592346,0.6498,yellow,0,False,driver_roi,[]
3761,62.742,True,c8_makeup,0.5049811005592346,0.6498,yellow,0,False,driver_roi,[]
3762,62.758,True,c8_makeup,0.4840381145477295,0.6498,yellow,0,False,driver_roi,[]
3763,62.775,True,c8_makeup,0.4840381145477295,0.6498,yellow,0,False,driver_roi,[]
3764,62.792,True,c8_makeup,0.47159630060195923,0.6498,yellow,0,False,driver_roi,[]
3765,62.809,True,c8_makeup,0.47159630060195923,0.6498,yellow,0,False,driver_roi,[]
3766,62.825,True,c8_makeup,0.4605407118797302,0.6498,yellow,0,False,driver_roi,[]
3767,62.842,True,c8_makeup,0.4605407118797302,0.6498,yellow,0,False,driver_roi,[]
3768,62.859,True,c8_makeup,0.43864578008651733,0.6498,yellow,0,False,driver_roi,[]
3769,62.875,True,c8_makeup,0.43864578008651733,0.6498,yellow,0,False,driver_roi,[]
3770,62.892,True,c8_makeup,0.41981473565101624,0.6498,yellow,0,False,driver_roi,[]
3771,62.909,True,c8_makeup,0.41981473565101624,0.6498,yellow,0,False,driver_roi,[]
3772,62.925,True,c8_makeup,0.41836196184158325,0.6498,yellow,0,False,driver_roi,[]
3773,62.942,True,c8_makeup,0.41836196184158325,0.6498,yellow,0,False,driver_roi,[]
3774,62.959,True,c9_talking,0.42345890402793884,0.6498,yellow,0,False,driver_roi,[]
3775,62.975,True,c9_talking,0.42345890402793884,0.6498,yellow,0,False,driver_roi,[]
3776,62.992,True,c9_talking,0.44368547201156616,0.6498,yellow,0,False,driver_roi,[]
3777,63.009,True,c9_talking,0.44368547201156616,0.6498,yellow,0,False,driver_roi,[]
3778,63.025,True,c9_talking,0.4658525884151459,0.6498,yellow,0,False,driver_roi,[]
3779,63.042,True,c9_talking,0.4658525884151459,0.6498,yellow,0,False,driver_roi,[]
3780,63.059,True,c9_talking,0.48859119415283203,0.6498,yellow,0,False,driver_roi,[]
3781,63.075,True,c9_talking,0.48859119415283203,0.6498,yellow,0,False,driver_roi,[]
3782,63.092,True,c9_talking,0.5029696226119995,0.6498,yellow,0,False,driver_roi,[]
3783,63.109,True,c9_talking,0.5029696226119995,0.6498,yellow,0,False,driver_roi,[]
3784,63.125,True,c9_talking,0.5139182806015015,0.6498,yellow,0,False,driver_roi,[]
3785,63.142,True,c9_talking,0.5139182806015015,0.6498,yellow,0,False,driver_roi,[]
3786,63.159,True,c9_talking,0.505656898021698,0.6498,yellow,0,False,driver_roi,[]
3787,63.176,True,c9_talking,0.505656898021698,0.6498,yellow,0,False,driver_roi,[]
3788,63.192,True,c9_talking,0.4868718683719635,0.6498,yellow,0,False,driver_roi,[]
3789,63.209,True,c9_talking,0.4868718683719635,0.6498,yellow,0,False,driver_roi,[]
3790,63.226,True,c9_talking,0.4623960554599762,0.6498,yellow,0,False,driver_roi,[]
3791,63.242,True,c9_talking,0.4623960554599762,0.6498,yellow,0,False,driver_roi,[]
3792,63.259,True,c9_talking,0.4333741068840027,0.6498,yellow,0,False,driver_roi,[]
3793,63.276,True,c9_talking,0.4333741068840027,0.6498,yellow,0,False,driver_roi,[]
3794,63.292,True,c9_talking,0.3986324071884155,0.6498,yellow,0,False,driver_roi,[]
3795,63.309,True,c9_talking,0.3986324071884155,0.6498,yellow,0,False,driver_roi,[]
3796,63.326,True,c8_makeup,0.37067991495132446,0.6498,yellow,0,False,driver_roi,[]
3797,63.342,True,c8_makeup,0.37067991495132446,0.6498,yellow,0,False,driver_roi,[]
3798,63.359,True,c8_makeup,0.38760459423065186,0.6497,yellow,0,False,driver_roi,[]
3799,63.376,True,c8_makeup,0.38760459423065186,0.6497,yellow,0,False,driver_roi,[]
3800,63.392,True,c8_makeup,0.4047735631465912,0.6497,yellow,0,False,driver_roi,[]
3801,63.409,True,c8_makeup,0.4047735631465912,0.6497,yellow,0,False,driver_roi,[]
3802,63.426,True,c8_makeup,0.4255429208278656,0.6497,yellow,0,False,driver_roi,[]
3803,63.442,True,c8_makeup,0.4255429208278656,0.6497,yellow,0,False,driver_roi,[]
3804,63.459,True,c8_makeup,0.4447662830352783,0.6497,yellow,0,False,driver_roi,[]
3805,63.476,True,c8_makeup,0.4447662830352783,0.6497,yellow,0,False,driver_roi,[]
3806,63.492,True,c8_makeup,0.4578036367893219,0.6496,yellow,0,False,driver_roi,[]
3807,63.509,True,c8_makeup,0.4578036367893219,0.6496,yellow,0,False,driver_roi,[]
3808,63.526,True,c8_makeup,0.47458916902542114,0.6496,yellow,0,False,driver_roi,[]
3809,63.543,True,c8_makeup,0.47458916902542114,0.6496,yellow,0,False,driver_roi,[]
3810,63.559,True,c8_makeup,0.4902130663394928,0.6496,yellow,0,False,driver_roi,[]
3811,63.576,True,c8_makeup,0.4902130663394928,0.6496,yellow,0,False,driver_roi,[]
3812,63.593,True,c8_makeup,0.5100144147872925,0.6496,yellow,0,False,driver_roi,[]
3813,63.609,True,c8_makeup,0.5100144147872925,0.6496,yellow,0,False,driver_roi,[]
3814,63.626,True,c8_makeup,0.5297682881355286,0.6496,yellow,0,False,driver_roi,[]
3815,63.643,True,c8_makeup,0.5297682881355286,0.6496,yellow,0,False,driver_roi,[]
3816,63.659,True,c8_makeup,0.5511902570724487,0.6496,yellow,0,False,driver_roi,[]
3817,63.676,True,c8_makeup,0.5511902570724487,0.6496,yellow,0,False,driver_roi,[]
3818,63.693,True,c8_makeup,0.5703543424606323,0.6496,yellow,0,False,driver_roi,[]
3819,63.709,True,c8_makeup,0.5703543424606323,0.6496,yellow,0,False,driver_roi,[]
3820,63.726,True,c8_makeup,0.5844984650611877,0.6496,yellow,0,False,driver_roi,[]
3821,63.743,True,c8_makeup,0.5844984650611877,0.6496,yellow,0,False,driver_roi,[]
3822,63.759,True,c8_makeup,0.5994027256965637,0.6496,yellow,0,False,driver_roi,[]
3823,63.776,True,c8_makeup,0.5994027256965637,0.6496,yellow,0,False,driver_roi,[]
3824,63.793,True,c8_makeup,0.60089111328125,0.6496,yellow,0,False,driver_roi,[]
3825,63.809,True,c8_makeup,0.60089111328125,0.6496,yellow,0,False,driver_roi,[]
3826,63.826,True,c8_makeup,0.6069868206977844,0.6496,yellow,0,False,driver_roi,[]
3827,63.843,True,c8_makeup,0.6069868206977844,0.6496,yellow,0,False,driver_roi,[]
3828,63.86,True,c8_makeup,0.5939944982528687,0.6496,yellow,0,False,driver_roi,[]
3829,63.876,True,c8_makeup,0.5939944982528687,0.6496,yellow,0,False,driver_roi,[]
3830,63.893,True,c8_makeup,0.5810204744338989,0.6496,yellow,0,False,driver_roi,[]
3831,63.91,True,c8_makeup,0.5810204744338989,0.6496,yellow,0,False,driver_roi,[]
3832,63.926,True,c8_makeup,0.569551944732666,0.6496,yellow,0,False,driver_roi,[]
3833,63.943,True,c8_makeup,0.569551944732666,0.6496,yellow,0,False,driver_roi,[]
3834,63.96,True,c8_makeup,0.5567463636398315,0.6497,yellow,0,False,driver_roi,[]
3835,63.976,True,c8_makeup,0.5567463636398315,0.6497,yellow,0,False,driver_roi,[]
3836,63.993,True,c8_makeup,0.5506670475006104,0.6497,yellow,0,False,driver_roi,[]
3837,64.01,True,c8_makeup,0.5506670475006104,0.6497,yellow,0,False,driver_roi,[]
3838,64.026,True,c8_makeup,0.5324013233184814,0.6497,yellow,0,False,driver_roi,[]
3839,64.043,True,c8_makeup,0.5324013233184814,0.6497,yellow,0,False,driver_roi,[]
3840,64.06,True,c8_makeup,0.5115938186645508,0.6497,yellow,0,False,driver_roi,[]
3841,64.076,True,c8_makeup,0.5115938186645508,0.6497,yellow,0,False,driver_roi,[]
3842,64.093,True,c8_makeup,0.4898666739463806,0.6497,yellow,0,False,driver_roi,[]
3843,64.11,True,c8_makeup,0.4898666739463806,0.6497,yellow,0,False,driver_roi,[]
3844,64.126,True,c8_makeup,0.477592408657074,0.6497,yellow,0,False,driver_roi,[]
3845,64.143,True,c8_makeup,0.477592408657074,0.6497,yellow,0,False,driver_roi,[]
3846,64.16,True,c8_makeup,0.46331048011779785,0.6497,yellow,0,False,driver_roi,[]
3847,64.176,True,c8_makeup,0.46331048011779785,0.6497,yellow,0,False,driver_roi,[]
3848,64.193,True,c8_makeup,0.45098504424095154,0.6497,yellow,0,False,driver_roi,[]
3849,64.21,True,c8_makeup,0.45098504424095154,0.6497,yellow,0,False,driver_roi,[]
3850,64.227,True,c8_makeup,0.4475945830345154,0.6497,yellow,0,False,driver_roi,[]
3851,64.243,True,c8_makeup,0.4475945830345154,0.6497,yellow,0,False,driver_roi,[]
3852,64.26,True,c8_makeup,0.4437633454799652,0.6497,yellow,0,False,driver_roi,[]
3853,64.277,True,c8_makeup,0.4437633454799652,0.6497,yellow,0,False,driver_roi,[]
3854,64.293,True,c8_makeup,0.4424824118614197,0.6497,yellow,0,False,driver_roi,[]
3855,64.31,True,c8_makeup,0.4424824118614197,0.6497,yellow,0,False,driver_roi,[]
3856,64.327,True,c8_makeup,0.4421168267726898,0.6497,yellow,0,False,driver_roi,[]
3857,64.343,True,c8_makeup,0.4421168267726898,0.6497,yellow,0,False,driver_roi,[]
3858,64.36,True,c8_makeup,0.43967485427856445,0.6497,yellow,0,False,driver_roi,[]
3859,64.377,True,c8_makeup,0.43967485427856445,0.6497,yellow,0,False,driver_roi,[]
3860,64.393,True,c8_makeup,0.4417823851108551,0.6497,yellow,0,False,driver_roi,[]
3861,64.41,True,c8_makeup,0.4417823851108551,0.6497,yellow,0,False,driver_roi,[]
3862,64.427,True,c8_makeup,0.44133734703063965,0.6497,yellow,0,False,driver_roi,[]
3863,64.443,True,c8_makeup,0.44133734703063965,0.6497,yellow,0,False,driver_roi,[]
3864,64.46,True,c8_makeup,0.44538694620132446,0.6497,yellow,0,False,driver_roi,[]
3865,64.477,True,c8_makeup,0.44538694620132446,0.6497,yellow,0,False,driver_roi,[]
3866,64.493,True,c8_makeup,0.4387606978416443,0.6497,yellow,0,False,driver_roi,[]
3867,64.51,True,c8_makeup,0.4387606978416443,0.6497,yellow,0,False,driver_roi,[]
3868,64.527,True,c8_makeup,0.4368584156036377,0.6497,yellow,0,False,driver_roi,[]
3869,64.543,True,c8_makeup,0.4368584156036377,0.6497,yellow,0,False,driver_roi,[]
3870,64.56,True,c8_makeup,0.4310058653354645,0.6497,yellow,0,False,driver_roi,[]
3871,64.577,True,c8_makeup,0.4310058653354645,0.6497,yellow,0,False,driver_roi,[]
3872,64.594,True,c8_makeup,0.4304848313331604,0.6497,yellow,0,False,driver_roi,[]
3873,64.61,True,c8_makeup,0.4304848313331604,0.6497,yellow,0,False,driver_roi,[]
3874,64.627,True,c8_makeup,0.4258427023887634,0.6497,yellow,0,False,driver_roi,[]
3875,64.644,True,c8_makeup,0.4258427023887634,0.6497,yellow,0,False,driver_roi,[]
3876,64.66,True,c8_makeup,0.41672539710998535,0.6497,yellow,0,False,driver_roi,[]
3877,64.677,True,c8_makeup,0.41672539710998535,0.6497,yellow,0,False,driver_roi,[]
3878,64.694,True,c8_makeup,0.4226662218570709,0.6498,yellow,0,False,driver_roi,[]
3879,64.71,True,c8_makeup,0.4226662218570709,0.6498,yellow,0,False,driver_roi,[]
3880,64.727,True,c8_makeup,0.42663827538490295,0.6498,yellow,0,False,driver_roi,[]
3881,64.744,True,c8_makeup,0.42663827538490295,0.6498,yellow,0,False,driver_roi,[]
3882,64.76,True,c8_makeup,0.4307846426963806,0.6498,yellow,0,False,driver_roi,[]
3883,64.777,True,c8_makeup,0.4307846426963806,0.6498,yellow,0,False,driver_roi,[]
3884,64.794,True,c8_makeup,0.42510685324668884,0.6498,yellow,0,False,driver_roi,[]
3885,64.81,True,c8_makeup,0.42510685324668884,0.6498,yellow,0,False,driver_roi,[]
3886,64.827,True,c8_makeup,0.4252201020717621,0.6498,yellow,0,False,driver_roi,[]
3887,64.844,True,c8_makeup,0.4252201020717621,0.6498,yellow,0,False,driver_roi,[]
3888,64.86,True,c8_makeup,0.4184477925300598,0.6498,yellow,0,False,driver_roi,[]
3889,64.877,True,c8_makeup,0.4184477925300598,0.6498,yellow,0,False,driver_roi,[]
3890,64.894,True,c8_makeup,0.40097683668136597,0.6498,yellow,0,False,driver_roi,[]
3891,64.91,True,c8_makeup,0.40097683668136597,0.6498,yellow,0,False,driver_roi,[]
3892,64.927,True,c9_talking,0.39991235733032227,0.6498,yellow,0,False,driver_roi,[]
3893,64.944,True,c9_talking,0.39991235733032227,0.6498,yellow,0,False,driver_roi,[]
3894,64.961,True,c9_talking,0.4242655634880066,0.6498,yellow,0,False,driver_roi,[]
3895,64.977,True,c9_talking,0.4242655634880066,0.6498,yellow,0,False,driver_roi,[]
3896,64.994,True,c9_talking,0.44757890701293945,0.6498,yellow,0,False,driver_roi,[]
3897,65.011,True,c9_talking,0.44757890701293945,0.6498,yellow,0,False,driver_roi,[]
3898,65.027,True,c9_talking,0.4782121777534485,0.6498,yellow,0,False,driver_roi,[]
3899,65.044,True,c9_talking,0.4782121777534485,0.6498,yellow,0,False,driver_roi,[]
3900,65.061,True,c9_talking,0.5047922730445862,0.6498,yellow,0,False,driver_roi,[]
3901,65.077,True,c9_talking,0.5047922730445862,0.6498,yellow,0,False,driver_roi,[]
3902,65.094,True,c9_talking,0.5241374373435974,0.6498,yellow,0,False,driver_roi,[]
3903,65.111,True,c9_talking,0.5241374373435974,0.6498,yellow,0,False,driver_roi,[]
3904,65.127,True,c9_talking,0.5430586934089661,0.6498,yellow,0,False,driver_roi,[]
3905,65.144,True,c9_talking,0.5430586934089661,0.6498,yellow,0,False,driver_roi,[]
3906,65.161,True,c9_talking,0.5589543581008911,0.6498,yellow,0,False,driver_roi,[]
3907,65.177,True,c9_talking,0.5589543581008911,0.6498,yellow,0,False,driver_roi,[]
3908,65.194,True,c9_talking,0.5759744048118591,0.6498,yellow,0,False,driver_roi,[]
3909,65.211,True,c9_talking,0.5759744048118591,0.6498,yellow,0,False,driver_roi,[]
3910,65.227,True,c9_talking,0.57964688539505,0.6498,yellow,0,False,driver_roi,[]
3911,65.244,True,c9_talking,0.57964688539505,0.6498,yellow,0,False,driver_roi,[]
3912,65.261,True,c9_talking,0.5799397230148315,0.6497,yellow,0,False,driver_roi,[]
3913,65.277,True,c9_talking,0.5799397230148315,0.6497,yellow,0,False,driver_roi,[]
3914,65.294,True,c9_talking,0.5661188364028931,0.6497,yellow,0,False,driver_roi,[]
3915,65.311,True,c9_talking,0.5661188364028931,0.6497,yellow,0,False,driver_roi,[]
3916,65.328,True,c9_talking,0.5452945828437805,0.6497,yellow,0,False,driver_roi,[]
3917,65.344,True,c9_talking,0.5452945828437805,0.6497,yellow,0,False,driver_roi,[]
3918,65.361,True,c9_talking,0.5246728658676147,0.6497,yellow,0,False,driver_roi,[]
3919,65.378,True,c9_talking,0.5246728658676147,0.6497,yellow,0,False,driver_roi,[]
3920,65.394,True,c9_talking,0.4999001622200012,0.6497,yellow,0,False,driver_roi,[]
3921,65.411,True,c9_talking,0.4999001622200012,0.6497,yellow,0,False,driver_roi,[]
3922,65.428,True,c8_makeup,0.4879651665687561,0.6497,yellow,0,False,driver_roi,[]
3923,65.444,True,c8_makeup,0.4879651665687561,0.6497,yellow,0,False,driver_roi,[]
3924,65.461,True,c8_makeup,0.5213308930397034,0.6497,yellow,0,False,driver_roi,[]
3925,65.478,True,c8_makeup,0.5213308930397034,0.6497,yellow,0,False,driver_roi,[]
3926,65.494,True,c8_makeup,0.5532650351524353,0.6497,yellow,0,False,driver_roi,[]
3927,65.511,True,c8_makeup,0.5532650351524353,0.6497,yellow,0,False,driver_roi,[]
3928,65.528,True,c8_makeup,0.5882326364517212,0.6497,yellow,0,False,driver_roi,[]
3929,65.544,True,c8_makeup,0.5882326364517212,0.6497,yellow,0,False,driver_roi,[]
3930,65.561,True,c8_makeup,0.6236734390258789,0.6497,yellow,0,False,driver_roi,[]
3931,65.578,True,c8_makeup,0.6236734390258789,0.6497,yellow,0,False,driver_roi,[]
3932,65.594,True,c8_makeup,0.657698392868042,0.6497,yellow,0,False,driver_roi,[]
3933,65.611,True,c8_makeup,0.657698392868042,0.6497,yellow,0,False,driver_roi,[]
3934,65.628,True,c8_makeup,0.662967324256897,0.6495,yellow,0,False,driver_roi,[]
3935,65.645,True,c8_makeup,0.662967324256897,0.6495,yellow,0,False,driver_roi,[]
3936,65.661,True,c8_makeup,0.6577926278114319,0.6493,yellow,0,False,driver_roi,[]
3937,65.678,True,c8_makeup,0.6577926278114319,0.6493,yellow,0,False,driver_roi,[]
3938,65.695,True,c8_makeup,0.663065493106842,0.6492,yellow,0,False,driver_roi,[]
3939,65.711,True,c8_makeup,0.663065493106842,0.6492,yellow,0,False,driver_roi,[]
3940,65.728,True,c8_makeup,0.6701074242591858,0.6491,yellow,0,False,driver_roi,[]
3941,65.745,True,c8_makeup,0.6701074242591858,0.6491,yellow,0,False,driver_roi,[]
3942,65.761,True,c8_makeup,0.6660667061805725,0.649,yellow,0,False,driver_roi,[]
3943,65.778,True,c8_makeup,0.6660667061805725,0.649,yellow,0,False,driver_roi,[]
3944,65.795,True,c8_makeup,0.6625296473503113,0.6489,yellow,0,False,driver_roi,[]
3945,65.811,True,c8_makeup,0.6625296473503113,0.6489,yellow,0,False,driver_roi,[]
3946,65.828,True,c8_makeup,0.6678304076194763,0.6488,yellow,0,False,driver_roi,[]
3947,65.845,True,c8_makeup,0.6678304076194763,0.6488,yellow,0,False,driver_roi,[]
3948,65.861,True,c8_makeup,0.6863027811050415,0.6488,yellow,0,False,driver_roi,[]
3949,65.878,True,c8_makeup,0.6863027811050415,0.6488,yellow,0,False,driver_roi,[]
3950,65.895,True,c8_makeup,0.6984029412269592,0.6488,yellow,0,False,driver_roi,[]
3951,65.911,True,c8_makeup,0.6984029412269592,0.6488,yellow,0,False,driver_roi,[]
3952,65.928,True,c8_makeup,0.7004345655441284,0.6682,orange,1,False,driver_roi,[]
3953,65.945,True,c8_makeup,0.7004345655441284,0.6682,orange,1,False,driver_roi,[]
3954,65.961,True,c8_makeup,0.6959745287895203,0.6488,yellow,0,False,driver_roi,[]
3955,65.978,True,c8_makeup,0.6959745287895203,0.6488,yellow,0,False,driver_roi,[]
3956,65.995,True,c8_makeup,0.6840039491653442,0.6487,yellow,0,False,driver_roi,[]
3957,66.012,True,c8_makeup,0.6840039491653442,0.6487,yellow,0,False,driver_roi,[]
3958,66.028,True,c8_makeup,0.671552836894989,0.6486,yellow,0,False,driver_roi,[]
3959,66.045,True,c8_makeup,0.671552836894989,0.6486,yellow,0,False,driver_roi,[]
3960,66.062,True,c8_makeup,0.6604723334312439,0.6485,yellow,0,False,driver_roi,[]
3961,66.078,True,c8_makeup,0.6604723334312439,0.6485,yellow,0,False,driver_roi,[]
3962,66.095,True,c8_makeup,0.6447436213493347,0.6484,yellow,0,False,driver_roi,[]
3963,66.112,True,c8_makeup,0.6447436213493347,0.6484,yellow,0,False,driver_roi,[]
3964,66.128,True,c8_makeup,0.6331063508987427,0.6483,yellow,0,False,driver_roi,[]
3965,66.145,True,c8_makeup,0.6331063508987427,0.6483,yellow,0,False,driver_roi,[]
3966,66.162,True,c8_makeup,0.6228480339050293,0.6482,yellow,0,False,driver_roi,[]
3967,66.178,True,c8_makeup,0.6228480339050293,0.6482,yellow,0,False,driver_roi,[]
3968,66.195,True,c8_makeup,0.6072568297386169,0.6482,yellow,0,False,driver_roi,[]
3969,66.212,True,c8_makeup,0.6072568297386169,0.6482,yellow,0,False,driver_roi,[]
3970,66.228,True,c8_makeup,0.5939870476722717,0.6481,yellow,0,False,driver_roi,[]
3971,66.245,True,c8_makeup,0.5939870476722717,0.6481,yellow,0,False,driver_roi,[]
3972,66.262,True,c8_makeup,0.5800143480300903,0.648,yellow,0,False,driver_roi,[]
3973,66.278,True,c8_makeup,0.5800143480300903,0.648,yellow,0,False,driver_roi,[]
3974,66.295,True,c8_makeup,0.5899668335914612,0.6481,yellow,0,False,driver_roi,[]
3975,66.312,True,c8_makeup,0.5899668335914612,0.6481,yellow,0,False,driver_roi,[]
3976,66.328,True,c8_makeup,0.6083607077598572,0.6481,yellow,0,False,driver_roi,[]
3977,66.345,True,c8_makeup,0.6083607077598572,0.6481,yellow,0,False,driver_roi,[]
3978,66.362,True,c8_makeup,0.6259762048721313,0.6482,yellow,0,False,driver_roi,[]
3979,66.379,True,c8_makeup,0.6259762048721313,0.6482,yellow,0,False,driver_roi,[]
3980,66.395,True,c8_makeup,0.6463247537612915,0.6483,yellow,0,False,driver_roi,[]
3981,66.412,True,c8_makeup,0.6463247537612915,0.6483,yellow,0,False,driver_roi,[]
3982,66.429,True,c8_makeup,0.6636700630187988,0.6483,yellow,0,False,driver_roi,[]
3983,66.445,True,c8_makeup,0.6636700630187988,0.6483,yellow,0,False,driver_roi,[]
3984,66.462,True,c8_makeup,0.6857976317405701,0.6483,yellow,0,False,driver_roi,[]
3985,66.479,True,c8_makeup,0.6857976317405701,0.6483,yellow,0,False,driver_roi,[]
3986,66.495,True,c8_makeup,0.697187066078186,0.6483,yellow,0,False,driver_roi,[]
3987,66.512,True,c8_makeup,0.697187066078186,0.6483,yellow,0,False,driver_roi,[]
3988,66.529,True,c8_makeup,0.6904348731040955,0.6483,yellow,0,False,driver_roi,[]
3989,66.545,True,c8_makeup,0.6904348731040955,0.6483,yellow,0,False,driver_roi,[]
3990,66.562,True,c8_makeup,0.6849650144577026,0.6483,yellow,0,False,driver_roi,[]
3991,66.579,True,c8_makeup,0.6849650144577026,0.6483,yellow,0,False,driver_roi,[]
3992,66.595,True,c8_makeup,0.6879034042358398,0.6484,yellow,0,False,driver_roi,[]
3993,66.612,True,c8_makeup,0.6879034042358398,0.6484,yellow,0,False,driver_roi,[]
3994,66.629,True,c8_makeup,0.6877973675727844,0.6484,yellow,0,False,driver_roi,[]
3995,66.645,True,c8_makeup,0.6877973675727844,0.6484,yellow,0,False,driver_roi,[]
3996,66.662,True,c8_makeup,0.6875169277191162,0.6484,yellow,0,False,driver_roi,[]
3997,66.679,True,c8_makeup,0.6875169277191162,0.6484,yellow,0,False,driver_roi,[]
3998,66.695,True,c8_makeup,0.6696747541427612,0.6484,yellow,0,False,driver_roi,[]
3999,66.712,True,c8_makeup,0.6696747541427612,0.6484,yellow,0,False,driver_roi,[]
4000,66.729,True,c8_makeup,0.6442142724990845,0.6485,yellow,0,False,driver_roi,[]
4001,66.746,True,c8_makeup,0.6442142724990845,0.6485,yellow,0,False,driver_roi,[]
4002,66.762,True,c8_makeup,0.6132275462150574,0.6485,yellow,0,False,driver_roi,[]
4003,66.779,True,c8_makeup,0.6132275462150574,0.6485,yellow,0,False,driver_roi,[]
4004,66.796,True,c8_makeup,0.5806617736816406,0.6485,yellow,0,False,driver_roi,[]
4005,66.812,True,c8_makeup,0.5806617736816406,0.6485,yellow,0,False,driver_roi,[]
4006,66.829,True,c8_makeup,0.5425053238868713,0.6485,yellow,0,False,driver_roi,[]
4007,66.846,True,c8_makeup,0.5425053238868713,0.6485,yellow,0,False,driver_roi,[]
4008,66.862,True,c8_makeup,0.5093827843666077,0.6485,yellow,0,False,driver_roi,[]
4009,66.879,True,c8_makeup,0.5093827843666077,0.6485,yellow,0,False,driver_roi,[]
4010,66.896,True,c8_makeup,0.47640901803970337,0.6485,yellow,0,False,driver_roi,[]
4011,66.912,True,c8_makeup,0.47640901803970337,0.6485,yellow,0,False,driver_roi,[]
4012,66.929,True,c5_radio,0.4627695679664612,0.6484,yellow,0,False,driver_roi,[]
4013,66.946,True,c5_radio,0.4627695679664612,0.6484,yellow,0,False,driver_roi,[]
4014,66.962,True,c5_radio,0.48373860120773315,0.6481,yellow,0,False,driver_roi,[]
4015,66.979,True,c5_radio,0.48373860120773315,0.6481,yellow,0,False,driver_roi,[]
4016,66.996,True,c5_radio,0.4769720137119293,0.647,yellow,0,False,driver_roi,[]
4017,67.012,True,c5_radio,0.4769720137119293,0.647,yellow,0,False,driver_roi,[]
4018,67.029,True,c5_radio,0.47393494844436646,0.6449,yellow,0,False,driver_roi,[]
4019,67.046,True,c5_radio,0.47393494844436646,0.6449,yellow,0,False,driver_roi,[]
4020,67.062,True,c5_radio,0.4710599482059479,0.6407,yellow,0,False,driver_roi,[]
4021,67.079,True,c5_radio,0.4710599482059479,0.6407,yellow,0,False,driver_roi,[]
4022,67.096,True,c5_radio,0.46669715642929077,0.6356,yellow,0,False,driver_roi,[]
4023,67.113,True,c5_radio,0.46669715642929077,0.6356,yellow,0,False,driver_roi,[]
4024,67.129,True,c5_radio,0.46608155965805054,0.6326,yellow,0,False,driver_roi,[]
4025,67.146,True,c5_radio,0.46608155965805054,0.6326,yellow,0,False,driver_roi,[]
4026,67.163,True,c5_radio,0.46083712577819824,0.631,yellow,0,False,driver_roi,[]
4027,67.179,True,c5_radio,0.46083712577819824,0.631,yellow,0,False,driver_roi,[]
4028,67.196,True,c5_radio,0.4638071656227112,0.6297,yellow,0,False,driver_roi,[]
4029,67.213,True,c5_radio,0.4638071656227112,0.6297,yellow,0,False,driver_roi,[]
4030,67.229,True,c5_radio,0.4839845597743988,0.629,yellow,0,False,driver_roi,[]
4031,67.246,True,c5_radio,0.4839845597743988,0.629,yellow,0,False,driver_roi,[]
4032,67.263,True,c5_radio,0.5057879090309143,0.6275,yellow,0,False,driver_roi,[]
4033,67.279,True,c5_radio,0.5057879090309143,0.6275,yellow,0,False,driver_roi,[]
4034,67.296,True,c5_radio,0.5326536297798157,0.6258,yellow,0,False,driver_roi,[]
4035,67.313,True,c5_radio,0.5326536297798157,0.6258,yellow,0,False,driver_roi,[]
4036,67.329,True,c5_radio,0.5465225577354431,0.6223,yellow,0,False,driver_roi,[]
4037,67.346,True,c5_radio,0.5465225577354431,0.6223,yellow,0,False,driver_roi,[]
4038,67.363,True,c5_radio,0.5417258143424988,0.6201,yellow,0,False,driver_roi,[]
4039,67.379,True,c5_radio,0.5417258143424988,0.6201,yellow,0,False,driver_roi,[]
4040,67.396,True,c5_radio,0.5155323147773743,0.6187,yellow,0,False,driver_roi,[]
4041,67.413,True,c5_radio,0.5155323147773743,0.6187,yellow,0,False,driver_roi,[]
4042,67.429,True,c5_radio,0.47521480917930603,0.6173,yellow,0,False,driver_roi,[]
4043,67.446,True,c5_radio,0.47521480917930603,0.6173,yellow,0,False,driver_roi,[]
4044,67.463,True,c5_radio,0.435577392578125,0.6166,yellow,0,False,driver_roi,[]
4045,67.48,True,c5_radio,0.435577392578125,0.6166,yellow,0,False,driver_roi,[]
4046,67.496,True,c5_radio,0.3898327350616455,0.616,yellow,0,False,driver_roi,[]
4047,67.513,True,c5_radio,0.3898327350616455,0.616,yellow,0,False,driver_roi,[]
4048,67.53,True,c9_talking,0.38762661814689636,0.6153,yellow,0,False,driver_roi,[]
4049,67.546,True,c9_talking,0.38762661814689636,0.6153,yellow,0,False,driver_roi,[]
4050,67.563,True,c9_talking,0.4108009338378906,0.6143,yellow,0,False,driver_roi,[]
4051,67.58,True,c9_talking,0.4108009338378906,0.6143,yellow,0,False,driver_roi,[]
4052,67.596,True,c9_talking,0.43520769476890564,0.6131,yellow,0,False,driver_roi,[]
4053,67.613,True,c9_talking,0.43520769476890564,0.6131,yellow,0,False,driver_roi,[]
4054,67.63,True,c9_talking,0.44524866342544556,0.6124,yellow,0,False,driver_roi,[]
4055,67.646,True,c9_talking,0.44524866342544556,0.6124,yellow,0,False,driver_roi,[]
4056,67.663,True,c9_talking,0.4328627586364746,0.6125,yellow,0,False,driver_roi,[]
4057,67.68,True,c9_talking,0.4328627586364746,0.6125,yellow,0,False,driver_roi,[]
4058,67.696,True,c9_talking,0.42872968316078186,0.6131,yellow,0,False,driver_roi,[]
4059,67.713,True,c9_talking,0.42872968316078186,0.6131,yellow,0,False,driver_roi,[]
4060,67.73,True,c9_talking,0.429023802280426,0.6161,yellow,0,False,driver_roi,[]
4061,67.746,True,c9_talking,0.429023802280426,0.6161,yellow,0,False,driver_roi,[]
4062,67.763,True,c9_talking,0.4330612123012543,0.6198,yellow,0,False,driver_roi,[]
4063,67.78,True,c9_talking,0.4330612123012543,0.6198,yellow,0,False,driver_roi,[]
4064,67.797,True,c9_talking,0.44045791029930115,0.6213,yellow,0,False,driver_roi,[]
4065,67.813,True,c9_talking,0.44045791029930115,0.6213,yellow,0,False,driver_roi,[]
4066,67.83,True,c9_talking,0.4488210678100586,0.6211,yellow,0,False,driver_roi,[]
4067,67.847,True,c9_talking,0.4488210678100586,0.6211,yellow,0,False,driver_roi,[]
4068,67.863,True,c9_talking,0.4610280990600586,0.6205,yellow,0,False,driver_roi,[]
4069,67.88,True,c9_talking,0.4610280990600586,0.6205,yellow,0,False,driver_roi,[]
4070,67.897,True,c9_talking,0.47975102066993713,0.6195,yellow,0,False,driver_roi,[]
4071,67.913,True,c9_talking,0.47975102066993713,0.6195,yellow,0,False,driver_roi,[]
4072,67.93,True,c9_talking,0.5073230862617493,0.6197,yellow,0,False,driver_roi,[]
4073,67.947,True,c9_talking,0.5073230862617493,0.6197,yellow,0,False,driver_roi,[]
4074,67.963,True,c9_talking,0.5305969715118408,0.62,yellow,0,False,driver_roi,[]
4075,67.98,True,c9_talking,0.5305969715118408,0.62,yellow,0,False,driver_roi,[]
4076,67.997,True,c9_talking,0.5529425740242004,0.6224,yellow,0,False,driver_roi,[]
4077,68.013,True,c9_talking,0.5529425740242004,0.6224,yellow,0,False,driver_roi,[]
4078,68.03,True,c9_talking,0.5686652660369873,0.6241,yellow,0,False,driver_roi,[]
4079,68.047,True,c9_talking,0.5686652660369873,0.6241,yellow,0,False,driver_roi,[]
4080,68.063,True,c9_talking,0.5761213302612305,0.6248,yellow,0,False,driver_roi,[]
4081,68.08,True,c9_talking,0.5761213302612305,0.6248,yellow,0,False,driver_roi,[]
4082,68.097,True,c9_talking,0.5862635970115662,0.6253,yellow,0,False,driver_roi,[]
4083,68.113,True,c9_talking,0.5862635970115662,0.6253,yellow,0,False,driver_roi,[]
4084,68.13,True,c9_talking,0.5951199531555176,0.6246,yellow,0,False,driver_roi,[]
4085,68.147,True,c9_talking,0.5951199531555176,0.6246,yellow,0,False,driver_roi,[]
4086,68.164,True,c9_talking,0.6023005843162537,0.6232,yellow,0,False,driver_roi,[]
4087,68.18,True,c9_talking,0.6023005843162537,0.6232,yellow,0,False,driver_roi,[]
4088,68.197,True,c9_talking,0.6038128137588501,0.6221,yellow,0,False,driver_roi,[]
4089,68.214,True,c9_talking,0.6038128137588501,0.6221,yellow,0,False,driver_roi,[]
4090,68.23,True,c9_talking,0.6038875579833984,0.6205,yellow,0,False,driver_roi,[]
4091,68.247,True,c9_talking,0.6038875579833984,0.6205,yellow,0,False,driver_roi,[]
4092,68.264,True,c9_talking,0.6032959222793579,0.6189,yellow,0,False,driver_roi,[]
4093,68.28,True,c9_talking,0.6032959222793579,0.6189,yellow,0,False,driver_roi,[]
4094,68.297,True,c9_talking,0.6054652333259583,0.6171,yellow,0,False,driver_roi,[]
4095,68.314,True,c9_talking,0.6054652333259583,0.6171,yellow,0,False,driver_roi,[]
4096,68.33,True,c9_talking,0.6061655879020691,0.615,yellow,0,False,driver_roi,[]
4097,68.347,True,c9_talking,0.6061655879020691,0.615,yellow,0,False,driver_roi,[]
4098,68.364,True,c9_talking,0.6022230386734009,0.6133,yellow,0,False,driver_roi,[]
4099,68.38,True,c9_talking,0.6022230386734009,0.6133,yellow,0,False,driver_roi,[]
4100,68.397,True,c9_talking,0.5966912508010864,0.6109,yellow,0,False,driver_roi,[]
4101,68.414,True,c9_talking,0.5966912508010864,0.6109,yellow,0,False,driver_roi,[]
4102,68.43,True,c9_talking,0.5880141258239746,0.6087,yellow,0,False,driver_roi,[]
4103,68.447,True,c9_talking,0.5880141258239746,0.6087,yellow,0,False,driver_roi,[]
4104,68.464,True,c9_talking,0.5783315896987915,0.6029,yellow,0,False,driver_roi,[]
4105,68.48,True,c9_talking,0.5783315896987915,0.6029,yellow,0,False,driver_roi,[]
4106,68.497,True,c9_talking,0.5712653994560242,0.5994,yellow,0,False,driver_roi,[]
4107,68.514,True,c9_talking,0.5712653994560242,0.5994,yellow,0,False,driver_roi,[]
4108,68.531,True,c9_talking,0.5660303235054016,0.5963,yellow,0,False,driver_roi,[]
4109,68.547,True,c9_talking,0.5660303235054016,0.5963,yellow,0,False,driver_roi,[]
4110,68.564,True,c9_talking,0.5635863542556763,0.5947,yellow,0,False,driver_roi,[]
4111,68.581,True,c9_talking,0.5635863542556763,0.5947,yellow,0,False,driver_roi,[]
4112,68.597,True,c9_talking,0.557767927646637,0.5929,yellow,0,False,driver_roi,[]
4113,68.614,True,c9_talking,0.557767927646637,0.5929,yellow,0,False,driver_roi,[]
4114,68.631,True,c9_talking,0.5581609010696411,0.5916,yellow,0,False,driver_roi,[]
4115,68.647,True,c9_talking,0.5581609010696411,0.5916,yellow,0,False,driver_roi,[]
4116,68.664,True,c9_talking,0.5499476194381714,0.5908,yellow,0,False,driver_roi,[]
4117,68.681,True,c9_talking,0.5499476194381714,0.5908,yellow,0,False,driver_roi,[]
4118,68.697,True,c9_talking,0.5386008024215698,0.59,yellow,0,False,driver_roi,[]
4119,68.714,True,c9_talking,0.5386008024215698,0.59,yellow,0,False,driver_roi,[]
4120,68.731,True,c9_talking,0.5338079333305359,0.5893,yellow,0,False,driver_roi,[]
4121,68.747,True,c9_talking,0.5338079333305359,0.5893,yellow,0,False,driver_roi,[]
4122,68.764,True,c9_talking,0.5353553891181946,0.589,yellow,0,False,driver_roi,[]
4123,68.781,True,c9_talking,0.5353553891181946,0.589,yellow,0,False,driver_roi,[]
4124,68.797,True,c9_talking,0.5374840497970581,0.5891,yellow,0,False,driver_roi,[]
4125,68.814,True,c9_talking,0.5374840497970581,0.5891,yellow,0,False,driver_roi,[]
4126,68.831,True,c9_talking,0.5389642715454102,0.5893,yellow,0,False,driver_roi,[]
4127,68.847,True,c9_talking,0.5389642715454102,0.5893,yellow,0,False,driver_roi,[]
4128,68.864,True,c9_talking,0.5429104566574097,0.5891,yellow,0,False,driver_roi,[]
4129,68.881,True,c9_talking,0.5429104566574097,0.5891,yellow,0,False,driver_roi,[]
4130,68.898,True,c9_talking,0.5483672618865967,0.5902,yellow,0,False,driver_roi,[]
4131,68.914,True,c9_talking,0.5483672618865967,0.5902,yellow,0,False,driver_roi,[]
4132,68.931,True,c9_talking,0.551936686038971,0.5916,yellow,0,False,driver_roi,[]
4133,68.948,True,c9_talking,0.551936686038971,0.5916,yellow,0,False,driver_roi,[]
4134,68.964,True,c9_talking,0.5535834431648254,0.592,yellow,0,False,driver_roi,[]
4135,68.981,True,c9_talking,0.5535834431648254,0.592,yellow,0,False,driver_roi,[]
4136,68.998,True,c9_talking,0.5568297505378723,0.5927,yellow,0,False,driver_roi,[]
4137,69.014,True,c9_talking,0.5568297505378723,0.5927,yellow,0,False,driver_roi,[]
4138,69.031,True,c9_talking,0.559687077999115,0.5941,yellow,0,False,driver_roi,[]
4139,69.048,True,c9_talking,0.559687077999115,0.5941,yellow,0,False,driver_roi,[]
4140,69.064,True,c9_talking,0.556053102016449,0.5962,yellow,0,False,driver_roi,[]
4141,69.081,True,c9_talking,0.556053102016449,0.5962,yellow,0,False,driver_roi,[]
4142,69.098,True,c9_talking,0.5553846955299377,0.5979,yellow,0,False,driver_roi,[]
4143,69.114,True,c9_talking,0.5553846955299377,0.5979,yellow,0,False,driver_roi,[]
4144,69.131,True,c9_talking,0.5586255192756653,0.6013,yellow,0,False,driver_roi,[]
4145,69.148,True,c9_talking,0.5586255192756653,0.6013,yellow,0,False,driver_roi,[]
4146,69.164,True,c9_talking,0.5594725608825684,0.6027,yellow,0,False,driver_roi,[]
4147,69.181,True,c9_talking,0.5594725608825684,0.6027,yellow,0,False,driver_roi,[]
4148,69.198,True,c9_talking,0.5582925081253052,0.6048,yellow,0,False,driver_roi,[]
4149,69.214,True,c9_talking,0.5582925081253052,0.6048,yellow,0,False,driver_roi,[]
4150,69.231,True,c9_talking,0.5500758290290833,0.6056,yellow,0,False,driver_roi,[]
4151,69.248,True,c9_talking,0.5500758290290833,0.6056,yellow,0,False,driver_roi,[]
4152,69.265,True,c9_talking,0.5425322651863098,0.6052,yellow,0,False,driver_roi,[]
4153,69.281,True,c9_talking,0.5425322651863098,0.6052,yellow,0,False,driver_roi,[]
4154,69.298,True,c9_talking,0.5298677682876587,0.605,yellow,0,False,driver_roi,[]
4155,69.315,True,c9_talking,0.5298677682876587,0.605,yellow,0,False,driver_roi,[]
4156,69.331,True,c9_talking,0.5213438272476196,0.6041,yellow,0,False,driver_roi,[]
4157,69.348,True,c9_talking,0.5213438272476196,0.6041,yellow,0,False,driver_roi,[]
4158,69.365,True,c9_talking,0.5177116394042969,0.6029,yellow,0,False,driver_roi,[]
4159,69.381,True,c9_talking,0.5177116394042969,0.6029,yellow,0,False,driver_roi,[]
4160,69.398,True,c9_talking,0.5040757060050964,0.6016,yellow,0,False,driver_roi,[]
4161,69.415,True,c9_talking,0.5040757060050964,0.6016,yellow,0,False,driver_roi,[]
4162,69.431,True,c9_talking,0.48798999190330505,0.5996,yellow,0,False,driver_roi,[]
4163,69.448,True,c9_talking,0.48798999190330505,0.5996,yellow,0,False,driver_roi,[]
4164,69.465,True,c9_talking,0.46609291434288025,0.5947,yellow,0,False,driver_roi,[]
4165,69.481,True,c9_talking,0.46609291434288025,0.5947,yellow,0,False,driver_roi,[]
4166,69.498,True,c9_talking,0.456789493560791,0.5889,yellow,0,False,driver_roi,[]
4167,69.515,True,c9_talking,0.456789493560791,0.5889,yellow,0,False,driver_roi,[]
4168,69.531,True,c9_talking,0.4499747157096863,0.5859,yellow,0,False,driver_roi,[]
4169,69.548,True,c9_talking,0.4499747157096863,0.5859,yellow,0,False,driver_roi,[]
4170,69.565,True,c9_talking,0.4439329206943512,0.5827,yellow,0,False,driver_roi,[]
4171,69.582,True,c9_talking,0.4439329206943512,0.5827,yellow,0,False,driver_roi,[]
4172,69.598,True,c9_talking,0.4350730776786804,0.5799,yellow,0,False,driver_roi,[]
4173,69.615,True,c9_talking,0.4350730776786804,0.5799,yellow,0,False,driver_roi,[]
4174,69.632,True,c9_talking,0.42983394861221313,0.5787,yellow,0,False,driver_roi,[]
4175,69.648,True,c9_talking,0.42983394861221313,0.5787,yellow,0,False,driver_roi,[]
4176,69.665,True,c9_talking,0.4239124655723572,0.5771,yellow,0,False,driver_roi,[]
4177,69.682,True,c9_talking,0.4239124655723572,0.5771,yellow,0,False,driver_roi,[]
4178,69.698,True,c9_talking,0.41725191473960876,0.5756,yellow,0,False,driver_roi,[]
4179,69.715,True,c9_talking,0.41725191473960876,0.5756,yellow,0,False,driver_roi,[]
4180,69.732,True,c9_talking,0.4113401472568512,0.5745,yellow,0,False,driver_roi,[]
4181,69.748,True,c9_talking,0.4113401472568512,0.5745,yellow,0,False,driver_roi,[]
4182,69.765,True,c9_talking,0.4023251533508301,0.5735,yellow,0,False,driver_roi,[]
4183,69.782,True,c9_talking,0.4023251533508301,0.5735,yellow,0,False,driver_roi,[]
4184,69.798,True,c9_talking,0.3960171937942505,0.5748,yellow,0,False,driver_roi,[]
4185,69.815,True,c9_talking,0.3960171937942505,0.5748,yellow,0,False,driver_roi,[]
4186,69.832,True,c9_talking,0.3896198570728302,0.5759,yellow,0,False,driver_roi,[]
4187,69.848,True,c9_talking,0.3896198570728302,0.5759,yellow,0,False,driver_roi,[]
4188,69.865,True,c9_talking,0.3854512572288513,0.5765,yellow,0,False,driver_roi,[]
4189,69.882,True,c9_talking,0.3854512572288513,0.5765,yellow,0,False,driver_roi,[]
4190,69.898,True,c9_talking,0.3826931118965149,0.5773,yellow,0,False,driver_roi,[]
4191,69.915,True,c9_talking,0.3826931118965149,0.5773,yellow,0,False,driver_roi,[]
4192,69.932,True,c9_talking,0.3749704360961914,0.5779,yellow,0,False,driver_roi,[]
4193,69.949,True,c9_talking,0.3749704360961914,0.5779,yellow,0,False,driver_roi,[]
4194,69.965,True,c9_talking,0.36373502016067505,0.5779,yellow,0,False,driver_roi,[]
4195,69.982,True,c9_talking,0.36373502016067505,0.5779,yellow,0,False,driver_roi,[]
4196,69.999,True,c9_talking,0.3539465665817261,0.5782,yellow,0,False,driver_roi,[]
4197,70.015,True,c9_talking,0.3539465665817261,0.5782,yellow,0,False,driver_roi,[]
4198,70.032,True,c9_talking,0.3528716266155243,0.5779,yellow,0,False,driver_roi,[]
4199,70.049,True,c9_talking,0.3528716266155243,0.5779,yellow,0,False,driver_roi,[]
4200,70.065,True,c9_talking,0.35589587688446045,0.5774,yellow,0,False,driver_roi,[]
4201,70.082,True,c9_talking,0.35589587688446045,0.5774,yellow,0,False,driver_roi,[]
4202,70.099,True,c9_talking,0.3543208837509155,0.5788,yellow,0,False,driver_roi,[]
4203,70.115,True,c9_talking,0.3543208837509155,0.5788,yellow,0,False,driver_roi,[]
4204,70.132,True,c9_talking,0.35191452503204346,0.583,yellow,0,False,driver_roi,[]
4205,70.149,True,c9_talking,0.35191452503204346,0.583,yellow,0,False,driver_roi,[]
4206,70.165,True,c9_talking,0.3430865406990051,0.5875,yellow,0,False,driver_roi,[]
4207,70.182,True,c9_talking,0.3430865406990051,0.5875,yellow,0,False,driver_roi,[]
4208,70.199,True,c9_talking,0.32712700963020325,0.5893,yellow,0,False,driver_roi,[]
4209,70.215,True,c9_talking,0.32712700963020325,0.5893,yellow,0,False,driver_roi,[]
4210,70.232,True,c9_talking,0.31082311272621155,0.5914,yellow,0,False,driver_roi,[]
4211,70.249,True,c9_talking,0.31082311272621155,0.5914,yellow,0,False,driver_roi,[]
4212,70.265,True,c5_radio,0.3075156807899475,0.5928,yellow,0,False,driver_roi,[]
4213,70.282,True,c5_radio,0.3075156807899475,0.5928,yellow,0,False,driver_roi,[]
4214,70.299,True,c5_radio,0.3104778528213501,0.5944,yellow,0,False,driver_roi,[]
4215,70.316,True,c5_radio,0.3104778528213501,0.5944,yellow,0,False,driver_roi,[]
4216,70.332,True,c5_radio,0.3206371068954468,0.5962,yellow,0,False,driver_roi,[]
4217,70.349,True,c5_radio,0.3206371068954468,0.5962,yellow,0,False,driver_roi,[]
4218,70.366,True,c5_radio,0.3327387273311615,0.597,yellow,0,False,driver_roi,[]
4219,70.382,True,c5_radio,0.3327387273311615,0.597,yellow,0,False,driver_roi,[]
4220,70.399,True,c5_radio,0.34614694118499756,0.5978,yellow,0,False,driver_roi,[]
4221,70.416,True,c5_radio,0.34614694118499756,0.5978,yellow,0,False,driver_roi,[]
4222,70.432,True,c5_radio,0.3700293004512787,0.5996,yellow,0,False,driver_roi,[]
4223,70.449,True,c5_radio,0.3700293004512787,0.5996,yellow,0,False,driver_roi,[]
4224,70.466,True,c5_radio,0.38300517201423645,0.6014,yellow,0,False,driver_roi,[]
4225,70.482,True,c5_radio,0.38300517201423645,0.6014,yellow,0,False,driver_roi,[]
4226,70.499,True,c5_radio,0.3865353465080261,0.6029,yellow,0,False,driver_roi,[]
4227,70.516,True,c5_radio,0.3865353465080261,0.6029,yellow,0,False,driver_roi,[]
4228,70.532,True,c5_radio,0.3819020390510559,0.6041,yellow,0,False,driver_roi,[]
4229,70.549,True,c5_radio,0.3819020390510559,0.6041,yellow,0,False,driver_roi,[]
4230,70.566,True,c5_radio,0.3731697201728821,0.6049,yellow,0,False,driver_roi,[]
4231,70.582,True,c5_radio,0.3731697201728821,0.6049,yellow,0,False,driver_roi,[]
4232,70.599,True,c5_radio,0.3603440523147583,0.607,yellow,0,False,driver_roi,[]
4233,70.616,True,c5_radio,0.3603440523147583,0.607,yellow,0,False,driver_roi,[]
4234,70.632,True,c5_radio,0.35244646668434143,0.6089,yellow,0,False,driver_roi,[]
4235,70.649,True,c5_radio,0.35244646668434143,0.6089,yellow,0,False,driver_roi,[]
4236,70.666,True,c5_radio,0.33981853723526,0.6101,yellow,0,False,driver_roi,[]
4237,70.683,True,c5_radio,0.33981853723526,0.6101,yellow,0,False,driver_roi,[]
4238,70.699,True,c5_radio,0.33038318157196045,0.6129,yellow,0,False,driver_roi,[]
4239,70.716,True,c5_radio,0.33038318157196045,0.6129,yellow,0,False,driver_roi,[]
4240,70.733,True,c5_radio,0.3167235553264618,0.6158,yellow,0,False,driver_roi,[]
4241,70.749,True,c5_radio,0.3167235553264618,0.6158,yellow,0,False,driver_roi,[]
4242,70.766,True,c3_texting_left,0.30053040385246277,0.6177,yellow,0,False,driver_roi,[]
4243,70.783,True,c3_texting_left,0.30053040385246277,0.6177,yellow,0,False,driver_roi,[]
4244,70.799,True,c3_texting_left,0.32646170258522034,0.6194,yellow,0,False,driver_roi,[]
4245,70.816,True,c3_texting_left,0.32646170258522034,0.6194,yellow,0,False,driver_roi,[]
4246,70.833,True,c3_texting_left,0.31759899854660034,0.6225,yellow,0,False,driver_roi,[]
4247,70.849,True,c3_texting_left,0.31759899854660034,0.6225,yellow,0,False,driver_roi,[]
4248,70.866,True,c5_radio,0.3357235789299011,0.6257,yellow,0,False,driver_roi,[]
4249,70.883,True,c5_radio,0.3357235789299011,0.6257,yellow,0,False,driver_roi,[]
4250,70.899,True,c5_radio,0.3595413863658905,0.6284,yellow,0,False,driver_roi,[]
4251,70.916,True,c5_radio,0.3595413863658905,0.6284,yellow,0,False,driver_roi,[]
4252,70.933,True,c5_radio,0.3884280323982239,0.6313,yellow,0,False,driver_roi,[]
4253,70.949,True,c5_radio,0.3884280323982239,0.6313,yellow,0,False,driver_roi,[]
4254,70.966,True,c5_radio,0.420269638299942,0.6335,yellow,0,False,driver_roi,[]
4255,70.983,True,c5_radio,0.420269638299942,0.6335,yellow,0,False,driver_roi,[]
4256,70.999,True,c5_radio,0.45238494873046875,0.6359,yellow,0,False,driver_roi,[]
4257,71.016,True,c5_radio,0.45238494873046875,0.6359,yellow,0,False,driver_roi,[]
4258,71.033,True,c5_radio,0.4802132546901703,0.6383,yellow,0,False,driver_roi,[]
4259,71.05,True,c5_radio,0.4802132546901703,0.6383,yellow,0,False,driver_roi,[]
4260,71.066,True,c5_radio,0.5054343938827515,0.6402,yellow,0,False,driver_roi,[]
4261,71.083,True,c5_radio,0.5054343938827515,0.6402,yellow,0,False,driver_roi,[]
4262,71.1,True,c5_radio,0.5222312211990356,0.6413,yellow,0,False,driver_roi,[]
4263,71.116,True,c5_radio,0.5222312211990356,0.6413,yellow,0,False,driver_roi,[]
4264,71.133,True,c5_radio,0.5452201962471008,0.6422,yellow,0,False,driver_roi,[]
4265,71.15,True,c5_radio,0.5452201962471008,0.6422,yellow,0,False,driver_roi,[]
4266,71.166,True,c5_radio,0.5719248056411743,0.6434,yellow,0,False,driver_roi,[]
4267,71.183,True,c5_radio,0.5719248056411743,0.6434,yellow,0,False,driver_roi,[]
4268,71.2,True,c5_radio,0.597705602645874,0.6446,yellow,0,False,driver_roi,[]
4269,71.216,True,c5_radio,0.597705602645874,0.6446,yellow,0,False,driver_roi,[]
4270,71.233,True,c5_radio,0.626796543598175,0.6457,yellow,0,False,driver_roi,[]
4271,71.25,True,c5_radio,0.626796543598175,0.6457,yellow,0,False,driver_roi,[]
4272,71.266,True,c5_radio,0.6618497371673584,0.6465,yellow,0,False,driver_roi,[]
4273,71.283,True,c5_radio,0.6618497371673584,0.6465,yellow,0,False,driver_roi,[]
4274,71.3,True,c5_radio,0.6988059282302856,0.6474,yellow,0,False,driver_roi,[]
4275,71.316,True,c5_radio,0.6988059282302856,0.6474,yellow,0,False,driver_roi,[]
4276,71.333,True,c5_radio,0.7401893734931946,0.6682,orange,1,False,driver_roi,[]
4277,71.35,True,c5_radio,0.7401893734931946,0.6682,orange,1,False,driver_roi,[]
4278,71.366,True,c5_radio,0.7854421734809875,0.6879,orange,2,False,driver_roi,[]
4279,71.383,True,c5_radio,0.7854421734809875,0.6879,orange,2,False,driver_roi,[]
4280,71.4,True,c5_radio,0.8296392560005188,0.7076,orange,3,False,driver_roi,[]
4281,71.417,True,c5_radio,0.8296392560005188,0.7076,orange,3,False,driver_roi,[]
4282,71.433,True,c5_radio,0.8761959075927734,0.7271,orange,4,False,driver_roi,[]
4283,71.45,True,c5_radio,0.8761959075927734,0.7271,orange,4,False,driver_roi,[]
4284,71.467,True,c5_radio,0.9162690043449402,0.7469,orange,5,False,driver_roi,[]
4285,71.483,True,c5_radio,0.9162690043449402,0.7469,orange,5,False,driver_roi,[]
4286,71.5,True,c5_radio,0.9188627004623413,0.7664,orange,6,False,driver_roi,[]
4287,71.517,True,c5_radio,0.9188627004623413,0.7664,orange,6,False,driver_roi,[]
4288,71.533,True,c5_radio,0.9108646512031555,0.7859,orange,7,False,driver_roi,[]
4289,71.55,True,c5_radio,0.9108646512031555,0.7859,orange,7,False,driver_roi,[]
4290,71.567,True,c5_radio,0.9035574793815613,0.8053,orange,8,False,driver_roi,[]
4291,71.583,True,c5_radio,0.9035574793815613,0.8053,orange,8,False,driver_roi,[]
4292,71.6,True,c5_radio,0.9013651013374329,0.8248,orange,9,False,driver_roi,[]
4293,71.617,True,c5_radio,0.9013651013374329,0.8248,orange,9,False,driver_roi,[]
4294,71.633,True,c5_radio,0.8972686529159546,0.8442,orange,10,False,driver_roi,[]
4295,71.65,True,c5_radio,0.8972686529159546,0.8442,orange,10,False,driver_roi,[]
4296,71.667,True,c5_radio,0.8944422006607056,0.8637,red,11,False,driver_roi,[]
4297,71.683,True,c5_radio,0.8944422006607056,0.8637,red,11,False,driver_roi,[]
4298,71.7,True,c5_radio,0.8958522081375122,0.8832,red,12,False,driver_roi,[]
4299,71.717,True,c5_radio,0.8958522081375122,0.8832,red,12,False,driver_roi,[]
4300,71.734,True,c5_radio,0.9004230499267578,0.9026,red,13,False,driver_roi,[]
4301,71.75,True,c5_radio,0.9004230499267578,0.9026,red,13,False,driver_roi,[]
4302,71.767,True,c5_radio,0.9039679765701294,0.9221,red,14,False,driver_roi,[]
4303,71.784,True,c5_radio,0.9039679765701294,0.9221,red,14,False,driver_roi,[]
4304,71.8,True,c5_radio,0.9069584608078003,0.9415,red,15,False,driver_roi,[]
4305,71.817,True,c5_radio,0.9069584608078003,0.9415,red,15,False,driver_roi,[]
4306,71.834,True,c5_radio,0.9103606343269348,0.961,red,16,False,driver_roi,[]
4307,71.85,True,c5_radio,0.9103606343269348,0.961,red,16,False,driver_roi,[]
4308,71.867,True,c5_radio,0.916469931602478,0.9804,red,17,False,driver_roi,[]
4309,71.884,True,c5_radio,0.916469931602478,0.9804,red,17,False,driver_roi,[]
4310,71.9,True,c5_radio,0.9173723459243774,0.9998,red,18,True,driver_roi,[]
4311,71.917,True,c5_radio,0.9173723459243774,0.9998,red,18,True,driver_roi,[]
4312,71.934,True,c5_radio,0.9196564555168152,0.9998,red,19,True,driver_roi,[]
4313,71.95,True,c5_radio,0.9196564555168152,0.9998,red,19,True,driver_roi,[]
4314,71.967,True,c5_radio,0.9209508895874023,0.9998,red,20,True,driver_roi,[]
4315,71.984,True,c5_radio,0.9209508895874023,0.9998,red,20,True,driver_roi,[]
4316,72.0,True,c5_radio,0.9217418432235718,0.9998,red,21,True,driver_roi,[]
4317,72.017,True,c5_radio,0.9217418432235718,0.9998,red,21,True,driver_roi,[]
4318,72.034,True,c5_radio,0.9229400753974915,0.9998,red,22,True,driver_roi,[]
4319,72.05,True,c5_radio,0.9229400753974915,0.9998,red,22,True,driver_roi,[]
4320,72.067,True,c5_radio,0.9234265089035034,0.9997,red,23,True,driver_roi,[]
4321,72.084,True,c5_radio,0.9234265089035034,0.9997,red,23,True,driver_roi,[]
4322,72.101,True,c5_radio,0.9238576889038086,0.9997,red,24,True,driver_roi,[]
4323,72.117,True,c5_radio,0.9238576889038086,0.9997,red,24,True,driver_roi,[]
4324,72.134,True,c5_radio,0.9219598770141602,0.9996,red,25,True,driver_roi,[]
4325,72.151,True,c5_radio,0.9219598770141602,0.9996,red,25,True,driver_roi,[]
4326,72.167,True,c5_radio,0.9173620939254761,0.9994,red,26,True,driver_roi,[]
4327,72.184,True,c5_radio,0.9173620939254761,0.9994,red,26,True,driver_roi,[]
4328,72.201,True,c5_radio,0.9034615755081177,0.9987,red,27,True,driver_roi,[]
4329,72.217,True,c5_radio,0.9034615755081177,0.9987,red,27,True,driver_roi,[]
4330,72.234,True,c5_radio,0.8670262098312378,0.9979,red,28,True,driver_roi,[]
4331,72.251,True,c5_radio,0.8670262098312378,0.9979,red,28,True,driver_roi,[]
4332,72.267,True,c5_radio,0.8372292518615723,0.9972,red,29,True,driver_roi,[]
4333,72.284,True,c5_radio,0.8372292518615723,0.9972,red,29,True,driver_roi,[]
4334,72.301,True,c5_radio,0.8187851905822754,0.9968,red,30,True,driver_roi,[]
4335,72.317,True,c5_radio,0.8187851905822754,0.9968,red,30,True,driver_roi,[]
4336,72.334,True,c5_radio,0.7980387806892395,0.9962,red,31,True,driver_roi,[]
4337,72.351,True,c5_radio,0.7980387806892395,0.9962,red,31,True,driver_roi,[]
4338,72.367,True,c5_radio,0.774851381778717,0.9958,red,32,True,driver_roi,[]
4339,72.384,True,c5_radio,0.774851381778717,0.9958,red,32,True,driver_roi,[]
4340,72.401,True,c5_radio,0.7350215911865234,0.9952,red,33,True,driver_roi,[]
4341,72.417,True,c5_radio,0.7350215911865234,0.9952,red,33,True,driver_roi,[]
4342,72.434,True,c5_radio,0.7030936479568481,0.995,red,34,True,driver_roi,[]
4343,72.451,True,c5_radio,0.7030936479568481,0.995,red,34,True,driver_roi,[]
4344,72.468,True,c5_radio,0.6766303777694702,0.9948,red,33,True,driver_roi,[]
4345,72.484,True,c5_radio,0.6766303777694702,0.9948,red,33,True,driver_roi,[]
4346,72.501,True,c5_radio,0.6609596014022827,0.9947,red,32,True,driver_roi,[]
4347,72.518,True,c5_radio,0.6609596014022827,0.9947,red,32,True,driver_roi,[]
4348,72.534,True,c5_radio,0.6380544900894165,0.9942,red,31,True,driver_roi,[]
4349,72.551,True,c5_radio,0.6380544900894165,0.9942,red,31,True,driver_roi,[]
4350,72.568,True,c5_radio,0.6073359251022339,0.9933,red,30,True,driver_roi,[]
4351,72.584,True,c5_radio,0.6073359251022339,0.9933,red,30,True,driver_roi,[]
4352,72.601,True,c5_radio,0.5752021670341492,0.9923,red,29,True,driver_roi,[]
4353,72.618,True,c5_radio,0.5752021670341492,0.9923,red,29,True,driver_roi,[]
4354,72.634,True,c5_radio,0.5361040234565735,0.9917,red,28,True,driver_roi,[]
4355,72.651,True,c5_radio,0.5361040234565735,0.9917,red,28,True,driver_roi,[]
4356,72.668,True,c5_radio,0.4932468831539154,0.9911,red,27,True,driver_roi,[]
4357,72.684,True,c5_radio,0.4932468831539154,0.9911,red,27,True,driver_roi,[]
4358,72.701,True,c5_radio,0.4510274827480316,0.9907,red,26,True,driver_roi,[]
4359,72.718,True,c5_radio,0.4510274827480316,0.9907,red,26,True,driver_roi,[]
4360,72.734,True,c5_radio,0.41796183586120605,0.9903,red,25,True,driver_roi,[]
4361,72.751,True,c5_radio,0.41796183586120605,0.9903,red,25,True,driver_roi,[]
4362,72.768,True,c9_talking,0.3935031294822693,0.99,red,24,True,driver_roi,[]
4363,72.784,True,c9_talking,0.3935031294822693,0.99,red,24,True,driver_roi,[]
4364,72.801,True,c9_talking,0.40353187918663025,0.9897,red,23,True,driver_roi,[]
4365,72.818,True,c9_talking,0.40353187918663025,0.9897,red,23,True,driver_roi,[]
4366,72.835,True,c9_talking,0.40836983919143677,0.9896,red,22,True,driver_roi,[]
4367,72.851,True,c9_talking,0.40836983919143677,0.9896,red,22,True,driver_roi,[]
4368,72.868,True,c9_talking,0.4046488404273987,0.99,red,21,True,driver_roi,[]
4369,72.885,True,c9_talking,0.4046488404273987,0.99,red,21,True,driver_roi,[]
4370,72.901,True,c9_talking,0.38500675559043884,0.9905,red,20,True,driver_roi,[]
4371,72.918,True,c9_talking,0.38500675559043884,0.9905,red,20,True,driver_roi,[]
4372,72.935,True,c9_talking,0.3696971833705902,0.9908,red,19,True,driver_roi,[]
4373,72.951,True,c9_talking,0.3696971833705902,0.9908,red,19,True,driver_roi,[]
4374,72.968,True,c9_talking,0.36362674832344055,0.9907,red,18,True,driver_roi,[]
4375,72.985,True,c9_talking,0.36362674832344055,0.9907,red,18,True,driver_roi,[]
4376,73.001,True,c9_talking,0.3552700877189636,0.9715,red,17,False,driver_roi,[]
4377,73.018,True,c9_talking,0.3552700877189636,0.9715,red,17,False,driver_roi,[]
4378,73.035,True,c9_talking,0.3455120325088501,0.9519,red,16,False,driver_roi,[]
4379,73.051,True,c9_talking,0.3455120325088501,0.9519,red,16,False,driver_roi,[]
4380,73.068,True,c9_talking,0.3183543384075165,0.9326,red,15,False,driver_roi,[]
4381,73.085,True,c9_talking,0.3183543384075165,0.9326,red,15,False,driver_roi,[]
4382,73.101,True,c9_talking,0.3092650771141052,0.913,red,14,False,driver_roi,[]
4383,73.118,True,c9_talking,0.3092650771141052,0.913,red,14,False,driver_roi,[]
4384,73.135,True,c9_talking,0.3047502934932709,0.8931,red,13,False,driver_roi,[]
4385,73.151,True,c9_talking,0.3047502934932709,0.8931,red,13,False,driver_roi,[]
4386,73.168,True,c9_talking,0.3025924563407898,0.8733,red,12,False,driver_roi,[]
4387,73.185,True,c9_talking,0.3025924563407898,0.8733,red,12,False,driver_roi,[]
4388,73.202,True,c8_makeup,0.30517691373825073,0.8538,red,11,False,driver_roi,[]
4389,73.218,True,c8_makeup,0.30517691373825073,0.8538,red,11,False,driver_roi,[]
4390,73.235,True,c8_makeup,0.3250143229961395,0.835,orange,10,False,driver_roi,[]
4391,73.252,True,c8_makeup,0.3250143229961395,0.835,orange,10,False,driver_roi,[]
4392,73.268,True,c8_makeup,0.34666022658348083,0.8163,orange,9,False,driver_roi,[]
4393,73.285,True,c8_makeup,0.34666022658348083,0.8163,orange,9,False,driver_roi,[]
4394,73.302,True,c8_makeup,0.3653489053249359,0.7971,orange,8,False,driver_roi,[]
4395,73.318,True,c8_makeup,0.3653489053249359,0.7971,orange,8,False,driver_roi,[]
4396,73.335,True,c8_makeup,0.375326007604599,0.7779,orange,7,False,driver_roi,[]
4397,73.352,True,c8_makeup,0.375326007604599,0.7779,orange,7,False,driver_roi,[]
4398,73.368,True,c8_makeup,0.3719078004360199,0.7586,orange,6,False,driver_roi,[]
4399,73.385,True,c8_makeup,0.3719078004360199,0.7586,orange,6,False,driver_roi,[]
4400,73.402,True,c8_makeup,0.37244105339050293,0.7395,orange,5,False,driver_roi,[]
4401,73.418,True,c8_makeup,0.37244105339050293,0.7395,orange,5,False,driver_roi,[]
4402,73.435,True,c8_makeup,0.36273640394210815,0.7202,orange,4,False,driver_roi,[]
4403,73.452,True,c8_makeup,0.36273640394210815,0.7202,orange,4,False,driver_roi,[]
4404,73.468,True,c8_makeup,0.3633967339992523,0.7009,orange,3,False,driver_roi,[]
4405,73.485,True,c8_makeup,0.3633967339992523,0.7009,orange,3,False,driver_roi,[]
4406,73.502,True,c8_makeup,0.3583110570907593,0.6816,orange,2,False,driver_roi,[]
4407,73.519,True,c8_makeup,0.3583110570907593,0.6816,orange,2,False,driver_roi,[]
4408,73.535,True,c8_makeup,0.35194021463394165,0.6622,orange,1,False,driver_roi,[]
4409,73.552,True,c8_makeup,0.35194021463394165,0.6622,orange,1,False,driver_roi,[]
4410,73.569,True,c8_makeup,0.35401609539985657,0.6428,yellow,0,False,driver_roi,[]
4411,73.585,True,c8_makeup,0.35401609539985657,0.6428,yellow,0,False,driver_roi,[]
4412,73.602,True,c8_makeup,0.36085212230682373,0.643,yellow,0,False,driver_roi,[]
4413,73.619,True,c8_makeup,0.36085212230682373,0.643,yellow,0,False,driver_roi,[]
4414,73.635,True,c8_makeup,0.3649344742298126,0.6431,yellow,0,False,driver_roi,[]
4415,73.652,True,c8_makeup,0.3649344742298126,0.6431,yellow,0,False,driver_roi,[]
4416,73.669,True,c8_makeup,0.3628960847854614,0.6432,yellow,0,False,driver_roi,[]
4417,73.685,True,c8_makeup,0.3628960847854614,0.6432,yellow,0,False,driver_roi,[]
4418,73.702,True,c8_makeup,0.3584035336971283,0.6434,yellow,0,False,driver_roi,[]
4419,73.719,True,c8_makeup,0.3584035336971283,0.6434,yellow,0,False,driver_roi,[]
4420,73.735,True,c8_makeup,0.3615044355392456,0.6436,yellow,0,False,driver_roi,[]
4421,73.752,True,c8_makeup,0.3615044355392456,0.6436,yellow,0,False,driver_roi,[]
4422,73.769,True,c8_makeup,0.36875033378601074,0.6438,yellow,0,False,driver_roi,[]
4423,73.785,True,c8_makeup,0.36875033378601074,0.6438,yellow,0,False,driver_roi,[]
4424,73.802,True,c8_makeup,0.37058672308921814,0.644,yellow,0,False,driver_roi,[]
4425,73.819,True,c8_makeup,0.37058672308921814,0.644,yellow,0,False,driver_roi,[]
4426,73.835,True,c8_makeup,0.3691592812538147,0.6442,yellow,0,False,driver_roi,[]
4427,73.852,True,c8_makeup,0.3691592812538147,0.6442,yellow,0,False,driver_roi,[]
4428,73.869,True,c8_makeup,0.3608318865299225,0.6442,yellow,0,False,driver_roi,[]
4429,73.886,True,c8_makeup,0.3608318865299225,0.6442,yellow,0,False,driver_roi,[]
4430,73.902,True,c8_makeup,0.35036247968673706,0.644,yellow,0,False,driver_roi,[]
4431,73.919,True,c8_makeup,0.35036247968673706,0.644,yellow,0,False,driver_roi,[]
4432,73.936,True,c8_makeup,0.3358837366104126,0.6436,yellow,0,False,driver_roi,[]
4433,73.952,True,c8_makeup,0.3358837366104126,0.6436,yellow,0,False,driver_roi,[]
4434,73.969,True,c8_makeup,0.31984204053878784,0.6432,yellow,0,False,driver_roi,[]
4435,73.986,True,c8_makeup,0.31984204053878784,0.6432,yellow,0,False,driver_roi,[]
4436,74.002,True,c8_makeup,0.31356877088546753,0.6431,yellow,0,False,driver_roi,[]
4437,74.019,True,c8_makeup,0.31356877088546753,0.6431,yellow,0,False,driver_roi,[]
4438,74.036,True,c8_makeup,0.31362318992614746,0.6431,yellow,0,False,driver_roi,[]
4439,74.052,True,c8_makeup,0.31362318992614746,0.6431,yellow,0,False,driver_roi,[]
4440,74.069,True,c8_makeup,0.3152826726436615,0.6429,yellow,0,False,driver_roi,[]
4441,74.086,True,c8_makeup,0.3152826726436615,0.6429,yellow,0,False,driver_roi,[]
4442,74.102,True,c8_makeup,0.3213067054748535,0.6427,yellow,0,False,driver_roi,[]
4443,74.119,True,c8_makeup,0.3213067054748535,0.6427,yellow,0,False,driver_roi,[]
4444,74.136,True,c8_makeup,0.3238568603992462,0.6425,yellow,0,False,driver_roi,[]
4445,74.152,True,c8_makeup,0.3238568603992462,0.6425,yellow,0,False,driver_roi,[]
4446,74.169,True,c8_makeup,0.3266221284866333,0.6423,yellow,0,False,driver_roi,[]
4447,74.186,True,c8_makeup,0.3266221284866333,0.6423,yellow,0,False,driver_roi,[]
4448,74.202,True,c8_makeup,0.3292601704597473,0.6421,yellow,0,False,driver_roi,[]
4449,74.219,True,c8_makeup,0.3292601704597473,0.6421,yellow,0,False,driver_roi,[]
4450,74.236,True,c8_makeup,0.3276347815990448,0.6421,yellow,0,False,driver_roi,[]
4451,74.253,True,c8_makeup,0.3276347815990448,0.6421,yellow,0,False,driver_roi,[]
4452,74.269,True,c8_makeup,0.3285515308380127,0.6418,yellow,0,False,driver_roi,[]
4453,74.286,True,c8_makeup,0.3285515308380127,0.6418,yellow,0,False,driver_roi,[]
4454,74.303,True,c8_makeup,0.3268924057483673,0.6418,yellow,0,False,driver_roi,[]
4455,74.319,True,c8_makeup,0.3268924057483673,0.6418,yellow,0,False,driver_roi,[]
4456,74.336,True,c8_makeup,0.32987144589424133,0.6417,yellow,0,False,driver_roi,[]
4457,74.353,True,c8_makeup,0.32987144589424133,0.6417,yellow,0,False,driver_roi,[]
4458,74.369,True,c8_makeup,0.3311343491077423,0.6414,yellow,0,False,driver_roi,[]
4459,74.386,True,c8_makeup,0.3311343491077423,0.6414,yellow,0,False,driver_roi,[]
4460,74.403,True,c8_makeup,0.3252987265586853,0.6409,yellow,0,False,driver_roi,[]
4461,74.419,True,c8_makeup,0.3252987265586853,0.6409,yellow,0,False,driver_roi,[]
4462,74.436,True,c8_makeup,0.3182595372200012,0.6405,yellow,0,False,driver_roi,[]
4463,74.453,True,c8_makeup,0.3182595372200012,0.6405,yellow,0,False,driver_roi,[]
4464,74.469,True,c8_makeup,0.3187256455421448,0.6398,yellow,0,False,driver_roi,[]
4465,74.486,True,c8_makeup,0.3187256455421448,0.6398,yellow,0,False,driver_roi,[]
4466,74.503,True,c8_makeup,0.31781476736068726,0.6394,yellow,0,False,driver_roi,[]
4467,74.519,True,c8_makeup,0.31781476736068726,0.6394,yellow,0,False,driver_roi,[]
4468,74.536,True,c8_makeup,0.315966933965683,0.6389,yellow,0,False,driver_roi,[]
4469,74.553,True,c8_makeup,0.315966933965683,0.6389,yellow,0,False,driver_roi,[]
4470,74.569,True,c8_makeup,0.3166671693325043,0.6386,yellow,0,False,driver_roi,[]
4471,74.586,True,c8_makeup,0.3166671693325043,0.6386,yellow,0,False,driver_roi,[]
4472,74.603,True,c8_makeup,0.3180656135082245,0.6386,yellow,0,False,driver_roi,[]
4473,74.62,True,c8_makeup,0.3180656135082245,0.6386,yellow,0,False,driver_roi,[]
4474,74.636,True,c8_makeup,0.3204377591609955,0.6383,yellow,0,False,driver_roi,[]
4475,74.653,True,c8_makeup,0.3204377591609955,0.6383,yellow,0,False,driver_roi,[]
4476,74.67,True,c8_makeup,0.3178025782108307,0.6381,yellow,0,False,driver_roi,[]
4477,74.686,True,c8_makeup,0.3178025782108307,0.6381,yellow,0,False,driver_roi,[]
4478,74.703,True,c8_makeup,0.3118484616279602,0.638,yellow,0,False,driver_roi,[]
4479,74.72,True,c8_makeup,0.3118484616279602,0.638,yellow,0,False,driver_roi,[]
4480,74.736,True,c8_makeup,0.3055191934108734,0.6373,yellow,0,False,driver_roi,[]
4481,74.753,True,c8_makeup,0.3055191934108734,0.6373,yellow,0,False,driver_roi,[]
4482,74.77,True,c8_makeup,0.2942136526107788,0.6364,yellow,0,False,driver_roi,[]
4483,74.786,True,c8_makeup,0.2942136526107788,0.6364,yellow,0,False,driver_roi,[]
4484,74.803,True,c8_makeup,0.2827538847923279,0.6355,yellow,0,False,driver_roi,[]
4485,74.82,True,c8_makeup,0.2827538847923279,0.6355,yellow,0,False,driver_roi,[]
4486,74.836,True,c8_makeup,0.2725274860858917,0.6351,yellow,0,False,driver_roi,[]
4487,74.853,True,c8_makeup,0.2725274860858917,0.6351,yellow,0,False,driver_roi,[]
4488,74.87,True,c8_makeup,0.2616605758666992,0.6347,yellow,0,False,driver_roi,[]
4489,74.886,True,c8_makeup,0.2616605758666992,0.6347,yellow,0,False,driver_roi,[]
4490,74.903,True,c8_makeup,0.2557838559150696,0.6345,yellow,0,False,driver_roi,[]
4491,74.92,True,c8_makeup,0.2557838559150696,0.6345,yellow,0,False,driver_roi,[]
4492,74.936,True,c5_radio,0.2606774866580963,0.6346,yellow,0,False,driver_roi,[]
4493,74.953,True,c5_radio,0.2606774866580963,0.6346,yellow,0,False,driver_roi,[]
4494,74.97,True,c5_radio,0.282858282327652,0.6347,yellow,0,False,driver_roi,[]
4495,74.987,True,c5_radio,0.282858282327652,0.6347,yellow,0,False,driver_roi,[]
4496,75.003,True,c5_radio,0.30620908737182617,0.6348,yellow,0,False,driver_roi,[]
4497,75.02,True,c5_radio,0.30620908737182617,0.6348,yellow,0,False,driver_roi,[]
4498,75.037,True,c5_radio,0.32099321484565735,0.6346,yellow,0,False,driver_roi,[]
4499,75.053,True,c5_radio,0.32099321484565735,0.6346,yellow,0,False,driver_roi,[]
4500,75.07,True,c5_radio,0.33780330419540405,0.6346,yellow,0,False,driver_roi,[]
4501,75.087,True,c5_radio,0.33780330419540405,0.6346,yellow,0,False,driver_roi,[]
4502,75.103,True,c5_radio,0.34838518500328064,0.634,yellow,0,False,driver_roi,[]
4503,75.12,True,c5_radio,0.34838518500328064,0.634,yellow,0,False,driver_roi,[]
4504,75.137,True,c5_radio,0.3657042682170868,0.6339,yellow,0,False,driver_roi,[]
4505,75.153,True,c5_radio,0.3657042682170868,0.6339,yellow,0,False,driver_roi,[]
4506,75.17,True,c5_radio,0.3903205990791321,0.634,yellow,0,False,driver_roi,[]
4507,75.187,True,c5_radio,0.3903205990791321,0.634,yellow,0,False,driver_roi,[]
4508,75.203,True,c5_radio,0.41130203008651733,0.6341,yellow,0,False,driver_roi,[]
4509,75.22,True,c5_radio,0.41130203008651733,0.6341,yellow,0,False,driver_roi,[]
4510,75.237,True,c5_radio,0.42652225494384766,0.6342,yellow,0,False,driver_roi,[]
4511,75.253,True,c5_radio,0.42652225494384766,0.6342,yellow,0,False,driver_roi,[]
4512,75.27,True,c5_radio,0.4403002858161926,0.634,yellow,0,False,driver_roi,[]
4513,75.287,True,c5_radio,0.4403002858161926,0.634,yellow,0,False,driver_roi,[]
4514,75.304,True,c5_radio,0.45427313446998596,0.634,yellow,0,False,driver_roi,[]
4515,75.32,True,c5_radio,0.45427313446998596,0.634,yellow,0,False,driver_roi,[]
4516,75.337,True,c5_radio,0.47232407331466675,0.6338,yellow,0,False,driver_roi,[]
4517,75.354,True,c5_radio,0.47232407331466675,0.6338,yellow,0,False,driver_roi,[]
4518,75.37,True,c5_radio,0.480039119720459,0.6334,yellow,0,False,driver_roi,[]
4519,75.387,True,c5_radio,0.480039119720459,0.6334,yellow,0,False,driver_roi,[]
4520,75.404,True,c5_radio,0.4859115481376648,0.6338,yellow,0,False,driver_roi,[]
4521,75.42,True,c5_radio,0.4859115481376648,0.6338,yellow,0,False,driver_roi,[]
4522,75.437,True,c5_radio,0.49473413825035095,0.6345,yellow,0,False,driver_roi,[]
4523,75.454,True,c5_radio,0.49473413825035095,0.6345,yellow,0,False,driver_roi,[]
4524,75.47,True,c5_radio,0.517692506313324,0.6355,yellow,0,False,driver_roi,[]
4525,75.487,True,c5_radio,0.517692506313324,0.6355,yellow,0,False,driver_roi,[]
4526,75.504,True,c5_radio,0.5282267928123474,0.6358,yellow,0,False,driver_roi,[]
4527,75.52,True,c5_radio,0.5282267928123474,0.6358,yellow,0,False,driver_roi,[]
4528,75.537,True,c5_radio,0.5295159816741943,0.6363,yellow,0,False,driver_roi,[]
4529,75.554,True,c5_radio,0.5295159816741943,0.6363,yellow,0,False,driver_roi,[]
4530,75.57,True,c5_radio,0.5333914756774902,0.6365,yellow,0,False,driver_roi,[]
4531,75.587,True,c5_radio,0.5333914756774902,0.6365,yellow,0,False,driver_roi,[]
4532,75.604,True,c5_radio,0.5257891416549683,0.6364,yellow,0,False,driver_roi,[]
4533,75.62,True,c5_radio,0.5257891416549683,0.6364,yellow,0,False,driver_roi,[]
4534,75.637,True,c5_radio,0.5161027312278748,0.6361,yellow,0,False,driver_roi,[]
4535,75.654,True,c5_radio,0.5161027312278748,0.6361,yellow,0,False,driver_roi,[]
4536,75.671,True,c5_radio,0.5103132724761963,0.6359,yellow,0,False,driver_roi,[]
4537,75.687,True,c5_radio,0.5103132724761963,0.6359,yellow,0,False,driver_roi,[]
4538,75.704,True,c5_radio,0.5156310200691223,0.636,yellow,0,False,driver_roi,[]
4539,75.721,True,c5_radio,0.5156310200691223,0.636,yellow,0,False,driver_roi,[]
4540,75.737,True,c5_radio,0.5261030793190002,0.636,yellow,0,False,driver_roi,[]
4541,75.754,True,c5_radio,0.5261030793190002,0.636,yellow,0,False,driver_roi,[]
4542,75.771,True,c5_radio,0.5345582962036133,0.6366,yellow,0,False,driver_roi,[]
4543,75.787,True,c5_radio,0.5345582962036133,0.6366,yellow,0,False,driver_roi,[]
4544,75.804,True,c5_radio,0.537500262260437,0.6369,yellow,0,False,driver_roi,[]
4545,75.821,True,c5_radio,0.537500262260437,0.6369,yellow,0,False,driver_roi,[]
4546,75.837,True,c5_radio,0.5407540798187256,0.6372,yellow,0,False,driver_roi,[]
4547,75.854,True,c5_radio,0.5407540798187256,0.6372,yellow,0,False,driver_roi,[]
4548,75.871,True,c5_radio,0.53740394115448,0.6376,yellow,0,False,driver_roi,[]
4549,75.887,True,c5_radio,0.53740394115448,0.6376,yellow,0,False,driver_roi,[]
4550,75.904,True,c5_radio,0.5406824350357056,0.6382,yellow,0,False,driver_roi,[]
4551,75.921,True,c5_radio,0.5406824350357056,0.6382,yellow,0,False,driver_roi,[]
4552,75.937,True,c5_radio,0.5383382439613342,0.6386,yellow,0,False,driver_roi,[]
4553,75.954,True,c5_radio,0.5383382439613342,0.6386,yellow,0,False,driver_roi,[]
4554,75.971,True,c5_radio,0.5300005674362183,0.6389,yellow,0,False,driver_roi,[]
4555,75.987,True,c5_radio,0.5300005674362183,0.6389,yellow,0,False,driver_roi,[]
4556,76.004,True,c5_radio,0.5207027196884155,0.6392,yellow,0,False,driver_roi,[]
4557,76.021,True,c5_radio,0.5207027196884155,0.6392,yellow,0,False,driver_roi,[]
4558,76.038,True,c5_radio,0.5224877595901489,0.6396,yellow,0,False,driver_roi,[]
4559,76.054,True,c5_radio,0.5224877595901489,0.6396,yellow,0,False,driver_roi,[]
4560,76.071,True,c5_radio,0.5318043231964111,0.6398,yellow,0,False,driver_roi,[]
4561,76.088,True,c5_radio,0.5318043231964111,0.6398,yellow,0,False,driver_roi,[]
4562,76.104,True,c5_radio,0.5362403988838196,0.6401,yellow,0,False,driver_roi,[]
4563,76.121,True,c5_radio,0.5362403988838196,0.6401,yellow,0,False,driver_roi,[]
4564,76.138,True,c5_radio,0.5350492596626282,0.6401,yellow,0,False,driver_roi,[]
4565,76.154,True,c5_radio,0.5350492596626282,0.6401,yellow,0,False,driver_roi,[]
4566,76.171,True,c5_radio,0.5406804084777832,0.6401,yellow,0,False,driver_roi,[]
4567,76.188,True,c5_radio,0.5406804084777832,0.6401,yellow,0,False,driver_roi,[]
4568,76.204,True,c5_radio,0.5457503199577332,0.6397,yellow,0,False,driver_roi,[]
4569,76.221,True,c5_radio,0.5457503199577332,0.6397,yellow,0,False,driver_roi,[]
4570,76.238,True,c5_radio,0.55242919921875,0.6394,yellow,0,False,driver_roi,[]
4571,76.254,True,c5_radio,0.55242919921875,0.6394,yellow,0,False,driver_roi,[]
4572,76.271,True,c5_radio,0.5599116086959839,0.6387,yellow,0,False,driver_roi,[]
4573,76.288,True,c5_radio,0.5599116086959839,0.6387,yellow,0,False,driver_roi,[]
4574,76.304,True,c5_radio,0.5628343820571899,0.6382,yellow,0,False,driver_roi,[]
4575,76.321,True,c5_radio,0.5628343820571899,0.6382,yellow,0,False,driver_roi,[]
4576,76.338,True,c5_radio,0.561874270439148,0.6377,yellow,0,False,driver_roi,[]
4577,76.354,True,c5_radio,0.561874270439148,0.6377,yellow,0,False,driver_roi,[]
4578,76.371,True,c5_radio,0.5605340600013733,0.6374,yellow,0,False,driver_roi,[]
4579,76.388,True,c5_radio,0.5605340600013733,0.6374,yellow,0,False,driver_roi,[]
4580,76.405,True,c5_radio,0.5532564520835876,0.6373,yellow,0,False,driver_roi,[]
4581,76.421,True,c5_radio,0.5532564520835876,0.6373,yellow,0,False,driver_roi,[]
4582,76.438,True,c5_radio,0.5505646467208862,0.637,yellow,0,False,driver_roi,[]
4583,76.455,True,c5_radio,0.5505646467208862,0.637,yellow,0,False,driver_roi,[]
4584,76.471,True,c5_radio,0.5594263672828674,0.6371,yellow,0,False,driver_roi,[]
4585,76.488,True,c5_radio,0.5594263672828674,0.6371,yellow,0,False,driver_roi,[]
4586,76.505,True,c5_radio,0.5547996163368225,0.6366,yellow,0,False,driver_roi,[]
4587,76.521,True,c5_radio,0.5547996163368225,0.6366,yellow,0,False,driver_roi,[]
4588,76.538,True,c5_radio,0.5549546480178833,0.6353,yellow,0,False,driver_roi,[]
4589,76.555,True,c5_radio,0.5549546480178833,0.6353,yellow,0,False,driver_roi,[]
4590,76.571,True,c5_radio,0.5540413856506348,0.6346,yellow,0,False,driver_roi,[]
4591,76.588,True,c5_radio,0.5540413856506348,0.6346,yellow,0,False,driver_roi,[]
4592,76.605,True,c5_radio,0.5586977601051331,0.6341,yellow,0,False,driver_roi,[]
4593,76.621,True,c5_radio,0.5586977601051331,0.6341,yellow,0,False,driver_roi,[]
4594,76.638,True,c5_radio,0.5733261704444885,0.6341,yellow,0,False,driver_roi,[]
4595,76.655,True,c5_radio,0.5733261704444885,0.6341,yellow,0,False,driver_roi,[]
4596,76.671,True,c5_radio,0.5822371244430542,0.6336,yellow,0,False,driver_roi,[]
4597,76.688,True,c5_radio,0.5822371244430542,0.6336,yellow,0,False,driver_roi,[]
4598,76.705,True,c5_radio,0.5868546962738037,0.6332,yellow,0,False,driver_roi,[]
4599,76.721,True,c5_radio,0.5868546962738037,0.6332,yellow,0,False,driver_roi,[]
4600,76.738,True,c5_radio,0.5911846160888672,0.633,yellow,0,False,driver_roi,[]
4601,76.755,True,c5_radio,0.5911846160888672,0.633,yellow,0,False,driver_roi,[]
4602,76.772,True,c5_radio,0.5951012372970581,0.6333,yellow,0,False,driver_roi,[]
4603,76.788,True,c5_radio,0.5951012372970581,0.6333,yellow,0,False,driver_roi,[]
4604,76.805,True,c5_radio,0.5756141543388367,0.6335,yellow,0,False,driver_roi,[]
4605,76.822,True,c5_radio,0.5756141543388367,0.6335,yellow,0,False,driver_roi,[]
4606,76.838,True,c5_radio,0.5479081273078918,0.6337,yellow,0,False,driver_roi,[]
4607,76.855,True,c5_radio,0.5479081273078918,0.6337,yellow,0,False,driver_roi,[]
4608,76.872,True,c5_radio,0.5196706056594849,0.6345,yellow,0,False,driver_roi,[]
4609,76.888,True,c5_radio,0.5196706056594849,0.6345,yellow,0,False,driver_roi,[]
4610,76.905,True,c5_radio,0.4857153296470642,0.6351,yellow,0,False,driver_roi,[]
4611,76.922,True,c5_radio,0.4857153296470642,0.6351,yellow,0,False,driver_roi,[]
4612,76.938,True,c5_radio,0.45597630739212036,0.6362,yellow,0,False,driver_roi,[]
4613,76.955,True,c5_radio,0.45597630739212036,0.6362,yellow,0,False,driver_roi,[]
4614,76.972,True,c5_radio,0.4332135319709778,0.6373,yellow,0,False,driver_roi,[]
4615,76.988,True,c5_radio,0.4332135319709778,0.6373,yellow,0,False,driver_roi,[]
4616,77.005,True,c5_radio,0.41347160935401917,0.6384,yellow,0,False,driver_roi,[]
4617,77.022,True,c5_radio,0.41347160935401917,0.6384,yellow,0,False,driver_roi,[]
4618,77.038,True,c5_radio,0.3940891623497009,0.6392,yellow,0,False,driver_roi,[]
4619,77.055,True,c5_radio,0.3940891623497009,0.6392,yellow,0,False,driver_roi,[]
4620,77.072,True,c5_radio,0.37480586767196655,0.64,yellow,0,False,driver_roi,[]
4621,77.088,True,c5_radio,0.37480586767196655,0.64,yellow,0,False,driver_roi,[]
4622,77.105,True,c5_radio,0.3610684275627136,0.641,yellow,0,False,driver_roi,[]
4623,77.122,True,c5_radio,0.3610684275627136,0.641,yellow,0,False,driver_roi,[]
4624,77.139,True,c5_radio,0.35034698247909546,0.6416,yellow,0,False,driver_roi,[]
4625,77.155,True,c5_radio,0.35034698247909546,0.6416,yellow,0,False,driver_roi,[]
4626,77.172,True,c5_radio,0.3398384153842926,0.6424,yellow,0,False,driver_roi,[]
4627,77.189,True,c5_radio,0.3398384153842926,0.6424,yellow,0,False,driver_roi,[]
4628,77.205,True,c7_reaching,0.3389297127723694,0.644,yellow,0,False,driver_roi,[]
4629,77.222,True,c7_reaching,0.3389297127723694,0.644,yellow,0,False,driver_roi,[]
4630,77.239,True,c5_radio,0.34270960092544556,0.6451,yellow,0,False,driver_roi,[]
4631,77.255,True,c5_radio,0.34270960092544556,0.6451,yellow,0,False,driver_roi,[]
4632,77.272,True,c5_radio,0.3583882451057434,0.6461,yellow,0,False,driver_roi,[]
4633,77.289,True,c5_radio,0.3583882451057434,0.6461,yellow,0,False,driver_roi,[]
4634,77.305,True,c5_radio,0.36790478229522705,0.6466,yellow,0,False,driver_roi,[]
4635,77.322,True,c5_radio,0.36790478229522705,0.6466,yellow,0,False,driver_roi,[]
4636,77.339,True,c5_radio,0.3817622661590576,0.6477,yellow,0,False,driver_roi,[]
4637,77.355,True,c5_radio,0.3817622661590576,0.6477,yellow,0,False,driver_roi,[]
4638,77.372,True,c5_radio,0.3968716263771057,0.6485,yellow,0,False,driver_roi,[]
4639,77.389,True,c5_radio,0.3968716263771057,0.6485,yellow,0,False,driver_roi,[]
4640,77.405,True,c5_radio,0.40880370140075684,0.649,yellow,0,False,driver_roi,[]
4641,77.422,True,c5_radio,0.40880370140075684,0.649,yellow,0,False,driver_roi,[]
4642,77.439,True,c5_radio,0.42273426055908203,0.6491,yellow,0,False,driver_roi,[]
4643,77.456,True,c5_radio,0.42273426055908203,0.6491,yellow,0,False,driver_roi,[]
4644,77.472,True,c5_radio,0.4574764668941498,0.6492,yellow,0,False,driver_roi,[]
4645,77.489,True,c5_radio,0.4574764668941498,0.6492,yellow,0,False,driver_roi,[]
4646,77.506,True,c5_radio,0.49800530076026917,0.6493,yellow,0,False,driver_roi,[]
4647,77.522,True,c5_radio,0.49800530076026917,0.6493,yellow,0,False,driver_roi,[]
4648,77.539,True,c5_radio,0.5409500598907471,0.6493,yellow,0,False,driver_roi,[]
4649,77.556,True,c5_radio,0.5409500598907471,0.6493,yellow,0,False,driver_roi,[]
4650,77.572,True,c5_radio,0.5838240385055542,0.6493,yellow,0,False,driver_roi,[]
4651,77.589,True,c5_radio,0.5838240385055542,0.6493,yellow,0,False,driver_roi,[]
4652,77.606,True,c5_radio,0.6267744898796082,0.6493,yellow,0,False,driver_roi,[]
4653,77.622,True,c5_radio,0.6267744898796082,0.6493,yellow,0,False,driver_roi,[]
4654,77.639,True,c5_radio,0.6666492819786072,0.6493,yellow,0,False,driver_roi,[]
4655,77.656,True,c5_radio,0.6666492819786072,0.6493,yellow,0,False,driver_roi,[]
4656,77.672,True,c5_radio,0.692694902420044,0.6493,yellow,0,False,driver_roi,[]
4657,77.689,True,c5_radio,0.692694902420044,0.6493,yellow,0,False,driver_roi,[]
4658,77.706,True,c5_radio,0.7122161388397217,0.6687,orange,1,False,driver_roi,[]
4659,77.722,True,c5_radio,0.7122161388397217,0.6687,orange,1,False,driver_roi,[]
4660,77.739,True,c5_radio,0.733336329460144,0.6882,orange,2,False,driver_roi,[]
4661,77.756,True,c5_radio,0.733336329460144,0.6882,orange,2,False,driver_roi,[]
4662,77.772,True,c5_radio,0.7550288438796997,0.7077,orange,3,False,driver_roi,[]
4663,77.789,True,c5_radio,0.7550288438796997,0.7077,orange,3,False,driver_roi,[]
4664,77.806,True,c5_radio,0.7646155953407288,0.7272,orange,4,False,driver_roi,[]
4665,77.823,True,c5_radio,0.7646155953407288,0.7272,orange,4,False,driver_roi,[]
4666,77.839,True,c5_radio,0.7820900678634644,0.7466,orange,5,False,driver_roi,[]
4667,77.856,True,c5_radio,0.7820900678634644,0.7466,orange,5,False,driver_roi,[]
4668,77.873,True,c5_radio,0.798717200756073,0.766,orange,6,False,driver_roi,[]
4669,77.889,True,c5_radio,0.798717200756073,0.766,orange,6,False,driver_roi,[]
4670,77.906,True,c5_radio,0.8045400381088257,0.7854,orange,7,False,driver_roi,[]
4671,77.923,True,c5_radio,0.8045400381088257,0.7854,orange,7,False,driver_roi,[]
4672,77.939,True,c5_radio,0.7853816747665405,0.8048,orange,8,False,driver_roi,[]
4673,77.956,True,c5_radio,0.7853816747665405,0.8048,orange,8,False,driver_roi,[]
4674,77.973,True,c5_radio,0.7778404355049133,0.8243,orange,9,False,driver_roi,[]
4675,77.989,True,c5_radio,0.7778404355049133,0.8243,orange,9,False,driver_roi,[]
4676,78.006,True,c5_radio,0.7600680589675903,0.8437,orange,10,False,driver_roi,[]
4677,78.023,True,c5_radio,0.7600680589675903,0.8437,orange,10,False,driver_roi,[]
4678,78.039,True,c5_radio,0.7473723888397217,0.8632,red,11,False,driver_roi,[]
4679,78.056,True,c5_radio,0.7473723888397217,0.8632,red,11,False,driver_roi,[]
4680,78.073,True,c5_radio,0.7255130410194397,0.8826,red,12,False,driver_roi,[]
4681,78.089,True,c5_radio,0.7255130410194397,0.8826,red,12,False,driver_roi,[]
4682,78.106,True,c5_radio,0.7018688321113586,0.9021,red,13,False,driver_roi,[]
4683,78.123,True,c5_radio,0.7018688321113586,0.9021,red,13,False,driver_roi,[]
4684,78.139,True,c5_radio,0.6727465987205505,0.8827,red,12,False,driver_roi,[]
4685,78.156,True,c5_radio,0.6727465987205505,0.8827,red,12,False,driver_roi,[]
4686,78.173,True,c5_radio,0.6371000409126282,0.8633,red,11,False,driver_roi,[]
4687,78.19,True,c5_radio,0.6371000409126282,0.8633,red,11,False,driver_roi,[]
4688,78.206,True,c5_radio,0.6052151322364807,0.8439,orange,10,False,driver_roi,[]
4689,78.223,True,c5_radio,0.6052151322364807,0.8439,orange,10,False,driver_roi,[]
4690,78.24,True,c5_radio,0.5694513320922852,0.8244,orange,9,False,driver_roi,[]
4691,78.256,True,c5_radio,0.5694513320922852,0.8244,orange,9,False,driver_roi,[]
4692,78.273,True,c5_radio,0.5307587385177612,0.805,orange,8,False,driver_roi,[]
4693,78.29,True,c5_radio,0.5307587385177612,0.805,orange,8,False,driver_roi,[]
4694,78.306,True,c5_radio,0.4966345727443695,0.7856,orange,7,False,driver_roi,[]
4695,78.323,True,c5_radio,0.4966345727443695,0.7856,orange,7,False,driver_roi,[]
4696,78.34,True,c5_radio,0.4804614186286926,0.7662,orange,6,False,driver_roi,[]
4697,78.356,True,c5_radio,0.4804614186286926,0.7662,orange,6,False,driver_roi,[]
4698,78.373,True,c5_radio,0.46358370780944824,0.7468,orange,5,False,driver_roi,[]
4699,78.39,True,c5_radio,0.46358370780944824,0.7468,orange,5,False,driver_roi,[]
4700,78.406,True,c8_makeup,0.47327059507369995,0.7274,orange,4,False,driver_roi,[]
4701,78.423,True,c8_makeup,0.47327059507369995,0.7274,orange,4,False,driver_roi,[]
4702,78.44,True,c8_makeup,0.49677935242652893,0.7079,orange,3,False,driver_roi,[]
4703,78.456,True,c8_makeup,0.49677935242652893,0.7079,orange,3,False,driver_roi,[]
4704,78.473,True,c8_makeup,0.5213159918785095,0.6885,orange,2,False,driver_roi,[]
4705,78.49,True,c8_makeup,0.5213159918785095,0.6885,orange,2,False,driver_roi,[]
4706,78.506,True,c8_makeup,0.5505682229995728,0.6691,orange,1,False,driver_roi,[]
4707,78.523,True,c8_makeup,0.5505682229995728,0.6691,orange,1,False,driver_roi,[]
4708,78.54,True,c8_makeup,0.5787534117698669,0.6497,yellow,0,False,driver_roi,[]
4709,78.557,True,c8_makeup,0.5787534117698669,0.6497,yellow,0,False,driver_roi,[]
4710,78.573,True,c8_makeup,0.6078367829322815,0.6498,yellow,0,False,driver_roi,[]
4711,78.59,True,c8_makeup,0.6078367829322815,0.6498,yellow,0,False,driver_roi,[]
4712,78.607,True,c8_makeup,0.6056903004646301,0.6498,yellow,0,False,driver_roi,[]
4713,78.623,True,c8_makeup,0.6056903004646301,0.6498,yellow,0,False,driver_roi,[]
4714,78.64,True,c8_makeup,0.6056696176528931,0.6499,yellow,0,False,driver_roi,[]
4715,78.657,True,c8_makeup,0.6056696176528931,0.6499,yellow,0,False,driver_roi,[]
4716,78.673,True,c8_makeup,0.5908923745155334,0.6499,yellow,0,False,driver_roi,[]
4717,78.69,True,c8_makeup,0.5908923745155334,0.6499,yellow,0,False,driver_roi,[]
4718,78.707,True,c8_makeup,0.5814153552055359,0.6499,yellow,0,False,driver_roi,[]
4719,78.723,True,c8_makeup,0.5814153552055359,0.6499,yellow,0,False,driver_roi,[]
4720,78.74,True,c8_makeup,0.5640207529067993,0.6498,yellow,0,False,driver_roi,[]
4721,78.757,True,c8_makeup,0.5640207529067993,0.6498,yellow,0,False,driver_roi,[]
4722,78.773,True,c8_makeup,0.5489102005958557,0.6498,yellow,0,False,driver_roi,[]
4723,78.79,True,c8_makeup,0.5489102005958557,0.6498,yellow,0,False,driver_roi,[]
4724,78.807,True,c8_makeup,0.5417000651359558,0.6497,yellow,0,False,driver_roi,[]
4725,78.823,True,c8_makeup,0.5417000651359558,0.6497,yellow,0,False,driver_roi,[]
4726,78.84,True,c8_makeup,0.5501651763916016,0.6497,yellow,0,False,driver_roi,[]
4727,78.857,True,c8_makeup,0.5501651763916016,0.6497,yellow,0,False,driver_roi,[]
4728,78.873,True,c8_makeup,0.5645532608032227,0.6497,yellow,0,False,driver_roi,[]
4729,78.89,True,c8_makeup,0.5645532608032227,0.6497,yellow,0,False,driver_roi,[]
4730,78.907,True,c8_makeup,0.5748696327209473,0.6497,yellow,0,False,driver_roi,[]
4731,78.924,True,c8_makeup,0.5748696327209473,0.6497,yellow,0,False,driver_roi,[]
4732,78.94,True,c8_makeup,0.5831335783004761,0.6496,yellow,0,False,driver_roi,[]
4733,78.957,True,c8_makeup,0.5831335783004761,0.6496,yellow,0,False,driver_roi,[]
4734,78.974,True,c8_makeup,0.598357617855072,0.6496,yellow,0,False,driver_roi,[]
4735,78.99,True,c8_makeup,0.598357617855072,0.6496,yellow,0,False,driver_roi,[]
4736,79.007,True,c8_makeup,0.617685079574585,0.6496,yellow,0,False,driver_roi,[]
4737,79.024,True,c8_makeup,0.617685079574585,0.6496,yellow,0,False,driver_roi,[]
4738,79.04,True,c8_makeup,0.6273170709609985,0.6495,yellow,0,False,driver_roi,[]
4739,79.057,True,c8_makeup,0.6273170709609985,0.6495,yellow,0,False,driver_roi,[]
4740,79.074,True,c8_makeup,0.6290503740310669,0.6495,yellow,0,False,driver_roi,[]
4741,79.09,True,c8_makeup,0.6290503740310669,0.6495,yellow,0,False,driver_roi,[]
4742,79.107,True,c8_makeup,0.6280016899108887,0.6494,yellow,0,False,driver_roi,[]
4743,79.124,True,c8_makeup,0.6280016899108887,0.6494,yellow,0,False,driver_roi,[]
4744,79.14,True,c8_makeup,0.623385488986969,0.6494,yellow,0,False,driver_roi,[]
4745,79.157,True,c8_makeup,0.623385488986969,0.6494,yellow,0,False,driver_roi,[]
4746,79.174,True,c8_makeup,0.6181966662406921,0.6493,yellow,0,False,driver_roi,[]
4747,79.19,True,c8_makeup,0.6181966662406921,0.6493,yellow,0,False,driver_roi,[]
4748,79.207,True,c8_makeup,0.6194440722465515,0.6492,yellow,0,False,driver_roi,[]
4749,79.224,True,c8_makeup,0.6194440722465515,0.6492,yellow,0,False,driver_roi,[]
4750,79.241,True,c8_makeup,0.620418906211853,0.6491,yellow,0,False,driver_roi,[]
4751,79.257,True,c8_makeup,0.620418906211853,0.6491,yellow,0,False,driver_roi,[]
4752,79.274,True,c8_makeup,0.6444932818412781,0.649,yellow,0,False,driver_roi,[]
4753,79.291,True,c8_makeup,0.6444932818412781,0.649,yellow,0,False,driver_roi,[]
4754,79.307,True,c8_makeup,0.6725596189498901,0.6489,yellow,0,False,driver_roi,[]
4755,79.324,True,c8_makeup,0.6725596189498901,0.6489,yellow,0,False,driver_roi,[]
4756,79.341,True,c8_makeup,0.7118722200393677,0.6683,orange,1,False,driver_roi,[]
4757,79.357,True,c8_makeup,0.7118722200393677,0.6683,orange,1,False,driver_roi,[]
4758,79.374,True,c8_makeup,0.7496746778488159,0.6877,orange,2,False,driver_roi,[]
4759,79.391,True,c8_makeup,0.7496746778488159,0.6877,orange,2,False,driver_roi,[]
4760,79.407,True,c8_makeup,0.790030837059021,0.7072,orange,3,False,driver_roi,[]
4761,79.424,True,c8_makeup,0.790030837059021,0.7072,orange,3,False,driver_roi,[]
4762,79.441,True,c8_makeup,0.8238143920898438,0.7266,orange,4,False,driver_roi,[]
4763,79.457,True,c8_makeup,0.8238143920898438,0.7266,orange,4,False,driver_roi,[]
4764,79.474,True,c8_makeup,0.8466475605964661,0.746,orange,5,False,driver_roi,[]
4765,79.491,True,c8_makeup,0.8466475605964661,0.746,orange,5,False,driver_roi,[]
4766,79.507,True,c8_makeup,0.8497623205184937,0.7654,orange,6,False,driver_roi,[]
4767,79.524,True,c8_makeup,0.8497623205184937,0.7654,orange,6,False,driver_roi,[]
4768,79.541,True,c8_makeup,0.8515837788581848,0.7849,orange,7,False,driver_roi,[]
4769,79.557,True,c8_makeup,0.8515837788581848,0.7849,orange,7,False,driver_roi,[]
4770,79.574,True,c8_makeup,0.8521822094917297,0.8043,orange,8,False,driver_roi,[]
4771,79.591,True,c8_makeup,0.8521822094917297,0.8043,orange,8,False,driver_roi,[]
4772,79.608,True,c8_makeup,0.8527617454528809,0.8238,orange,9,False,driver_roi,[]
4773,79.624,True,c8_makeup,0.8527617454528809,0.8238,orange,9,False,driver_roi,[]
4774,79.641,True,c8_makeup,0.8511543273925781,0.8432,orange,10,False,driver_roi,[]
4775,79.658,True,c8_makeup,0.8511543273925781,0.8432,orange,10,False,driver_roi,[]
4776,79.674,True,c8_makeup,0.8495108485221863,0.8626,red,11,False,driver_roi,[]
4777,79.691,True,c8_makeup,0.8495108485221863,0.8626,red,11,False,driver_roi,[]
4778,79.708,True,c8_makeup,0.8503630757331848,0.8821,red,12,False,driver_roi,[]
4779,79.724,True,c8_makeup,0.8503630757331848,0.8821,red,12,False,driver_roi,[]
4780,79.741,True,c8_makeup,0.8585538864135742,0.9016,red,13,False,driver_roi,[]
4781,79.758,True,c8_makeup,0.8585538864135742,0.9016,red,13,False,driver_roi,[]
4782,79.774,True,c8_makeup,0.865683913230896,0.9211,red,14,False,driver_roi,[]
4783,79.791,True,c8_makeup,0.865683913230896,0.9211,red,14,False,driver_roi,[]
4784,79.808,True,c8_makeup,0.8755613565444946,0.9405,red,15,False,driver_roi,[]
4785,79.824,True,c8_makeup,0.8755613565444946,0.9405,red,15,False,driver_roi,[]
4786,79.841,True,c8_makeup,0.8875767588615417,0.9601,red,16,False,driver_roi,[]
4787,79.858,True,c8_makeup,0.8875767588615417,0.9601,red,16,False,driver_roi,[]
4788,79.874,True,c8_makeup,0.8965736627578735,0.9796,red,17,False,driver_roi,[]
4789,79.891,True,c8_makeup,0.8965736627578735,0.9796,red,17,False,driver_roi,[]
4790,79.908,True,c8_makeup,0.9026772379875183,0.9991,red,18,True,driver_roi,[]
4791,79.924,True,c8_makeup,0.9026772379875183,0.9991,red,18,True,driver_roi,[]
4792,79.941,True,c8_makeup,0.9013091921806335,0.9992,red,19,True,driver_roi,[]
4793,79.958,True,c8_makeup,0.9013091921806335,0.9992,red,19,True,driver_roi,[]
4794,79.975,True,c8_makeup,0.9002262949943542,0.9993,red,20,True,driver_roi,[]
4795,79.991,True,c8_makeup,0.9002262949943542,0.9993,red,20,True,driver_roi,[]
4796,80.008,True,c8_makeup,0.896092414855957,0.9993,red,21,True,driver_roi,[]
4797,80.025,True,c8_makeup,0.896092414855957,0.9993,red,21,True,driver_roi,[]
4798,80.041,True,c8_makeup,0.8920612335205078,0.9994,red,22,True,driver_roi,[]
4799,80.058,True,c8_makeup,0.8920612335205078,0.9994,red,22,True,driver_roi,[]
4800,80.075,True,c8_makeup,0.8865442276000977,0.9994,red,23,True,driver_roi,[]
4801,80.091,True,c8_makeup,0.8865442276000977,0.9994,red,23,True,driver_roi,[]
4802,80.108,True,c8_makeup,0.8826645016670227,0.9994,red,24,True,driver_roi,[]
4803,80.125,True,c8_makeup,0.8826645016670227,0.9994,red,24,True,driver_roi,[]
4804,80.141,True,c8_makeup,0.8783154487609863,0.9995,red,25,True,driver_roi,[]
4805,80.158,True,c8_makeup,0.8783154487609863,0.9995,red,25,True,driver_roi,[]
4806,80.175,True,c8_makeup,0.8738470077514648,0.9995,red,26,True,driver_roi,[]
4807,80.191,True,c8_makeup,0.8738470077514648,0.9995,red,26,True,driver_roi,[]
4808,80.208,True,c8_makeup,0.8669978380203247,0.9996,red,27,True,driver_roi,[]
4809,80.225,True,c8_makeup,0.8669978380203247,0.9996,red,27,True,driver_roi,[]
4810,80.241,True,c8_makeup,0.860334575176239,0.9996,red,28,True,driver_roi,[]
4811,80.258,True,c8_makeup,0.860334575176239,0.9996,red,28,True,driver_roi,[]
4812,80.275,True,c8_makeup,0.8579105138778687,0.9996,red,29,True,driver_roi,[]
4813,80.291,True,c8_makeup,0.8579105138778687,0.9996,red,29,True,driver_roi,[]
4814,80.308,True,c8_makeup,0.8549853563308716,0.9996,red,30,True,driver_roi,[]
4815,80.325,True,c8_makeup,0.8549853563308716,0.9996,red,30,True,driver_roi,[]
4816,80.342,True,c8_makeup,0.8552562594413757,0.9997,red,31,True,driver_roi,[]
4817,80.358,True,c8_makeup,0.8552562594413757,0.9997,red,31,True,driver_roi,[]
4818,80.375,True,c8_makeup,0.8555968999862671,0.9997,red,32,True,driver_roi,[]
4819,80.392,True,c8_makeup,0.8555968999862671,0.9997,red,32,True,driver_roi,[]
4820,80.408,True,c8_makeup,0.8554110527038574,0.9997,red,33,True,driver_roi,[]
4821,80.425,True,c8_makeup,0.8554110527038574,0.9997,red,33,True,driver_roi,[]
4822,80.442,True,c8_makeup,0.8604110479354858,0.9997,red,34,True,driver_roi,[]
4823,80.458,True,c8_makeup,0.8604110479354858,0.9997,red,34,True,driver_roi,[]
4824,80.475,True,c8_makeup,0.8651792407035828,0.9997,red,35,True,driver_roi,[]
4825,80.492,True,c8_makeup,0.8651792407035828,0.9997,red,35,True,driver_roi,[]
4826,80.508,True,c8_makeup,0.8644372224807739,0.9997,red,36,True,driver_roi,[]
4827,80.525,True,c8_makeup,0.8644372224807739,0.9997,red,36,True,driver_roi,[]
4828,80.542,True,c8_makeup,0.8642324209213257,0.9997,red,37,True,driver_roi,[]
4829,80.558,True,c8_makeup,0.8642324209213257,0.9997,red,37,True,driver_roi,[]
4830,80.575,True,c8_makeup,0.862761378288269,0.9997,red,38,True,driver_roi,[]
4831,80.592,True,c8_makeup,0.862761378288269,0.9997,red,38,True,driver_roi,[]
4832,80.608,True,c8_makeup,0.8628084063529968,0.9997,red,39,True,driver_roi,[]
4833,80.625,True,c8_makeup,0.8628084063529968,0.9997,red,39,True,driver_roi,[]
4834,80.642,True,c8_makeup,0.8635821342468262,0.9997,red,40,True,driver_roi,[]
4835,80.658,True,c8_makeup,0.8635821342468262,0.9997,red,40,True,driver_roi,[]
4836,80.675,True,c8_makeup,0.8649359941482544,0.9997,red,41,True,driver_roi,[]
4837,80.692,True,c8_makeup,0.8649359941482544,0.9997,red,41,True,driver_roi,[]
4838,80.709,True,c8_makeup,0.8617877960205078,0.9997,red,42,True,driver_roi,[]
4839,80.725,True,c8_makeup,0.8617877960205078,0.9997,red,42,True,driver_roi,[]
4840,80.742,True,c8_makeup,0.8590923547744751,0.9997,red,43,True,driver_roi,[]
4841,80.759,True,c8_makeup,0.8590923547744751,0.9997,red,43,True,driver_roi,[]
4842,80.775,True,c8_makeup,0.8581256866455078,0.9997,red,44,True,driver_roi,[]
4843,80.792,True,c8_makeup,0.8581256866455078,0.9997,red,44,True,driver_roi,[]
4844,80.809,True,c8_makeup,0.8565746545791626,0.9997,red,45,True,driver_roi,[]
4845,80.825,True,c8_makeup,0.8565746545791626,0.9997,red,45,True,driver_roi,[]
4846,80.842,True,c8_makeup,0.8540778160095215,0.9997,red,46,True,driver_roi,[]
4847,80.859,True,c8_makeup,0.8540778160095215,0.9997,red,46,True,driver_roi,[]
4848,80.875,True,c8_makeup,0.8506676554679871,0.9997,red,47,True,driver_roi,[]
4849,80.892,True,c8_makeup,0.8506676554679871,0.9997,red,47,True,driver_roi,[]
4850,80.909,True,c8_makeup,0.8473984003067017,0.9997,red,48,True,driver_roi,[]
4851,80.925,True,c8_makeup,0.8473984003067017,0.9997,red,48,True,driver_roi,[]
4852,80.942,True,c8_makeup,0.8435176014900208,0.9996,red,49,True,driver_roi,[]
4853,80.959,True,c8_makeup,0.8435176014900208,0.9996,red,49,True,driver_roi,[]
4854,80.975,True,c8_makeup,0.8382340669631958,0.9996,red,50,True,driver_roi,[]
4855,80.992,True,c8_makeup,0.8382340669631958,0.9996,red,50,True,driver_roi,[]
4856,81.009,True,c8_makeup,0.8304936289787292,0.9996,red,51,True,driver_roi,[]
4857,81.025,True,c8_makeup,0.8304936289787292,0.9996,red,51,True,driver_roi,[]
4858,81.042,True,c8_makeup,0.8233073949813843,0.9996,red,52,True,driver_roi,[]
4859,81.059,True,c8_makeup,0.8233073949813843,0.9996,red,52,True,driver_roi,[]
4860,81.076,True,c8_makeup,0.8188649415969849,0.9996,red,53,True,driver_roi,[]
4861,81.092,True,c8_makeup,0.8188649415969849,0.9996,red,53,True,driver_roi,[]
4862,81.109,True,c8_makeup,0.8120489120483398,0.9996,red,54,True,driver_roi,[]
4863,81.126,True,c8_makeup,0.8120489120483398,0.9996,red,54,True,driver_roi,[]
4864,81.142,True,c8_makeup,0.807272732257843,0.9996,red,55,True,driver_roi,[]
4865,81.159,True,c8_makeup,0.807272732257843,0.9996,red,55,True,driver_roi,[]
4866,81.176,True,c8_makeup,0.8045061826705933,0.9996,red,56,True,driver_roi,[]
4867,81.192,True,c8_makeup,0.8045061826705933,0.9996,red,56,True,driver_roi,[]
4868,81.209,True,c8_makeup,0.7998588681221008,0.9995,red,57,True,driver_roi,[]
4869,81.226,True,c8_makeup,0.7998588681221008,0.9995,red,57,True,driver_roi,[]
4870,81.242,True,c8_makeup,0.7956053018569946,0.9995,red,58,True,driver_roi,[]
4871,81.259,True,c8_makeup,0.7956053018569946,0.9995,red,58,True,driver_roi,[]
4872,81.276,True,c8_makeup,0.7937394380569458,0.9995,red,59,True,driver_roi,[]
4873,81.292,True,c8_makeup,0.7937394380569458,0.9995,red,59,True,driver_roi,[]
4874,81.309,True,c8_makeup,0.792473316192627,0.9995,red,60,True,driver_roi,[]
4875,81.326,True,c8_makeup,0.792473316192627,0.9995,red,60,True,driver_roi,[]
4876,81.342,True,c8_makeup,0.7901586294174194,0.9995,red,61,True,driver_roi,[]
4877,81.359,True,c8_makeup,0.7901586294174194,0.9995,red,61,True,driver_roi,[]
4878,81.376,True,c8_makeup,0.7906454801559448,0.9995,red,62,True,driver_roi,[]
4879,81.393,True,c8_makeup,0.7906454801559448,0.9995,red,62,True,driver_roi,[]
4880,81.409,True,c8_makeup,0.7937344908714294,0.9995,red,63,True,driver_roi,[]
4881,81.426,True,c8_makeup,0.7937344908714294,0.9995,red,63,True,driver_roi,[]
4882,81.443,True,c8_makeup,0.7897971868515015,0.9995,red,64,True,driver_roi,[]
4883,81.459,True,c8_makeup,0.7897971868515015,0.9995,red,64,True,driver_roi,[]
4884,81.476,True,c8_makeup,0.7857251167297363,0.9995,red,65,True,driver_roi,[]
4885,81.493,True,c8_makeup,0.7857251167297363,0.9995,red,65,True,driver_roi,[]
4886,81.509,True,c8_makeup,0.7856478095054626,0.9995,red,66,True,driver_roi,[]
4887,81.526,True,c8_makeup,0.7856478095054626,0.9995,red,66,True,driver_roi,[]
4888,81.543,True,c8_makeup,0.7814432382583618,0.9995,red,67,True,driver_roi,[]
4889,81.559,True,c8_makeup,0.7814432382583618,0.9995,red,67,True,driver_roi,[]
4890,81.576,True,c8_makeup,0.778971791267395,0.9995,red,68,True,driver_roi,[]
4891,81.593,True,c8_makeup,0.778971791267395,0.9995,red,68,True,driver_roi,[]
4892,81.609,True,c8_makeup,0.7733826637268066,0.9995,red,69,True,driver_roi,[]
4893,81.626,True,c8_makeup,0.7733826637268066,0.9995,red,69,True,driver_roi,[]
4894,81.643,True,c8_makeup,0.7716420292854309,0.9995,red,70,True,driver_roi,[]
4895,81.659,True,c8_makeup,0.7716420292854309,0.9995,red,70,True,driver_roi,[]
4896,81.676,True,c8_makeup,0.7733358144760132,0.9995,red,71,True,driver_roi,[]
4897,81.693,True,c8_makeup,0.7733358144760132,0.9995,red,71,True,driver_roi,[]
4898,81.709,True,c8_makeup,0.7776986360549927,0.9995,red,72,True,driver_roi,[]
4899,81.726,True,c8_makeup,0.7776986360549927,0.9995,red,72,True,driver_roi,[]
4900,81.743,True,c8_makeup,0.7768009305000305,0.9995,red,73,True,driver_roi,[]
4901,81.76,True,c8_makeup,0.7768009305000305,0.9995,red,73,True,driver_roi,[]
4902,81.776,True,c8_makeup,0.7757014036178589,0.9994,red,74,True,driver_roi,[]
4903,81.793,True,c8_makeup,0.7757014036178589,0.9994,red,74,True,driver_roi,[]
4904,81.81,True,c8_makeup,0.7732856273651123,0.9994,red,75,True,driver_roi,[]
4905,81.826,True,c8_makeup,0.7732856273651123,0.9994,red,75,True,driver_roi,[]
4906,81.843,True,c8_makeup,0.7687880396842957,0.9994,red,76,True,driver_roi,[]
4907,81.86,True,c8_makeup,0.7687880396842957,0.9994,red,76,True,driver_roi,[]
4908,81.876,True,c8_makeup,0.7653404474258423,0.9994,red,77,True,driver_roi,[]
4909,81.893,True,c8_makeup,0.7653404474258423,0.9994,red,77,True,driver_roi,[]
4910,81.91,True,c8_makeup,0.7634093165397644,0.9994,red,78,True,driver_roi,[]
4911,81.926,True,c8_makeup,0.7634093165397644,0.9994,red,78,True,driver_roi,[]
4912,81.943,True,c8_makeup,0.753301739692688,0.9994,red,79,True,driver_roi,[]
4913,81.96,True,c8_makeup,0.753301739692688,0.9994,red,79,True,driver_roi,[]
4914,81.976,True,c8_makeup,0.7402853965759277,0.9993,red,80,True,driver_roi,[]
4915,81.993,True,c8_makeup,0.7402853965759277,0.9993,red,80,True,driver_roi,[]
4916,82.01,True,c8_makeup,0.7249466180801392,0.9993,red,81,True,driver_roi,[]
4917,82.026,True,c8_makeup,0.7249466180801392,0.9993,red,81,True,driver_roi,[]
4918,82.043,True,c8_makeup,0.7154641151428223,0.9993,red,82,True,driver_roi,[]
4919,82.06,True,c8_makeup,0.7154641151428223,0.9993,red,82,True,driver_roi,[]
4920,82.076,True,c8_makeup,0.7031790018081665,0.9992,red,83,True,driver_roi,[]
4921,82.093,True,c8_makeup,0.7031790018081665,0.9992,red,83,True,driver_roi,[]
4922,82.11,True,c8_makeup,0.692607581615448,0.9992,red,82,True,driver_roi,[]
4923,82.127,True,c8_makeup,0.692607581615448,0.9992,red,82,True,driver_roi,[]
4924,82.143,True,c8_makeup,0.6872657537460327,0.9991,red,81,True,driver_roi,[]
4925,82.16,True,c8_makeup,0.6872657537460327,0.9991,red,81,True,driver_roi,[]
4926,82.177,True,c8_makeup,0.6796614527702332,0.9991,red,80,True,driver_roi,[]
4927,82.193,True,c8_makeup,0.6796614527702332,0.9991,red,80,True,driver_roi,[]
4928,82.21,True,c8_makeup,0.6852520704269409,0.9991,red,79,True,driver_roi,[]
4929,82.227,True,c8_makeup,0.6852520704269409,0.9991,red,79,True,driver_roi,[]
4930,82.243,True,c8_makeup,0.6867120862007141,0.999,red,78,True,driver_roi,[]
4931,82.26,True,c8_makeup,0.6867120862007141,0.999,red,78,True,driver_roi,[]
4932,82.277,True,c8_makeup,0.6929702162742615,0.999,red,77,True,driver_roi,[]
4933,82.293,True,c8_makeup,0.6929702162742615,0.999,red,77,True,driver_roi,[]
4934,82.31,True,c8_makeup,0.6852189302444458,0.999,red,76,True,driver_roi,[]
4935,82.327,True,c8_makeup,0.6852189302444458,0.999,red,76,True,driver_roi,[]
4936,82.343,True,c8_makeup,0.6775155067443848,0.999,red,75,True,driver_roi,[]
4937,82.36,True,c8_makeup,0.6775155067443848,0.999,red,75,True,driver_roi,[]
4938,82.377,True,c8_makeup,0.6591948866844177,0.999,red,74,True,driver_roi,[]
4939,82.393,True,c8_makeup,0.6591948866844177,0.999,red,74,True,driver_roi,[]
4940,82.41,True,c8_makeup,0.6392648816108704,0.999,red,73,True,driver_roi,[]
4941,82.427,True,c8_makeup,0.6392648816108704,0.999,red,73,True,driver_roi,[]
4942,82.443,True,c8_makeup,0.619735836982727,0.999,red,72,True,driver_roi,[]
4943,82.46,True,c8_makeup,0.619735836982727,0.999,red,72,True,driver_roi,[]
4944,82.477,True,c8_makeup,0.6085294485092163,0.999,red,71,True,driver_roi,[]
4945,82.494,True,c8_makeup,0.6085294485092163,0.999,red,71,True,driver_roi,[]
4946,82.51,True,c8_makeup,0.5877565741539001,0.9991,red,70,True,driver_roi,[]
4947,82.527,True,c8_makeup,0.5877565741539001,0.9991,red,70,True,driver_roi,[]
4948,82.544,True,c8_makeup,0.5682660937309265,0.9991,red,69,True,driver_roi,[]
4949,82.56,True,c8_makeup,0.5682660937309265,0.9991,red,69,True,driver_roi,[]
4950,82.577,True,c8_makeup,0.5657909512519836,0.9991,red,68,True,driver_roi,[]
4951,82.594,True,c8_makeup,0.5657909512519836,0.9991,red,68,True,driver_roi,[]
4952,82.61,True,c8_makeup,0.5686792731285095,0.9992,red,67,True,driver_roi,[]
4953,82.627,True,c8_makeup,0.5686792731285095,0.9992,red,67,True,driver_roi,[]
4954,82.644,True,c8_makeup,0.5705916285514832,0.9992,red,66,True,driver_roi,[]
4955,82.66,True,c8_makeup,0.5705916285514832,0.9992,red,66,True,driver_roi,[]
4956,82.677,True,c8_makeup,0.5807060599327087,0.9992,red,65,True,driver_roi,[]
4957,82.694,True,c8_makeup,0.5807060599327087,0.9992,red,65,True,driver_roi,[]
4958,82.71,True,c8_makeup,0.589225172996521,0.9989,red,64,True,driver_roi,[]
4959,82.727,True,c8_makeup,0.589225172996521,0.9989,red,64,True,driver_roi,[]
4960,82.744,True,c8_makeup,0.6082724332809448,0.9988,red,63,True,driver_roi,[]
4961,82.76,True,c8_makeup,0.6082724332809448,0.9988,red,63,True,driver_roi,[]
4962,82.777,True,c8_makeup,0.627515435218811,0.9986,red,62,True,driver_roi,[]
4963,82.794,True,c8_makeup,0.627515435218811,0.9986,red,62,True,driver_roi,[]
4964,82.81,True,c8_makeup,0.6445082426071167,0.9986,red,61,True,driver_roi,[]
4965,82.827,True,c8_makeup,0.6445082426071167,0.9986,red,61,True,driver_roi,[]
4966,82.844,True,c8_makeup,0.6586192846298218,0.9986,red,60,True,driver_roi,[]
4967,82.861,True,c8_makeup,0.6586192846298218,0.9986,red,60,True,driver_roi,[]
4968,82.877,True,c8_makeup,0.6675148606300354,0.9986,red,59,True,driver_roi,[]
4969,82.894,True,c8_makeup,0.6675148606300354,0.9986,red,59,True,driver_roi,[]
4970,82.911,True,c8_makeup,0.6747320890426636,0.9986,red,58,True,driver_roi,[]
4971,82.927,True,c8_makeup,0.6747320890426636,0.9986,red,58,True,driver_roi,[]
4972,82.944,True,c8_makeup,0.6769204139709473,0.9986,red,57,True,driver_roi,[]
4973,82.961,True,c8_makeup,0.6769204139709473,0.9986,red,57,True,driver_roi,[]
4974,82.977,True,c8_makeup,0.6891528367996216,0.9987,red,56,True,driver_roi,[]
4975,82.994,True,c8_makeup,0.6891528367996216,0.9987,red,56,True,driver_roi,[]
4976,83.011,True,c8_makeup,0.7041231989860535,0.9987,red,57,True,driver_roi,[]
4977,83.027,True,c8_makeup,0.7041231989860535,0.9987,red,57,True,driver_roi,[]
4978,83.044,True,c8_makeup,0.722987711429596,0.9987,red,58,True,driver_roi,[]
4979,83.061,True,c8_makeup,0.722987711429596,0.9987,red,58,True,driver_roi,[]
4980,83.077,True,c8_makeup,0.7468293309211731,0.9987,red,59,True,driver_roi,[]
4981,83.094,True,c8_makeup,0.7468293309211731,0.9987,red,59,True,driver_roi,[]
4982,83.111,True,c8_makeup,0.7447325587272644,0.9986,red,60,True,driver_roi,[]
4983,83.127,True,c8_makeup,0.7447325587272644,0.9986,red,60,True,driver_roi,[]
4984,83.144,True,c8_makeup,0.7319581508636475,0.9984,red,61,True,driver_roi,[]
4985,83.161,True,c8_makeup,0.7319581508636475,0.9984,red,61,True,driver_roi,[]
4986,83.178,True,c8_makeup,0.7514678239822388,0.9979,red,62,True,driver_roi,[]
4987,83.194,True,c8_makeup,0.7514678239822388,0.9979,red,62,True,driver_roi,[]
4988,83.211,True,c8_makeup,0.7598947882652283,0.9966,red,63,True,driver_roi,[]
4989,83.228,True,c8_makeup,0.7598947882652283,0.9966,red,63,True,driver_roi,[]
4990,83.244,True,c8_makeup,0.7460072636604309,0.9948,red,64,True,driver_roi,[]
4991,83.261,True,c8_makeup,0.7460072636604309,0.9948,red,64,True,driver_roi,[]
4992,83.278,True,c8_makeup,0.7305091619491577,0.9915,red,65,True,driver_roi,[]
4993,83.294,True,c8_makeup,0.7305091619491577,0.9915,red,65,True,driver_roi,[]
4994,83.311,True,c8_makeup,0.71231609582901,0.9884,red,66,True,driver_roi,[]
4995,83.328,True,c8_makeup,0.71231609582901,0.9884,red,66,True,driver_roi,[]
4996,83.344,True,c8_makeup,0.685374915599823,0.9842,red,65,True,driver_roi,[]
4997,83.361,True,c8_makeup,0.685374915599823,0.9842,red,65,True,driver_roi,[]
4998,83.378,True,c8_makeup,0.6539896130561829,0.9799,red,64,True,driver_roi,[]
4999,83.394,True,c8_makeup,0.6539896130561829,0.9799,red,64,True,driver_roi,[]
5000,83.411,True,c8_makeup,0.613418698310852,0.9762,red,63,True,driver_roi,[]
5001,83.428,True,c8_makeup,0.613418698310852,0.9762,red,63,True,driver_roi,[]
5002,83.444,True,c8_makeup,0.5778865814208984,0.9703,red,62,True,driver_roi,[]
5003,83.461,True,c8_makeup,0.5778865814208984,0.9703,red,62,True,driver_roi,[]
5004,83.478,True,c8_makeup,0.5399976968765259,0.9651,red,61,True,driver_roi,[]
5005,83.494,True,c8_makeup,0.5399976968765259,0.9651,red,61,True,driver_roi,[]
5006,83.511,True,c8_makeup,0.4999564290046692,0.9588,red,60,True,driver_roi,[]
5007,83.528,True,c8_makeup,0.4999564290046692,0.9588,red,60,True,driver_roi,[]
5008,83.545,True,c8_makeup,0.4571245610713959,0.9508,red,59,True,driver_roi,[]
5009,83.561,True,c8_makeup,0.4571245610713959,0.9508,red,59,True,driver_roi,[]
5010,83.578,True,c8_makeup,0.4160587191581726,0.9433,red,58,True,driver_roi,[]
5011,83.595,True,c8_makeup,0.4160587191581726,0.9433,red,58,True,driver_roi,[]
5012,83.611,True,c8_makeup,0.3754216432571411,0.934,red,57,True,driver_roi,[]
5013,83.628,True,c8_makeup,0.3754216432571411,0.934,red,57,True,driver_roi,[]
5014,83.645,True,c8_makeup,0.3352479636669159,0.9259,red,56,True,driver_roi,[]
5015,83.661,True,c8_makeup,0.3352479636669159,0.9259,red,56,True,driver_roi,[]
5016,83.678,True,c3_texting_left,0.30340635776519775,0.9173,red,55,True,driver_roi,[]
5017,83.695,True,c3_texting_left,0.30340635776519775,0.9173,red,55,True,driver_roi,[]
5018,83.711,True,c3_texting_left,0.31429678201675415,0.9068,red,54,True,driver_roi,[]
5019,83.728,True,c3_texting_left,0.31429678201675415,0.9068,red,54,True,driver_roi,[]
5020,83.745,True,c3_texting_left,0.3241531550884247,0.8971,red,53,True,driver_roi,[]
5021,83.761,True,c3_texting_left,0.3241531550884247,0.8971,red,53,True,driver_roi,[]
5022,83.778,True,c3_texting_left,0.34558120369911194,0.8911,red,52,True,driver_roi,[]
5023,83.795,True,c3_texting_left,0.34558120369911194,0.8911,red,52,True,driver_roi,[]
5024,83.811,True,c3_texting_left,0.37487393617630005,0.8868,red,51,True,driver_roi,[]
5025,83.828,True,c3_texting_left,0.37487393617630005,0.8868,red,51,True,driver_roi,[]
5026,83.845,True,c3_texting_left,0.40105852484703064,0.8828,red,50,True,driver_roi,[]
5027,83.861,True,c3_texting_left,0.40105852484703064,0.8828,red,50,True,driver_roi,[]
5028,83.878,True,c3_texting_left,0.4171214997768402,0.8755,red,49,True,driver_roi,[]
5029,83.895,True,c3_texting_left,0.4171214997768402,0.8755,red,49,True,driver_roi,[]
5030,83.912,True,c3_texting_left,0.4267885088920593,0.8703,red,48,True,driver_roi,[]
5031,83.928,True,c3_texting_left,0.4267885088920593,0.8703,red,48,True,driver_roi,[]
5032,83.945,True,c3_texting_left,0.43960919976234436,0.8665,red,47,True,driver_roi,[]
5033,83.962,True,c3_texting_left,0.43960919976234436,0.8665,red,47,True,driver_roi,[]
5034,83.978,True,c3_texting_left,0.44635048508644104,0.8627,red,46,True,driver_roi,[]
5035,83.995,True,c3_texting_left,0.44635048508644104,0.8627,red,46,True,driver_roi,[]
5036,84.012,True,c3_texting_left,0.4413088858127594,0.8546,red,45,True,driver_roi,[]
5037,84.028,True,c3_texting_left,0.4413088858127594,0.8546,red,45,True,driver_roi,[]
5038,84.045,True,c3_texting_left,0.43256622552871704,0.8479,orange,44,True,driver_roi,[]
5039,84.062,True,c3_texting_left,0.43256622552871704,0.8479,orange,44,True,driver_roi,[]
5040,84.078,True,c3_texting_left,0.41852086782455444,0.8398,orange,43,True,driver_roi,[]
5041,84.095,True,c3_texting_left,0.41852086782455444,0.8398,orange,43,True,driver_roi,[]
5042,84.112,True,c3_texting_left,0.40892523527145386,0.8346,orange,42,True,driver_roi,[]
5043,84.128,True,c3_texting_left,0.40892523527145386,0.8346,orange,42,True,driver_roi,[]
5044,84.145,True,c3_texting_left,0.40260282158851624,0.8286,orange,41,True,driver_roi,[]
5045,84.162,True,c3_texting_left,0.40260282158851624,0.8286,orange,41,True,driver_roi,[]
5046,84.178,True,c3_texting_left,0.39643731713294983,0.827,orange,40,True,driver_roi,[]
5047,84.195,True,c3_texting_left,0.39643731713294983,0.827,orange,40,True,driver_roi,[]
5048,84.212,True,c3_texting_left,0.3900948464870453,0.8245,orange,39,True,driver_roi,[]
5049,84.228,True,c3_texting_left,0.3900948464870453,0.8245,orange,39,True,driver_roi,[]
5050,84.245,True,c3_texting_left,0.371254026889801,0.8149,orange,38,True,driver_roi,[]
5051,84.262,True,c3_texting_left,0.371254026889801,0.8149,orange,38,True,driver_roi,[]
5052,84.279,True,c3_texting_left,0.3585313856601715,0.8104,orange,37,True,driver_roi,[]
5053,84.295,True,c3_texting_left,0.3585313856601715,0.8104,orange,37,True,driver_roi,[]
5054,84.312,True,c3_texting_left,0.3394860029220581,0.8087,orange,36,True,driver_roi,[]
5055,84.329,True,c3_texting_left,0.3394860029220581,0.8087,orange,36,True,driver_roi,[]
5056,84.345,True,c3_texting_left,0.3238862156867981,0.8074,orange,35,True,driver_roi,[]
5057,84.362,True,c3_texting_left,0.3238862156867981,0.8074,orange,35,True,driver_roi,[]
5058,84.379,True,c3_texting_left,0.31356555223464966,0.809,orange,34,True,driver_roi,[]
5059,84.395,True,c3_texting_left,0.31356555223464966,0.809,orange,34,True,driver_roi,[]
5060,84.412,True,c3_texting_left,0.30499976873397827,0.8109,orange,33,True,driver_roi,[]
5061,84.429,True,c3_texting_left,0.30499976873397827,0.8109,orange,33,True,driver_roi,[]
5062,84.445,True,c9_talking,0.3074483871459961,0.8086,orange,32,True,driver_roi,[]
5063,84.462,True,c9_talking,0.3074483871459961,0.8086,orange,32,True,driver_roi,[]
5064,84.479,True,c9_talking,0.32624441385269165,0.8054,orange,31,True,driver_roi,[]
5065,84.495,True,c9_talking,0.32624441385269165,0.8054,orange,31,True,driver_roi,[]
5066,84.512,True,c9_talking,0.34359103441238403,0.8033,orange,30,True,driver_roi,[]
5067,84.529,True,c9_talking,0.34359103441238403,0.8033,orange,30,True,driver_roi,[]
5068,84.545,True,c9_talking,0.359041690826416,0.8055,orange,29,True,driver_roi,[]
5069,84.562,True,c9_talking,0.359041690826416,0.8055,orange,29,True,driver_roi,[]
5070,84.579,True,c9_talking,0.3675321340560913,0.8075,orange,28,True,driver_roi,[]
5071,84.595,True,c9_talking,0.3675321340560913,0.8075,orange,28,True,driver_roi,[]
5072,84.612,True,c9_talking,0.3713802695274353,0.81,orange,27,True,driver_roi,[]
5073,84.629,True,c9_talking,0.3713802695274353,0.81,orange,27,True,driver_roi,[]
5074,84.646,True,c9_talking,0.37207669019699097,0.8111,orange,26,True,driver_roi,[]
5075,84.662,True,c9_talking,0.37207669019699097,0.8111,orange,26,True,driver_roi,[]
5076,84.679,True,c9_talking,0.36995500326156616,0.818,orange,25,True,driver_roi,[]
5077,84.696,True,c9_talking,0.36995500326156616,0.818,orange,25,True,driver_roi,[]
5078,84.712,True,c9_talking,0.3709471821784973,0.824,orange,24,True,driver_roi,[]
5079,84.729,True,c9_talking,0.3709471821784973,0.824,orange,24,True,driver_roi,[]
5080,84.746,True,c9_talking,0.374323308467865,0.8315,orange,23,True,driver_roi,[]
5081,84.762,True,c9_talking,0.374323308467865,0.8315,orange,23,True,driver_roi,[]
5082,84.779,True,c9_talking,0.36410850286483765,0.8377,orange,22,True,driver_roi,[]
5083,84.796,True,c9_talking,0.36410850286483765,0.8377,orange,22,True,driver_roi,[]
5084,84.812,True,c9_talking,0.356115460395813,0.841,orange,21,True,driver_roi,[]
5085,84.829,True,c9_talking,0.356115460395813,0.841,orange,21,True,driver_roi,[]
5086,84.846,True,c9_talking,0.34710708260536194,0.8397,orange,20,True,driver_roi,[]
5087,84.862,True,c9_talking,0.34710708260536194,0.8397,orange,20,True,driver_roi,[]
5088,84.879,True,c9_talking,0.3471430540084839,0.8399,orange,19,True,driver_roi,[]
5089,84.896,True,c9_talking,0.3471430540084839,0.8399,orange,19,True,driver_roi,[]
5090,84.912,True,c9_talking,0.35595303773880005,0.8497,orange,18,True,driver_roi,[]
5091,84.929,True,c9_talking,0.35595303773880005,0.8497,orange,18,True,driver_roi,[]
5092,84.946,True,c9_talking,0.3642955720424652,0.8356,orange,17,False,driver_roi,[]
5093,84.963,True,c9_talking,0.3642955720424652,0.8356,orange,17,False,driver_roi,[]
5094,84.979,True,c9_talking,0.36331915855407715,0.8155,orange,16,False,driver_roi,[]
5095,84.996,True,c9_talking,0.36331915855407715,0.8155,orange,16,False,driver_roi,[]
5096,85.013,True,c9_talking,0.36311835050582886,0.7964,orange,15,False,driver_roi,[]
5097,85.029,True,c9_talking,0.36311835050582886,0.7964,orange,15,False,driver_roi,[]
5098,85.046,True,c9_talking,0.3552584648132324,0.7767,orange,14,False,driver_roi,[]
5099,85.063,True,c9_talking,0.3552584648132324,0.7767,orange,14,False,driver_roi,[]
5100,85.079,True,c9_talking,0.35046106576919556,0.7574,orange,13,False,driver_roi,[]
5101,85.096,True,c9_talking,0.35046106576919556,0.7574,orange,13,False,driver_roi,[]
5102,85.113,True,c9_talking,0.34663859009742737,0.7382,orange,12,False,driver_roi,[]
5103,85.129,True,c9_talking,0.34663859009742737,0.7382,orange,12,False,driver_roi,[]
5104,85.146,True,c9_talking,0.34442251920700073,0.7192,orange,11,False,driver_roi,[]
5105,85.163,True,c9_talking,0.34442251920700073,0.7192,orange,11,False,driver_roi,[]
5106,85.179,True,c9_talking,0.33567488193511963,0.6981,orange,10,False,driver_roi,[]
5107,85.196,True,c9_talking,0.33567488193511963,0.6981,orange,10,False,driver_roi,[]
5108,85.213,True,c9_talking,0.33314359188079834,0.6763,orange,9,False,driver_roi,[]
5109,85.229,True,c9_talking,0.33314359188079834,0.6763,orange,9,False,driver_roi,[]
5110,85.246,True,c9_talking,0.3324846029281616,0.6548,orange,8,False,driver_roi,[]
5111,85.263,True,c9_talking,0.3324846029281616,0.6548,orange,8,False,driver_roi,[]
5112,85.279,True,c9_talking,0.32621854543685913,0.6339,yellow,7,False,driver_roi,[]
5113,85.296,True,c9_talking,0.32621854543685913,0.6339,yellow,7,False,driver_roi,[]
5114,85.313,True,c9_talking,0.32217246294021606,0.6136,yellow,6,False,driver_roi,[]
5115,85.33,True,c9_talking,0.32217246294021606,0.6136,yellow,6,False,driver_roi,[]
5116,85.346,True,c9_talking,0.3259318768978119,0.593,yellow,5,False,driver_roi,[]
5117,85.363,True,c9_talking,0.3259318768978119,0.593,yellow,5,False,driver_roi,[]
5118,85.38,True,c9_talking,0.32772108912467957,0.5741,yellow,4,False,driver_roi,[]
5119,85.396,True,c9_talking,0.32772108912467957,0.5741,yellow,4,False,driver_roi,[]
5120,85.413,True,c9_talking,0.3218247890472412,0.5528,yellow,3,False,driver_roi,[]
5121,85.43,True,c9_talking,0.3218247890472412,0.5528,yellow,3,False,driver_roi,[]
5122,85.446,True,c9_talking,0.3221309781074524,0.5339,yellow,2,False,driver_roi,[]
5123,85.463,True,c9_talking,0.3221309781074524,0.5339,yellow,2,False,driver_roi,[]
5124,85.48,True,c9_talking,0.3207792341709137,0.5196,yellow,1,False,driver_roi,[]
5125,85.496,True,c9_talking,0.3207792341709137,0.5196,yellow,1,False,driver_roi,[]
5126,85.513,True,c9_talking,0.31504857540130615,0.5068,yellow,0,False,driver_roi,[]
5127,85.53,True,c9_talking,0.31504857540130615,0.5068,yellow,0,False,driver_roi,[]
5128,85.546,True,c9_talking,0.306561142206192,0.5146,yellow,0,False,driver_roi,[]
5129,85.563,True,c9_talking,0.306561142206192,0.5146,yellow,0,False,driver_roi,[]
5130,85.58,True,c9_talking,0.29795506596565247,0.5188,yellow,0,False,driver_roi,[]
5131,85.596,True,c9_talking,0.29795506596565247,0.5188,yellow,0,False,driver_roi,[]
5132,85.613,True,c5_radio,0.3021751046180725,0.5242,yellow,0,False,driver_roi,[]
5133,85.63,True,c5_radio,0.3021751046180725,0.5242,yellow,0,False,driver_roi,[]
5134,85.646,True,c5_radio,0.31456977128982544,0.5314,yellow,0,False,driver_roi,[]
5135,85.663,True,c5_radio,0.31456977128982544,0.5314,yellow,0,False,driver_roi,[]
5136,85.68,True,c5_radio,0.32852503657341003,0.5376,yellow,0,False,driver_roi,[]
5137,85.697,True,c5_radio,0.32852503657341003,0.5376,yellow,0,False,driver_roi,[]
5138,85.713,True,c5_radio,0.3384668231010437,0.5425,yellow,0,False,driver_roi,[]
5139,85.73,True,c5_radio,0.3384668231010437,0.5425,yellow,0,False,driver_roi,[]
5140,85.747,True,c5_radio,0.3467259407043457,0.5462,yellow,0,False,driver_roi,[]
5141,85.763,True,c5_radio,0.3467259407043457,0.5462,yellow,0,False,driver_roi,[]
5142,85.78,True,c5_radio,0.3571259379386902,0.5506,yellow,0,False,driver_roi,[]
5143,85.797,True,c5_radio,0.3571259379386902,0.5506,yellow,0,False,driver_roi,[]
5144,85.813,True,c5_radio,0.36773842573165894,0.5536,yellow,0,False,driver_roi,[]
5145,85.83,True,c5_radio,0.36773842573165894,0.5536,yellow,0,False,driver_roi,[]
5146,85.847,True,c5_radio,0.3687225580215454,0.5586,yellow,0,False,driver_roi,[]
5147,85.863,True,c5_radio,0.3687225580215454,0.5586,yellow,0,False,driver_roi,[]
5148,85.88,True,c5_radio,0.369966059923172,0.5618,yellow,0,False,driver_roi,[]
5149,85.897,True,c5_radio,0.369966059923172,0.5618,yellow,0,False,driver_roi,[]
5150,85.913,True,c5_radio,0.36635851860046387,0.5624,yellow,0,False,driver_roi,[]
5151,85.93,True,c5_radio,0.36635851860046387,0.5624,yellow,0,False,driver_roi,[]
5152,85.947,True,c5_radio,0.36762914061546326,0.5627,yellow,0,False,driver_roi,[]
5153,85.963,True,c5_radio,0.36762914061546326,0.5627,yellow,0,False,driver_roi,[]
5154,85.98,True,c5_radio,0.3623890280723572,0.5634,yellow,0,False,driver_roi,[]
5155,85.997,True,c5_radio,0.3623890280723572,0.5634,yellow,0,False,driver_roi,[]
5156,86.013,True,c5_radio,0.3561810851097107,0.5643,yellow,0,False,driver_roi,[]
5157,86.03,True,c5_radio,0.3561810851097107,0.5643,yellow,0,False,driver_roi,[]
5158,86.047,True,c5_radio,0.34871116280555725,0.5634,yellow,0,False,driver_roi,[]
5159,86.064,True,c5_radio,0.34871116280555725,0.5634,yellow,0,False,driver_roi,[]
5160,86.08,True,c5_radio,0.34012240171432495,0.5647,yellow,0,False,driver_roi,[]
5161,86.097,True,c5_radio,0.34012240171432495,0.5647,yellow,0,False,driver_roi,[]
5162,86.114,True,c5_radio,0.3246481418609619,0.5631,yellow,0,False,driver_roi,[]
5163,86.13,True,c5_radio,0.3246481418609619,0.5631,yellow,0,False,driver_roi,[]
5164,86.147,True,c5_radio,0.3065832853317261,0.5598,yellow,0,False,driver_roi,[]
5165,86.164,True,c5_radio,0.3065832853317261,0.5598,yellow,0,False,driver_roi,[]
5166,86.18,True,c9_talking,0.3168519139289856,0.5562,yellow,0,False,driver_roi,[]
5167,86.197,True,c9_talking,0.3168519139289856,0.5562,yellow,0,False,driver_roi,[]
5168,86.214,True,c9_talking,0.3279151916503906,0.5543,yellow,0,False,driver_roi,[]
5169,86.23,True,c9_talking,0.3279151916503906,0.5543,yellow,0,False,driver_roi,[]
5170,86.247,True,c9_talking,0.338282972574234,0.5509,yellow,0,False,driver_roi,[]
5171,86.264,True,c9_talking,0.338282972574234,0.5509,yellow,0,False,driver_roi,[]
5172,86.28,True,c9_talking,0.35110029578208923,0.5485,yellow,0,False,driver_roi,[]
5173,86.297,True,c9_talking,0.35110029578208923,0.5485,yellow,0,False,driver_roi,[]
5174,86.314,True,c9_talking,0.355241596698761,0.5457,yellow,0,False,driver_roi,[]
5175,86.33,True,c9_talking,0.355241596698761,0.5457,yellow,0,False,driver_roi,[]
5176,86.347,True,c9_talking,0.3535129427909851,0.5459,yellow,0,False,driver_roi,[]
5177,86.364,True,c9_talking,0.3535129427909851,0.5459,yellow,0,False,driver_roi,[]
5178,86.38,True,c9_talking,0.35316067934036255,0.5457,yellow,0,False,driver_roi,[]
5179,86.397,True,c9_talking,0.35316067934036255,0.5457,yellow,0,False,driver_roi,[]
5180,86.414,True,c9_talking,0.3534094989299774,0.5453,yellow,0,False,driver_roi,[]
5181,86.431,True,c9_talking,0.3534094989299774,0.5453,yellow,0,False,driver_roi,[]
5182,86.447,True,c9_talking,0.3533918559551239,0.5457,yellow,0,False,driver_roi,[]
5183,86.464,True,c9_talking,0.3533918559551239,0.5457,yellow,0,False,driver_roi,[]
5184,86.481,True,c9_talking,0.3460533320903778,0.5467,yellow,0,False,driver_roi,[]
5185,86.497,True,c9_talking,0.3460533320903778,0.5467,yellow,0,False,driver_roi,[]
5186,86.514,True,c9_talking,0.3398938775062561,0.546,yellow,0,False,driver_roi,[]
5187,86.531,True,c9_talking,0.3398938775062561,0.546,yellow,0,False,driver_roi,[]
5188,86.547,True,c9_talking,0.3283366560935974,0.5476,yellow,0,False,driver_roi,[]
5189,86.564,True,c9_talking,0.3283366560935974,0.5476,yellow,0,False,driver_roi,[]
5190,86.581,True,c5_radio,0.3255026340484619,0.5505,yellow,0,False,driver_roi,[]
5191,86.597,True,c5_radio,0.3255026340484619,0.5505,yellow,0,False,driver_roi,[]
5192,86.614,True,c5_radio,0.3459235429763794,0.5533,yellow,0,False,driver_roi,[]
5193,86.631,True,c5_radio,0.3459235429763794,0.5533,yellow,0,False,driver_roi,[]
5194,86.647,True,c5_radio,0.364655464887619,0.5558,yellow,0,False,driver_roi,[]
5195,86.664,True,c5_radio,0.364655464887619,0.5558,yellow,0,False,driver_roi,[]
5196,86.681,True,c5_radio,0.38110172748565674,0.5571,yellow,0,False,driver_roi,[]
5197,86.697,True,c5_radio,0.38110172748565674,0.5571,yellow,0,False,driver_roi,[]
5198,86.714,True,c5_radio,0.3961220979690552,0.5574,yellow,0,False,driver_roi,[]
5199,86.731,True,c5_radio,0.3961220979690552,0.5574,yellow,0,False,driver_roi,[]
5200,86.747,True,c5_radio,0.407848060131073,0.5568,yellow,0,False,driver_roi,[]
5201,86.764,True,c5_radio,0.407848060131073,0.5568,yellow,0,False,driver_roi,[]
5202,86.781,True,c5_radio,0.4184170365333557,0.5564,yellow,0,False,driver_roi,[]
5203,86.798,True,c5_radio,0.4184170365333557,0.5564,yellow,0,False,driver_roi,[]
5204,86.814,True,c5_radio,0.430720716714859,0.5561,yellow,0,False,driver_roi,[]
5205,86.831,True,c5_radio,0.430720716714859,0.5561,yellow,0,False,driver_roi,[]
5206,86.848,True,c5_radio,0.44756919145584106,0.5554,yellow,0,False,driver_roi,[]
5207,86.864,True,c5_radio,0.44756919145584106,0.5554,yellow,0,False,driver_roi,[]
5208,86.881,True,c5_radio,0.45849934220314026,0.5539,yellow,0,False,driver_roi,[]
5209,86.898,True,c5_radio,0.45849934220314026,0.5539,yellow,0,False,driver_roi,[]
5210,86.914,True,c5_radio,0.4712377190589905,0.5556,yellow,0,False,driver_roi,[]
5211,86.931,True,c5_radio,0.4712377190589905,0.5556,yellow,0,False,driver_roi,[]
5212,86.948,True,c5_radio,0.47730040550231934,0.5568,yellow,0,False,driver_roi,[]
5213,86.964,True,c5_radio,0.47730040550231934,0.5568,yellow,0,False,driver_roi,[]
5214,86.981,True,c5_radio,0.47961872816085815,0.5582,yellow,0,False,driver_roi,[]
5215,86.998,True,c5_radio,0.47961872816085815,0.5582,yellow,0,False,driver_roi,[]
5216,87.014,True,c5_radio,0.47473350167274475,0.5572,yellow,0,False,driver_roi,[]
5217,87.031,True,c5_radio,0.47473350167274475,0.5572,yellow,0,False,driver_roi,[]
5218,87.048,True,c5_radio,0.46714162826538086,0.558,yellow,0,False,driver_roi,[]
5219,87.064,True,c5_radio,0.46714162826538086,0.558,yellow,0,False,driver_roi,[]
5220,87.081,True,c5_radio,0.45995503664016724,0.5592,yellow,0,False,driver_roi,[]
5221,87.098,True,c5_radio,0.45995503664016724,0.5592,yellow,0,False,driver_roi,[]
5222,87.115,True,c5_radio,0.448228120803833,0.5598,yellow,0,False,driver_roi,[]
5223,87.131,True,c5_radio,0.448228120803833,0.5598,yellow,0,False,driver_roi,[]
5224,87.148,True,c5_radio,0.43419989943504333,0.5597,yellow,0,False,driver_roi,[]
5225,87.165,True,c5_radio,0.43419989943504333,0.5597,yellow,0,False,driver_roi,[]
5226,87.181,True,c5_radio,0.41930633783340454,0.5609,yellow,0,False,driver_roi,[]
5227,87.198,True,c5_radio,0.41930633783340454,0.5609,yellow,0,False,driver_roi,[]
5228,87.215,True,c5_radio,0.409229576587677,0.5622,yellow,0,False,driver_roi,[]
5229,87.231,True,c5_radio,0.409229576587677,0.5622,yellow,0,False,driver_roi,[]
5230,87.248,True,c5_radio,0.41089972853660583,0.5623,yellow,0,False,driver_roi,[]
5231,87.265,True,c5_radio,0.41089972853660583,0.5623,yellow,0,False,driver_roi,[]
5232,87.281,True,c5_radio,0.4162169098854065,0.563,yellow,0,False,driver_roi,[]
5233,87.298,True,c5_radio,0.4162169098854065,0.563,yellow,0,False,driver_roi,[]
5234,87.315,True,c5_radio,0.425959050655365,0.5644,yellow,0,False,driver_roi,[]
5235,87.331,True,c5_radio,0.425959050655365,0.5644,yellow,0,False,driver_roi,[]
5236,87.348,True,c5_radio,0.4303281307220459,0.5666,yellow,0,False,driver_roi,[]
5237,87.365,True,c5_radio,0.4303281307220459,0.5666,yellow,0,False,driver_roi,[]
5238,87.381,True,c5_radio,0.43148860335350037,0.5698,yellow,0,False,driver_roi,[]
5239,87.398,True,c5_radio,0.43148860335350037,0.5698,yellow,0,False,driver_roi,[]
5240,87.415,True,c5_radio,0.4292214810848236,0.5735,yellow,0,False,driver_roi,[]
5241,87.431,True,c5_radio,0.4292214810848236,0.5735,yellow,0,False,driver_roi,[]
5242,87.448,True,c5_radio,0.4347814917564392,0.5787,yellow,0,False,driver_roi,[]
5243,87.465,True,c5_radio,0.4347814917564392,0.5787,yellow,0,False,driver_roi,[]
5244,87.482,True,c5_radio,0.4387499690055847,0.5837,yellow,0,False,driver_roi,[]
5245,87.498,True,c5_radio,0.4387499690055847,0.5837,yellow,0,False,driver_roi,[]
5246,87.515,True,c5_radio,0.4324502944946289,0.5885,yellow,0,False,driver_roi,[]
5247,87.532,True,c5_radio,0.4324502944946289,0.5885,yellow,0,False,driver_roi,[]
5248,87.548,True,c5_radio,0.4379139840602875,0.5926,yellow,0,False,driver_roi,[]
5249,87.565,True,c5_radio,0.4379139840602875,0.5926,yellow,0,False,driver_roi,[]
5250,87.582,True,c5_radio,0.443629652261734,0.5959,yellow,0,False,driver_roi,[]
5251,87.598,True,c5_radio,0.443629652261734,0.5959,yellow,0,False,driver_roi,[]
5252,87.615,True,c5_radio,0.45427265763282776,0.5988,yellow,0,False,driver_roi,[]
5253,87.632,True,c5_radio,0.45427265763282776,0.5988,yellow,0,False,driver_roi,[]
5254,87.648,True,c5_radio,0.46489009261131287,0.6011,yellow,0,False,driver_roi,[]
5255,87.665,True,c5_radio,0.46489009261131287,0.6011,yellow,0,False,driver_roi,[]
5256,87.682,True,c5_radio,0.47470393776893616,0.6019,yellow,0,False,driver_roi,[]
5257,87.698,True,c5_radio,0.47470393776893616,0.6019,yellow,0,False,driver_roi,[]
5258,87.715,True,c5_radio,0.47208037972450256,0.6012,yellow,0,False,driver_roi,[]
5259,87.732,True,c5_radio,0.47208037972450256,0.6012,yellow,0,False,driver_roi,[]
5260,87.748,True,c5_radio,0.4802885949611664,0.6018,yellow,0,False,driver_roi,[]
5261,87.765,True,c5_radio,0.4802885949611664,0.6018,yellow,0,False,driver_roi,[]
5262,87.782,True,c5_radio,0.49936729669570923,0.6029,yellow,0,False,driver_roi,[]
5263,87.798,True,c5_radio,0.49936729669570923,0.6029,yellow,0,False,driver_roi,[]
5264,87.815,True,c5_radio,0.505307674407959,0.6038,yellow,0,False,driver_roi,[]
5265,87.832,True,c5_radio,0.505307674407959,0.6038,yellow,0,False,driver_roi,[]
5266,87.849,True,c5_radio,0.5055544376373291,0.6041,yellow,0,False,driver_roi,[]
5267,87.865,True,c5_radio,0.5055544376373291,0.6041,yellow,0,False,driver_roi,[]
5268,87.882,True,c5_radio,0.5065903067588806,0.604,yellow,0,False,driver_roi,[]
5269,87.899,True,c5_radio,0.5065903067588806,0.604,yellow,0,False,driver_roi,[]
5270,87.915,True,c5_radio,0.4956251084804535,0.6049,yellow,0,False,driver_roi,[]
5271,87.932,True,c5_radio,0.4956251084804535,0.6049,yellow,0,False,driver_roi,[]
5272,87.949,True,c5_radio,0.484706312417984,0.6043,yellow,0,False,driver_roi,[]
5273,87.965,True,c5_radio,0.484706312417984,0.6043,yellow,0,False,driver_roi,[]
5274,87.982,True,c5_radio,0.466216504573822,0.6042,yellow,0,False,driver_roi,[]
5275,87.999,True,c5_radio,0.466216504573822,0.6042,yellow,0,False,driver_roi,[]
5276,88.015,True,c5_radio,0.4560520648956299,0.6034,yellow,0,False,driver_roi,[]
5277,88.032,True,c5_radio,0.4560520648956299,0.6034,yellow,0,False,driver_roi,[]
5278,88.049,True,c5_radio,0.4553225040435791,0.6033,yellow,0,False,driver_roi,[]
5279,88.065,True,c5_radio,0.4553225040435791,0.6033,yellow,0,False,driver_roi,[]
5280,88.082,True,c5_radio,0.4546480178833008,0.6025,yellow,0,False,driver_roi,[]
5281,88.099,True,c5_radio,0.4546480178833008,0.6025,yellow,0,False,driver_roi,[]
5282,88.115,True,c5_radio,0.4414494037628174,0.601,yellow,0,False,driver_roi,[]
5283,88.132,True,c5_radio,0.4414494037628174,0.601,yellow,0,False,driver_roi,[]
5284,88.149,True,c5_radio,0.42825430631637573,0.6006,yellow,0,False,driver_roi,[]
5285,88.165,True,c5_radio,0.42825430631637573,0.6006,yellow,0,False,driver_roi,[]
5286,88.182,True,c5_radio,0.42332443594932556,0.6008,yellow,0,False,driver_roi,[]
5287,88.199,True,c5_radio,0.42332443594932556,0.6008,yellow,0,False,driver_roi,[]
5288,88.216,True,c5_radio,0.40949732065200806,0.6012,yellow,0,False,driver_roi,[]
5289,88.232,True,c5_radio,0.40949732065200806,0.6012,yellow,0,False,driver_roi,[]
5290,88.249,True,c5_radio,0.38968169689178467,0.6009,yellow,0,False,driver_roi,[]
5291,88.266,True,c5_radio,0.38968169689178467,0.6009,yellow,0,False,driver_roi,[]
5292,88.282,True,c5_radio,0.36615848541259766,0.6013,yellow,0,False,driver_roi,[]
5293,88.299,True,c5_radio,0.36615848541259766,0.6013,yellow,0,False,driver_roi,[]
5294,88.316,True,c5_radio,0.3405437469482422,0.6028,yellow,0,False,driver_roi,[]
5295,88.332,True,c5_radio,0.3405437469482422,0.6028,yellow,0,False,driver_roi,[]
5296,88.349,True,c5_radio,0.320364773273468,0.6058,yellow,0,False,driver_roi,[]
5297,88.366,True,c5_radio,0.320364773273468,0.6058,yellow,0,False,driver_roi,[]
5298,88.382,True,c3_texting_left,0.3259579539299011,0.6095,yellow,0,False,driver_roi,[]
5299,88.399,True,c3_texting_left,0.3259579539299011,0.6095,yellow,0,False,driver_roi,[]
5300,88.416,True,c3_texting_left,0.3703131675720215,0.6118,yellow,0,False,driver_roi,[]
5301,88.432,True,c3_texting_left,0.3703131675720215,0.6118,yellow,0,False,driver_roi,[]
5302,88.449,True,c3_texting_left,0.40263479948043823,0.6123,yellow,0,False,driver_roi,[]
5303,88.466,True,c3_texting_left,0.40263479948043823,0.6123,yellow,0,False,driver_roi,[]
5304,88.482,True,c3_texting_left,0.4204099774360657,0.612,yellow,0,False,driver_roi,[]
5305,88.499,True,c3_texting_left,0.4204099774360657,0.612,yellow,0,False,driver_roi,[]
5306,88.516,True,c3_texting_left,0.44193235039711,0.6131,yellow,0,False,driver_roi,[]
5307,88.532,True,c3_texting_left,0.44193235039711,0.6131,yellow,0,False,driver_roi,[]
5308,88.549,True,c3_texting_left,0.4568087160587311,0.6148,yellow,0,False,driver_roi,[]
5309,88.566,True,c3_texting_left,0.4568087160587311,0.6148,yellow,0,False,driver_roi,[]
5310,88.583,True,c3_texting_left,0.46366825699806213,0.6156,yellow,0,False,driver_roi,[]
5311,88.599,True,c3_texting_left,0.46366825699806213,0.6156,yellow,0,False,driver_roi,[]
5312,88.616,True,c3_texting_left,0.46923646330833435,0.6171,yellow,0,False,driver_roi,[]
5313,88.633,True,c3_texting_left,0.46923646330833435,0.6171,yellow,0,False,driver_roi,[]
5314,88.649,True,c3_texting_left,0.4614957273006439,0.6171,yellow,0,False,driver_roi,[]
5315,88.666,True,c3_texting_left,0.4614957273006439,0.6171,yellow,0,False,driver_roi,[]
5316,88.683,True,c3_texting_left,0.45661625266075134,0.6191,yellow,0,False,driver_roi,[]
5317,88.699,True,c3_texting_left,0.45661625266075134,0.6191,yellow,0,False,driver_roi,[]
5318,88.716,True,c3_texting_left,0.4572366178035736,0.6207,yellow,0,False,driver_roi,[]
5319,88.733,True,c3_texting_left,0.4572366178035736,0.6207,yellow,0,False,driver_roi,[]
5320,88.749,True,c3_texting_left,0.45139941573143005,0.622,yellow,0,False,driver_roi,[]
5321,88.766,True,c3_texting_left,0.45139941573143005,0.622,yellow,0,False,driver_roi,[]
5322,88.783,True,c3_texting_left,0.43353214859962463,0.6229,yellow,0,False,driver_roi,[]
5323,88.799,True,c3_texting_left,0.43353214859962463,0.6229,yellow,0,False,driver_roi,[]
5324,88.816,True,c3_texting_left,0.41064348816871643,0.6214,yellow,0,False,driver_roi,[]
5325,88.833,True,c3_texting_left,0.41064348816871643,0.6214,yellow,0,False,driver_roi,[]
5326,88.849,True,c5_radio,0.4040602743625641,0.6214,yellow,0,False,driver_roi,[]
5327,88.866,True,c5_radio,0.4040602743625641,0.6214,yellow,0,False,driver_roi,[]
5328,88.883,True,c5_radio,0.42271584272384644,0.6215,yellow,0,False,driver_roi,[]
5329,88.9,True,c5_radio,0.42271584272384644,0.6215,yellow,0,False,driver_roi,[]
5330,88.916,True,c5_radio,0.44875723123550415,0.6225,yellow,0,False,driver_roi,[]
5331,88.933,True,c5_radio,0.44875723123550415,0.6225,yellow,0,False,driver_roi,[]
5332,88.95,True,c5_radio,0.48443761467933655,0.6231,yellow,0,False,driver_roi,[]
5333,88.966,True,c5_radio,0.48443761467933655,0.6231,yellow,0,False,driver_roi,[]
5334,88.983,True,c5_radio,0.5143657326698303,0.6235,yellow,0,False,driver_roi,[]
5335,89.0,True,c5_radio,0.5143657326698303,0.6235,yellow,0,False,driver_roi,[]
5336,89.016,True,c5_radio,0.5454387664794922,0.6232,yellow,0,False,driver_roi,[]
5337,89.033,True,c5_radio,0.5454387664794922,0.6232,yellow,0,False,driver_roi,[]
5338,89.05,True,c5_radio,0.5835893750190735,0.6229,yellow,0,False,driver_roi,[]
5339,89.066,True,c5_radio,0.5835893750190735,0.6229,yellow,0,False,driver_roi,[]
5340,89.083,True,c5_radio,0.6093701124191284,0.6213,yellow,0,False,driver_roi,[]
5341,89.1,True,c5_radio,0.6093701124191284,0.6213,yellow,0,False,driver_roi,[]
5342,89.116,True,c5_radio,0.6337791681289673,0.6213,yellow,0,False,driver_roi,[]
5343,89.133,True,c5_radio,0.6337791681289673,0.6213,yellow,0,False,driver_roi,[]
5344,89.15,True,c5_radio,0.6577688455581665,0.6229,yellow,0,False,driver_roi,[]
5345,89.166,True,c5_radio,0.6577688455581665,0.6229,yellow,0,False,driver_roi,[]
5346,89.183,True,c5_radio,0.6790095567703247,0.6238,yellow,0,False,driver_roi,[]
5347,89.2,True,c5_radio,0.6790095567703247,0.6238,yellow,0,False,driver_roi,[]
5348,89.216,True,c5_radio,0.6812902092933655,0.6236,yellow,0,False,driver_roi,[]
5349,89.233,True,c5_radio,0.6812902092933655,0.6236,yellow,0,False,driver_roi,[]
5350,89.25,True,c5_radio,0.6844977140426636,0.624,yellow,0,False,driver_roi,[]
5351,89.267,True,c5_radio,0.6844977140426636,0.624,yellow,0,False,driver_roi,[]
5352,89.283,True,c5_radio,0.6868554353713989,0.6242,yellow,0,False,driver_roi,[]
5353,89.3,True,c5_radio,0.6868554353713989,0.6242,yellow,0,False,driver_roi,[]
5354,89.317,True,c5_radio,0.6870495676994324,0.6248,yellow,0,False,driver_roi,[]
5355,89.333,True,c5_radio,0.6870495676994324,0.6248,yellow,0,False,driver_roi,[]
5356,89.35,True,c5_radio,0.6748477816581726,0.6237,yellow,0,False,driver_roi,[]
5357,89.367,True,c5_radio,0.6748477816581726,0.6237,yellow,0,False,driver_roi,[]
5358,89.383,True,c5_radio,0.6651004552841187,0.6224,yellow,0,False,driver_roi,[]
5359,89.4,True,c5_radio,0.6651004552841187,0.6224,yellow,0,False,driver_roi,[]
5360,89.417,True,c5_radio,0.6665548086166382,0.6227,yellow,0,False,driver_roi,[]
